keyword,judul,tanggal,sumber,source_url,url_google,url_resolved,konten,authors,to_lowercase,before_stopwords,n_before_stopwords,after_stopwords,n_after_stopwords,after_lemmatization
Makan Bergizi Gratis,Prabowo Tanya Buruh di May Day: MBG Bermanfaat atau Tidak? - detikNews,"Fri, 01 May 2026 05:49:30 GMT",detikNews,https://news.detik.com,https://news.google.com/rss/articles/CBMinAFBVV95cUxPNENTYV9saVFwX1RYWm9OSjVXV0hQcGFVMHRnMzh0MmpPR0dxV0tSbTBVcE5WWXYyc3YxUm1vb3BuTkJIOFdKYzNIYjdUVTU2RWRVTk9kNlB0ZUljUXhHREhSWVpLSmZwOVRlTXBfMWE2WXlzYjJmWC12SjNXVDBTdjkxSHVvWHd0aWxqSW9zc1RLTnZfZ29kTkwxamHSAaIBQVVfeXFMT1c4NkVndFBfWEZhTGIwa0daVVJlZndjdFZxdXZRTHhIMXBBazU2d2NwMVhXN0s4QkltRkp6UXVmMkxwbjJmODQyOU1NTG14LWNkd1MweFhEMXhSR3dKb1JSWlZfUVdLdlFzazFhWEtWZmNIQTJSZzJqb2NYblFHMEhnUHNobkEtSmswQTlrR1dzZ1U0RjUxT09Nd3NiOG5XY2pR?oc=5,https://news.detik.com/berita/d-8469929/prabowo-tanya-buruh-di-may-day-mbg-bermanfaat-atau-tidak,"Presiden Prabowo Subiantosempat menanyakan kebermanfaatan program Makan Bergizi Gratis (MBG) kepada para buruh. Dia menekankan program andalannya itu penting bagi generasi ke depan.
Hal itu disampaikan Prabowo saat berpidato di depan massa aksi Hari Buruh Internasional atau May Day di Monas, Jakarta Pusat, Jumat (1/5/2026). Prabowo memastikan pemerintahannya memberikan perlindungan sosial kepada masyarakat berpenghasilan rendah.
""Kita juga beri perlindungan sosial yang sangat besar. Tahun ini kita berikan untuk rakyat berpenghasilan rendah sebesar Rp 500 triliun,"" kata Prabowo dalam pidatonya.
""Kita juga beri MBG. Saya tanya ke saudara-saudara, MBG bermanfaat atau tidak?"" tanya Prabowo disambut sahutan massa buruh.
Prabowo menekankan pentingnya pemenuhan gizi kepada anak-anak untuk mengatasi stunting. Di sisi lain, dia menyebutkan MBG juga membangkitkan sektor ekonomi.
""MBG itu sangat penting untuk anak-anak kita. Saudara-saudara sekalian anak-anak kita banyak yang mengalami kurang gizi, badannya kecil, selnya tidak berkembang. Dengan MBG, ekonomi kita hidup di mana-mana,"" ujarnya.
Prabowo mengatakan dampak ekonomi dari program MBG dirasakan hingga kaum petani. Dia optimistis program ini membawa Indonesia lebih maju.
""Rakyat butuh telur, rakyat butuh daging, sayur, susu, ikan, ekonomi kita hidup petani dapat penghasilan, saudara-saudara sekalian. Uang ini semua beredar. Indonesia tambah sejahtera,"" ucap Prabowo.
Simak Video 'Prabowo Tawarkan Kaum Buruh Daycare dan Rumah di Kawasan Pabrik':
[Gambas:Video 20detik]",Firda Cynthia Anggrainy,"presiden prabowo subiantosempat menanyakan kebermanfaatan program makan bergizi gratis (mbg) kepada para buruh. dia menekankan program andalannya itu penting bagi generasi ke depan.
hal itu disampaikan prabowo saat berpidato di depan massa aksi hari buruh internasional atau may day di monas, jakarta pusat, jumat (1/5/2026). prabowo memastikan pemerintahannya memberikan perlindungan sosial kepada masyarakat berpenghasilan rendah.
""kita juga beri perlindungan sosial yang sangat besar. tahun ini kita berikan untuk rakyat berpenghasilan rendah sebesar rp 500 triliun,"" kata prabowo dalam pidatonya.
""kita juga beri mbg. saya tanya ke saudara-saudara, mbg bermanfaat atau tidak?"" tanya prabowo disambut sahutan massa buruh.
prabowo menekankan pentingnya pemenuhan gizi kepada anak-anak untuk mengatasi stunting. di sisi lain, dia menyebutkan mbg juga membangkitkan sektor ekonomi.
""mbg itu sangat penting untuk anak-anak kita. saudara-saudara sekalian anak-anak kita banyak yang mengalami kurang gizi, badannya kecil, selnya tidak berkembang. dengan mbg, ekonomi kita hidup di mana-mana,"" ujarnya.
prabowo mengatakan dampak ekonomi dari program mbg dirasakan hingga kaum petani. dia optimistis program ini membawa indonesia lebih maju.
""rakyat butuh telur, rakyat butuh daging, sayur, susu, ikan, ekonomi kita hidup petani dapat penghasilan, saudara-saudara sekalian. uang ini semua beredar. indonesia tambah sejahtera,"" ucap prabowo.
simak video 'prabowo tawarkan kaum buruh daycare dan rumah di kawasan pabrik':
[gambas:video 20detik]",presiden prabowo subiantosempat menanyakan kebermanfaatan program makan bergizi gratis mbg kepada para buruh dia menekankan program andalannya itu penting bagi generasi ke depan hal itu disampaikan prabowo saat berpidato di depan massa aksi hari buruh internasional atau may day di monas jakarta pusat jumat prabowo memastikan pemerintahannya memberikan perlindungan sosial kepada masyarakat berpenghasilan rendah kita juga beri perlindungan sosial yang sangat besar tahun ini kita berikan untuk rakyat berpenghasilan rendah sebesar rp triliun kata prabowo dalam pidatonya kita juga beri mbg saya tanya ke saudara saudara mbg bermanfaat atau tidak tanya prabowo disambut sahutan massa buruh prabowo menekankan pentingnya pemenuhan gizi kepada anak anak untuk mengatasi stunting di sisi lain dia menyebutkan mbg juga membangkitkan sektor ekonomi mbg itu sangat penting untuk anak anak kita saudara saudara sekalian anak anak kita banyak yang mengalami kurang gizi badannya kecil selnya tidak berkembang dengan mbg ekonomi kita hidup di mana mana ujarnya prabowo mengatakan dampak ekonomi dari program mbg dirasakan hingga kaum petani dia optimistis program ini membawa indonesia lebih maju rakyat butuh telur rakyat butuh daging sayur susu ikan ekonomi kita hidup petani dapat penghasilan saudara saudara sekalian uang ini semua beredar indonesia tambah sejahtera ucap prabowo simak video prabowo tawarkan kaum buruh daycare dan rumah di kawasan pabrik gambas video detik,211,presiden prabowo subiantosempat kebermanfaatan program makan bergizi gratis buruh menekankan program andalannya generasi prabowo berpidato massa aksi buruh internasional may day monas jakarta pusat jumat prabowo pemerintahannya perlindungan sosial masyarakat berpenghasilan rendah perlindungan sosial rakyat berpenghasilan rendah triliun prabowo pidatonya bermanfaat prabowo disambut sahutan massa buruh prabowo menekankan pemenuhan gizi anak anak mengatasi stunting sisi membangkitkan ekonomi anak anak anak anak gizi badannya selnya berkembang ekonomi hidup prabowo dampak ekonomi program dirasakan kaum petani optimistis program membawa indonesia maju rakyat butuh telur rakyat butuh daging sayur susu ikan ekonomi hidup petani penghasilan uang beredar indonesia sejahtera prabowo simak video prabowo tawarkan kaum buruh daycare rumah kawasan pabrik gambas video detik,110,presiden prabowo subiantosempat manfaat program makan gizi gratis buruh tekan program andal generasi prabowo pidato massa aksi buruh internasional may day monas jakarta pusat jumat prabowo perintah lindung sosial masyarakat hasil rendah lindung sosial rakyat hasil rendah triliun prabowo pidato manfaat prabowo sambut sahut massa buruh prabowo tekan penuh gizi anak anak atas stunting sisi bangkit ekonomi anak anak anak anak gizi badan sel kembang ekonomi hidup prabowo dampak ekonomi program rasa kaum tani optimistis program bawa indonesia maju rakyat butuh telur rakyat butuh daging sayur susu ikan ekonomi hidup tani hasil uang edar indonesia sejahtera prabowo simak video prabowo tawar kaum buruh daycare rumah kawasan pabrik gambas video detik
Makan Bergizi Gratis,"Kampus diminta 'terlibat aktif' bangun dapur MBG, bagi-bagi proyek? - BBC","Fri, 01 May 2026 07:39:41 GMT",BBC,https://www.bbc.com,https://news.google.com/rss/articles/CBMiYEFVX3lxTFBrMWlhVUN1UHZ1VG1lM2NHSEdaQW5YWXRRM285YVBsZGZ4cVFqM2hWYWt5SXltQ0QzUjNPTmU1ckJ4U25lNHU1dzdhQnk2M0Z4ZGo3blRrOHhxZ09oYmlLRtIBZkFVX3lxTE5XdGxZYU05UDMzd3RUUjY4bnQ4WVFSeFRNYUwwNmc0R25qNF9YQk9raXhmRWh5S2ZkaVRuS3ZXMTVybVgtWXFodkhNV3dIa2NfWXhjS1ZtYTViNTd3alMtak9LNkF2Zw?oc=5,https://www.bbc.com/indonesia/articles/c5y8jyg2eyqo,"Sumber gambar,ANTARA FOTO/Adeng Bustomi
Keterlibatan perguruan tinggi dalam program makan bergizi gratis dianggap sebagai upaya ""membungkam suara-suara kritis"" terhadap proyek yang dianggap bermasalah ini.
Sebelumnya, Menteri Pendidikan Tinggi Riset dan Teknologi, Brian Yuliarto, mengatakan kampus harus terlibat aktif dan tidak hanya menjadi penonton dalam program pemerintah, khususnya terkait pembentukan Satuan Pemenuhan Pelayanan Gizi (SPPG).
Salah satu perguruan tinggi negeri yang baru-baru ini meresmikan dapur MBG adalah Universitas Hasanuddin, Makassar.
Wakil Yayasan Metavisi Akademik Nusantara, La Halisu, berkata keterlibatan pihaknya dalam program ini berawal dari permintaan pemerintah.
Dalam proses verifikasi, yayasan di bawah naungan Unhas ini dianggap mampu lantaran memiliki lahan kosong, sumber daya, serta kemampuan finansial. Hingga akhirnya dikontrak oleh BGN.
Jauh sebelum terjun ke MBG, perguruan tinggi juga telah ""digoda"" dengan pemberiankonsesi tambang.
Mengapa, keterlibatan kampus dalam proyek makan bergizi gratis dianggap tak lebih dari sekadar ""bagi-bagi proyek""?
Peresmian dapur MBG milik Universitas Hasanuddin berlangsung pada Selasa (28/04)—yang dihadiri oleh Kepala Badan Gizi Nasional (BGN) Dadan Hindayana, Mendikti Saintek Brian Yuliarto, Gubernur Sulawesi Selatan Andi Sudirman Sulaiman, Rektor Unhas Jamaluddin Jompa, dan rektor dari beberapa perguruan tinggi di Indonesia serta jajaran pimpinan kampus.
Akhir dari Paling banyak dibaca
Kepala BGN, Dadan Hindayana, menyebut Unhas menjadi Perguruan Tinggi Negeri Berbadan Hukum (PTN-BH) pertama yang memiliki SPPG di Indonesia Timur.
Ia berharap Unhas tidak hanya berperan sebagai pengelola dapur, tapi menyediakan rantai pasokan secara mandiri.
Dan, dengan keterlibatan perguruan tinggi Dadan juga berharap dapat menghasilkan program MBG yang lebih baik serta berkualitas.
""Bapak Rektor ini sangat progresif, inovatif, dan luar biasa dalam membangun SPPG karena sangat gesit dalam mendukung program makan bergizi gratis,"" kataDadansambil menambahkan SPPG tersebut juga menyediakan pengolahan air yang sudah siap minum.
Sumber gambar,IDENTITAS/Fathimah Nur Khalidah Rahman
BBC News Indonesia mengunjungi dapur Tamalanrea 14 milik Unhas yang berlokasi di Kecamatan Tamalanrea.
Bangunan dengan luas 20x15 meter persegi ini berada di belakang masjid yang ada di dalam kampus Unhas.
Di dalamnya, sudah ada berbagai macam peralatan untuk memproduksi makanan, tempat pencucian bahan baku, lemari pendingin, alat masak hingga wadah ompreng.
Wakil Yayasan Metavisi Akademik Nusantara, La Halisu, menjelaskan proses pendirian dapur ini berlangsung sejak Oktober 2025. Itu artinya, pengerjaan tidak sampai tujuh bulan.
Yayasan ini, katanya, telah lama dibentuk Unhas dan mulanya berfokus pada bidang pendidikan. Meski, tak pernah bersinggungan dengan tata boga, dia mengklaim program MBG masih sejalan dengan tujuan pendirian yayasan.
Sumber gambar,SPPG Unhas Tim Production
Soal penerima manfaat, ada sembilan sekolah, yang terdiri dari: enam TK, satu SD, satu SMP, dan satu SMA.
""Itu bukan pihak kampus yang menentukan (sasaran penerima manfaat), tapi BGN. Total seluruhnya ada 2.500 orang setiap hari,"" imbuhnya.
Pekerja di dapur ini berjumlah 20 orang. Mereka berasal dari masyarakat sekitar kampus dan bertugas sebagai: penerima barang, persiapan, produksi, pemorsian, distribusi, pencucian ompreng, keamanan.
Untuk bahan baku, Halisu bilang pihak yayasan memanfaatkan sumber daya yang terdapat di sejumlah fakultas. Semisal, di Fakultas Pertanian, terdapat sayur mayur, buah-buahan, dan beras. Di Fakultas Peternakan tersedia telur, ayam, dan daging.
Sumber gambar,BBC Indonesia
""Semua bahan-bahan tadi, yang bisa diproduksi Unhas, maka kami akan maksimalkan untuk digunakan di dapur,"" ucapnya kendati mengakui bahwa bahan baku dari Unhas belum mencukupi untuk seluruh penerima manfaat.
Ia menuturkan keterlibatan Unhas dalam proyek MBG bermula dari permintaan pemerintah agar pihaknya ikut ""menjalankan program"" tersebut.
Dalam proses verifikasi, Unhas dianggap mampu lantaran memiliki lahan kosong, sumber daya, serta kemampuan finansial. Hingga akhirnya dikontrak oleh BGN.
Unhas sendiri menerima permintaan itu karena bisa memberikan kontribusi nyata kepada masyarakat.
""Di sisi lain, kami punya profesionalisme untuk mengelola yayasan sehingga dianggap mampu menjalankan kerjasama antara BGN dengan pemerintah dan Unhas.""
""Ada dua sisi yang sama-sama punya kepentingan,"" cetusnya.
Sumber gambar,BBC Indonesia
Menteri Pendidikan Tinggi, Sains, dan Teknologi, Brian Yuliarto, bilang fasilitas dapur MBG yang dibangun Unhas bisa ditiru alias menjadi contoh konkret peran perguruan tinggi dalam mendukung program prioritas pemerintah. Sekaligus, memperkuat posisi kampus sebagai institusi mandiri.
Ia pun menegaskan perguruan tinggi tidak cukup hanya menjadi penonton, tapi harus terlibat langsung dalam implementasi kebijakan, termasuk soal pemenuhan gizi masyarakat.
Menurut Brian, SPPG di Unhas akan dikembangkan sebagaiteaching factoryyang mendukung praktik dan riset mahasiswa. Dapur ini juga diproyeksikan sebagai pusat pengembangan sistem MBG yang bisa direplikasi secara lebih luas.
""SPPG ini nantinya bisa menjadi tempat praktik, penelitian, dan pengembangan lebih lanjut program MBG,"" katanya.
Sumber gambar,BBC Indonesia
Liputan mendalam BBC News Indonesia langsung di WhatsApp Anda.
Klik di sini
Akhir dari Whatsapp
Ketua Majelis Rektor Perguruan Tinggi Negeri Indonesia (MRPTNI), Eduart Wolok, menuturkan keterlibatan kampus negeri dalam program MBG sebetulnya sudah dibicarakan kira-kira dua bulan lalu dalam diskusi terbatas antara Mendikti Saintek dengan sejumlah rektor.
Dalam pembicaraan itu, muncul bahasan soal program andalan Presiden Prabowo Subianto yang banyak menuai protes dari masyarakat. Padahal, klaimnya, niatan Presiden sesungguhnya baik.
""Pak Menteri lalu mengatakan, bagaimana kalau misalnya kampus bisa melaksanakan sekaligus mencontohkan yang baik. Bukan hanya (mendirikan) dapur yang layak, tapi menyediakan makanan bergizi dengan harga yang relatif murah,"" ujar Eduart kepada BBC News Indonesia, Rabu (30/04).
Permintaan itu, sambungnya, disambut dengan tangan terbuka. Apalagi, menurutnya, beberapa kampus memiliki sumber daya—program jurusan—yang pas terkait gizi. Tak cuma itu, ia mengklaim kampus juga mempunyai data penerima manfaat.
Kelebihan lain, keberadaan dapur MBG bisa menjadi sarana untuk magang para mahasiswa dan dapat menganalisis dampak dari program ini di suatu daerah maupun sekolah.
Berangkat dari situ, sejumlah kampus yang menaungi yayasan mengajukan diri untuk membuka dapur MBG. Ada pula yang disebutnya ""mendapat penugasan"".
Sejauh ini, katanya, baru Universitas Hasanuddin yang meresmikan SPPG.
Akhir dari content
Ketua Umum Asosiasi Perguruan Tinggi Swasta Indonesia (APTISI), Budi Djatmiko, mengaku tidak tahu adanya pembahasan seperti disebut Eduart Wolok.
Tapi sejak dua tahun lalu, beberapa yayasan yang dimiliki perguruan tinggi swasta sudah menjadi pengelola dapur MBG. Semisal, Universitas Logistik dan Bisnis Internasional (ULBI) di Bandung dan Universitas Narotama di Surabaya.
Kedua kampus tersebut mengajukan diri karena, klaimnya, punya lahan yang cukup luas untuk mendirikan dapur MBG dan sejalan dengan program studi di kampus tersebut.
""Ibaratnya kampus harus ada semacam laboratorium, dengan memanfaatkan (program MBG) bisa mengintegrasikan akademik dengan inovasi,"" ucapnya kepada BBC News Indonesia.
""Mahasiswa di ULBI kan mempelajari masalah logistik, pengiriman, dan lain sebagainya. Jadi anak-anak itu bisa praktik kerja di sana.""
Sumber gambar,BBC Indonesia
Uang untuk mendirikan dapur MBG tersebut menggunakan dana investor. Tidak ada sama sekali pemberian dari pemerintah, klaimnya. Hanya saja, karena yayasan belum berpengalaman di bidang tata boga, mereka merekrut ""orang-orang yang berlatar belakang di bidang katering.""
Sasaran atau penerima dari dapur-dapur itu adalah anak-anak SD, SMP, SMA yang dekat dengan lingkungan kampus.
Terlepas dari itu, baik Eduart Wolok dan Budi Djatmiko berkata kampus akan tetap kritis terhadap kebijakan pemerintah, termasuk MBG.
""Kritis itu kan bukan berarti harus tidak sepaham, bisa saja sepaham tetapi perlu bagaimana cara agar lebih optimal, misalnya,"" ujar Eduart Wolok.
Masalahnya, keterlibatan kampus dalam program MBG dianggap sebagai upaya ""membungkam suara-suara kritis"" terhadap proyek bermasalah ini, kata pengamat pendidikan dari Universitas Paramadina, Totok Amin Soefijanto.
Kalaupun ada suara kritis dari kampus, Totok berpandangan, tidak akan setajam seperti yang seharusnya. Perguruan tinggi yang sejatinya berperan menyuarakan kebenaran, bakal bermain aman lantaran sudah ""terkooptasi"" oleh uang hasil proyek pemerintah.
""Misalnya saya jadi konsultan pemerintah dan dibayar, tapi dibilang boleh tetap kritis, apakah saya bisa melakukan itu?"" tanyanya.
""Saya tidak yakin.""
Sumber gambar,ANTARA FOTO/Sulthony Hasanuddin
Totok juga menilai program MBG sudah menjadi alat pencari popularitas presiden. Sehingga siapa saja yang mengkritisi program ini akan diberikan ""porsi"" berupa dapur MBG yang bersumber dari anggaran negara sebesar Rp335 triliun.
Itu mengapa, dia menilai keterlibatan kampus dalam proyek MBG tak lebih dari sekadar ""bagi-bagi proyek"".
""Jadi ini seperti bagi-bagi proyek saja,"" cetusnya.
""Kampus memang punya kemampuan atau memiliki jurusan yang kaitannya dengan gizi, nutrisi, pangan. Tetapi, apakah motifnya murni untuk akademik,"" sambungnya.
""Perguruan tinggi sudah punya tupoksi sendiri, dan saya kira kalau sesuai dengan bidangnya ya kenapa tidak. Masalahnya, seolah-olah ini dijadikan bagi-bagi proyek supaya berkurang kritikannya.""
Karena itulah, Totok menyarankan kampus negeri maupun swasta agar berpikir dua kali untuk terlibat dalam proyek tersebut. Apalagi, beberapa kajian dan fakta di lapangan membuktikan program ini bermasalah.
""Jadi banyak masalah, kalau kampus ikut ambil bagian, itu kayak menambah masalah. Kecuali kampus punya kontrol yang lebih besar dalam proses tata kelola dan segala macam.""
""Tapi, program MBG ini sangattop-down, seandainya ada problem akan ditanggung oleh kampus. Ibaratnya tidak ikut membuat keputusan, tapi ketimpa masalah.""
Sumber gambar,ANTARA FOTO/Fakhri Hermansyah
Sebagaimana diketahui, kasus keracunan menjadi persoalan yang paling banyak disorot. Jaringan Pemantau Pendidikan Indonesia (JPPI) mencatat sejak awal 2025 hingga April 2026, setidaknya ada 33.626 pelajar mengalami keracunan yang diduga terkait MBG.
Selain itu, lembaga Indonesia Corruption Watch (ICW) menemukan ada seratusan yayasan atau mitra SPPG yang mendapatkan proyek tersebut karena diduga punya koneksi dengan lingkaran pejabat.
Terbaru, ICW mendapati adanya dugaanmarkupanggaran terkait harga bahan pangan, praktik monopoli pemasok bahan baku, keterlibatan pihak berpengaruh dalam rantai pasok, hingga pengadaan fiktif.
BBC News Indonesiaturut merekam suara-suara penolakan masyarakat terhadap pendirian dapur MBG lantaran dianggap mengganggu kenyamanan warga, mencemari lingkungan, dan minim keterlibatan pelaku usaha mikro dan warga sebagai pekerja dapur.
Sejumlah pekerja di dapur MBG bahkan mengaku tidak pernah mendapatkan kontrak kerja tertulis, tidak memperoleh uang lembur, kelebihan jam kerja, dan tak ada jaminan BPJS.
Peneliti dari Indonesia Corruption Watch (ICW), Seira Tamara, juga menilai tidak ada relevansinya institusi pendidikan menjadi penyedia Satuan Pemenuhan Pelayanan Gizi (SPPG).
Sama halnya, ketika Polri dan TNI membuka ribuan dapur MBG.
""Padahal tugas utama mereka di penegakan hukum yang masih membutuhkan pembenahan, tapi malah diberikan kerjasama di luar tupoksinya,"" ujar Seira kepada BBC News Indonesia.
Sumber gambar,ANTARA FOTO/Makna Zaezar
""Apakah (kampus terlibat dalam MBG) bentuk pengejawantahan dari pemikiran BGN, karena anggaran MBG diambil dari dana pendidikan, maka jadi cocok untuk kerjasama.""
Ketimbang memaksakan diri menjadi pengelola dapur MBG, perguruan tinggi sebaiknya fokus pada upaya mendesak pemerintah menyejahterakan guru dan dosen, memperbaiki kualitas sarana-prasarana pendidikan, dan sebagainya.
Termasuk, mencari jalan keluar dari wacana pemerintah yang ingin menghapus jurusan perkuliahan yang dianggap tidak relevan dengan kebutuhan industri.
""Itu aspek-aspek penting untuk dibenahi dalam payung besar permasalahan pendidikan.""
""Sudah terlalu banyak akrobatik program MBG ini, yang mana lagi-lagi sangat jauh dari tujuan awalnya untuk meningkatkan kualitas gizi.""
Akhir dari content
Terlepas dari itu, ICW juga mengkritik keputusan Kepala BGN, Dadan Hindayana, yang menyatakan bakal tetap memberikan insentif harian sebesar Rp6 juta kepada dapur-dapur yang ditutup sementara.
Hal itu dia sampaikan saat meninjau SPPG Unhas, Selasa (28/04).
""Untuk yang (ditutup) sementara itu tetap diberi (insentif). Karena dia harus mengurus yang lain-lain,"" kata Dadan.
Saat ini, ada 1.720 SPPG yang ditutup sementara. Ia menyebut, jumlah itu turun dibandingkan SPPG yang telah ditutup sejak awal April lalu. Sebagian besar penutupan dilakukan karena tidak adanya sistem instalasi pengolahan air limbah.
Selain itu, belum ada sertifikat laik higienis sanitasi (SLHS).
Seira berkata, keputusan pemberian insentif itu sangat tidak masuk akal dan menunjukkan Kepala BGN Dadan Hindayana melanggar aturannya sendiri.
Sumber gambar,ANTARA FOTO/Ari Bowo Sucipto
Merujuk pada Keputusan Kepala Badan Gizi Nasional Nomor tentang Petunjuk Teknis Tata Kelola Penyelenggaraan Program MBG Tahun Anggaran 2026, disebutkan bahwa insentif berupa Rp6 juta per hari diberikan kepada SPPG yang memenuhi standar kapasitas dan spesifikasi teknis yang ditetapkan oleh BGN.
Ketika, SPPG tersebut ditutup karena tidak memenuhi standar dan spesifikasi BGN, maka itu artinya mereka tidak berhak mendapatkan insentif.
""Dari situ harusnya sudah sangat mudah untuk melihat bahwa tidak ada lagi justifikasi memberikan insentif Rp6 juta tersebut.""
""Jadi, pernyataan Kepala BGN tidak ada dasar hukumnya. Dia berpotensi membuang anggaran negara yang sangat besar dan tidak jelas peruntukannya untuk apa.""
Perhitungan kasarnya, anggaran yang dibuang percuma dari pemberian insentif itu bisa mencapai Rp10,32 miliar per hari.
Atas dasar itulah, dia menilai Komisi Pemberantasan Korupsi (KPK) bisa bergerak melakukan penyelidikan atas indikasi ""pelanggaran penggunaan anggaran negara"" tersebut.
Wartawan Muhammad Aidil di Makassar berkontribusi untuk laporan ini.",,"sumber gambar,antara foto/adeng bustomi
keterlibatan perguruan tinggi dalam program makan bergizi gratis dianggap sebagai upaya ""membungkam suara-suara kritis"" terhadap proyek yang dianggap bermasalah ini.
sebelumnya, menteri pendidikan tinggi riset dan teknologi, brian yuliarto, mengatakan kampus harus terlibat aktif dan tidak hanya menjadi penonton dalam program pemerintah, khususnya terkait pembentukan satuan pemenuhan pelayanan gizi (sppg).
salah satu perguruan tinggi negeri yang baru-baru ini meresmikan dapur mbg adalah universitas hasanuddin, makassar.
wakil yayasan metavisi akademik nusantara, la halisu, berkata keterlibatan pihaknya dalam program ini berawal dari permintaan pemerintah.
dalam proses verifikasi, yayasan di bawah naungan unhas ini dianggap mampu lantaran memiliki lahan kosong, sumber daya, serta kemampuan finansial. hingga akhirnya dikontrak oleh bgn.
jauh sebelum terjun ke mbg, perguruan tinggi juga telah ""digoda"" dengan pemberiankonsesi tambang.
mengapa, keterlibatan kampus dalam proyek makan bergizi gratis dianggap tak lebih dari sekadar ""bagi-bagi proyek""?
peresmian dapur mbg milik universitas hasanuddin berlangsung pada selasa (28/04)—yang dihadiri oleh kepala badan gizi nasional (bgn) dadan hindayana, mendikti saintek brian yuliarto, gubernur sulawesi selatan andi sudirman sulaiman, rektor unhas jamaluddin jompa, dan rektor dari beberapa perguruan tinggi di indonesia serta jajaran pimpinan kampus.
akhir dari paling banyak dibaca
kepala bgn, dadan hindayana, menyebut unhas menjadi perguruan tinggi negeri berbadan hukum (ptn-bh) pertama yang memiliki sppg di indonesia timur.
ia berharap unhas tidak hanya berperan sebagai pengelola dapur, tapi menyediakan rantai pasokan secara mandiri.
dan, dengan keterlibatan perguruan tinggi dadan juga berharap dapat menghasilkan program mbg yang lebih baik serta berkualitas.
""bapak rektor ini sangat progresif, inovatif, dan luar biasa dalam membangun sppg karena sangat gesit dalam mendukung program makan bergizi gratis,"" katadadansambil menambahkan sppg tersebut juga menyediakan pengolahan air yang sudah siap minum.
sumber gambar,identitas/fathimah nur khalidah rahman
bbc news indonesia mengunjungi dapur tamalanrea 14 milik unhas yang berlokasi di kecamatan tamalanrea.
bangunan dengan luas 20x15 meter persegi ini berada di belakang masjid yang ada di dalam kampus unhas.
di dalamnya, sudah ada berbagai macam peralatan untuk memproduksi makanan, tempat pencucian bahan baku, lemari pendingin, alat masak hingga wadah ompreng.
wakil yayasan metavisi akademik nusantara, la halisu, menjelaskan proses pendirian dapur ini berlangsung sejak oktober 2025. itu artinya, pengerjaan tidak sampai tujuh bulan.
yayasan ini, katanya, telah lama dibentuk unhas dan mulanya berfokus pada bidang pendidikan. meski, tak pernah bersinggungan dengan tata boga, dia mengklaim program mbg masih sejalan dengan tujuan pendirian yayasan.
sumber gambar,sppg unhas tim production
soal penerima manfaat, ada sembilan sekolah, yang terdiri dari: enam tk, satu sd, satu smp, dan satu sma.
""itu bukan pihak kampus yang menentukan (sasaran penerima manfaat), tapi bgn. total seluruhnya ada 2.500 orang setiap hari,"" imbuhnya.
pekerja di dapur ini berjumlah 20 orang. mereka berasal dari masyarakat sekitar kampus dan bertugas sebagai: penerima barang, persiapan, produksi, pemorsian, distribusi, pencucian ompreng, keamanan.
untuk bahan baku, halisu bilang pihak yayasan memanfaatkan sumber daya yang terdapat di sejumlah fakultas. semisal, di fakultas pertanian, terdapat sayur mayur, buah-buahan, dan beras. di fakultas peternakan tersedia telur, ayam, dan daging.
sumber gambar,bbc indonesia
""semua bahan-bahan tadi, yang bisa diproduksi unhas, maka kami akan maksimalkan untuk digunakan di dapur,"" ucapnya kendati mengakui bahwa bahan baku dari unhas belum mencukupi untuk seluruh penerima manfaat.
ia menuturkan keterlibatan unhas dalam proyek mbg bermula dari permintaan pemerintah agar pihaknya ikut ""menjalankan program"" tersebut.
dalam proses verifikasi, unhas dianggap mampu lantaran memiliki lahan kosong, sumber daya, serta kemampuan finansial. hingga akhirnya dikontrak oleh bgn.
unhas sendiri menerima permintaan itu karena bisa memberikan kontribusi nyata kepada masyarakat.
""di sisi lain, kami punya profesionalisme untuk mengelola yayasan sehingga dianggap mampu menjalankan kerjasama antara bgn dengan pemerintah dan unhas.""
""ada dua sisi yang sama-sama punya kepentingan,"" cetusnya.
sumber gambar,bbc indonesia
menteri pendidikan tinggi, sains, dan teknologi, brian yuliarto, bilang fasilitas dapur mbg yang dibangun unhas bisa ditiru alias menjadi contoh konkret peran perguruan tinggi dalam mendukung program prioritas pemerintah. sekaligus, memperkuat posisi kampus sebagai institusi mandiri.
ia pun menegaskan perguruan tinggi tidak cukup hanya menjadi penonton, tapi harus terlibat langsung dalam implementasi kebijakan, termasuk soal pemenuhan gizi masyarakat.
menurut brian, sppg di unhas akan dikembangkan sebagaiteaching factoryyang mendukung praktik dan riset mahasiswa. dapur ini juga diproyeksikan sebagai pusat pengembangan sistem mbg yang bisa direplikasi secara lebih luas.
""sppg ini nantinya bisa menjadi tempat praktik, penelitian, dan pengembangan lebih lanjut program mbg,"" katanya.
sumber gambar,bbc indonesia
liputan mendalam bbc news indonesia langsung di whatsapp anda.
klik di sini
akhir dari whatsapp
ketua majelis rektor perguruan tinggi negeri indonesia (mrptni), eduart wolok, menuturkan keterlibatan kampus negeri dalam program mbg sebetulnya sudah dibicarakan kira-kira dua bulan lalu dalam diskusi terbatas antara mendikti saintek dengan sejumlah rektor.
dalam pembicaraan itu, muncul bahasan soal program andalan presiden prabowo subianto yang banyak menuai protes dari masyarakat. padahal, klaimnya, niatan presiden sesungguhnya baik.
""pak menteri lalu mengatakan, bagaimana kalau misalnya kampus bisa melaksanakan sekaligus mencontohkan yang baik. bukan hanya (mendirikan) dapur yang layak, tapi menyediakan makanan bergizi dengan harga yang relatif murah,"" ujar eduart kepada bbc news indonesia, rabu (30/04).
permintaan itu, sambungnya, disambut dengan tangan terbuka. apalagi, menurutnya, beberapa kampus memiliki sumber daya—program jurusan—yang pas terkait gizi. tak cuma itu, ia mengklaim kampus juga mempunyai data penerima manfaat.
kelebihan lain, keberadaan dapur mbg bisa menjadi sarana untuk magang para mahasiswa dan dapat menganalisis dampak dari program ini di suatu daerah maupun sekolah.
berangkat dari situ, sejumlah kampus yang menaungi yayasan mengajukan diri untuk membuka dapur mbg. ada pula yang disebutnya ""mendapat penugasan"".
sejauh ini, katanya, baru universitas hasanuddin yang meresmikan sppg.
akhir dari content
ketua umum asosiasi perguruan tinggi swasta indonesia (aptisi), budi djatmiko, mengaku tidak tahu adanya pembahasan seperti disebut eduart wolok.
tapi sejak dua tahun lalu, beberapa yayasan yang dimiliki perguruan tinggi swasta sudah menjadi pengelola dapur mbg. semisal, universitas logistik dan bisnis internasional (ulbi) di bandung dan universitas narotama di surabaya.
kedua kampus tersebut mengajukan diri karena, klaimnya, punya lahan yang cukup luas untuk mendirikan dapur mbg dan sejalan dengan program studi di kampus tersebut.
""ibaratnya kampus harus ada semacam laboratorium, dengan memanfaatkan (program mbg) bisa mengintegrasikan akademik dengan inovasi,"" ucapnya kepada bbc news indonesia.
""mahasiswa di ulbi kan mempelajari masalah logistik, pengiriman, dan lain sebagainya. jadi anak-anak itu bisa praktik kerja di sana.""
sumber gambar,bbc indonesia
uang untuk mendirikan dapur mbg tersebut menggunakan dana investor. tidak ada sama sekali pemberian dari pemerintah, klaimnya. hanya saja, karena yayasan belum berpengalaman di bidang tata boga, mereka merekrut ""orang-orang yang berlatar belakang di bidang katering.""
sasaran atau penerima dari dapur-dapur itu adalah anak-anak sd, smp, sma yang dekat dengan lingkungan kampus.
terlepas dari itu, baik eduart wolok dan budi djatmiko berkata kampus akan tetap kritis terhadap kebijakan pemerintah, termasuk mbg.
""kritis itu kan bukan berarti harus tidak sepaham, bisa saja sepaham tetapi perlu bagaimana cara agar lebih optimal, misalnya,"" ujar eduart wolok.
masalahnya, keterlibatan kampus dalam program mbg dianggap sebagai upaya ""membungkam suara-suara kritis"" terhadap proyek bermasalah ini, kata pengamat pendidikan dari universitas paramadina, totok amin soefijanto.
kalaupun ada suara kritis dari kampus, totok berpandangan, tidak akan setajam seperti yang seharusnya. perguruan tinggi yang sejatinya berperan menyuarakan kebenaran, bakal bermain aman lantaran sudah ""terkooptasi"" oleh uang hasil proyek pemerintah.
""misalnya saya jadi konsultan pemerintah dan dibayar, tapi dibilang boleh tetap kritis, apakah saya bisa melakukan itu?"" tanyanya.
""saya tidak yakin.""
sumber gambar,antara foto/sulthony hasanuddin
totok juga menilai program mbg sudah menjadi alat pencari popularitas presiden. sehingga siapa saja yang mengkritisi program ini akan diberikan ""porsi"" berupa dapur mbg yang bersumber dari anggaran negara sebesar rp335 triliun.
itu mengapa, dia menilai keterlibatan kampus dalam proyek mbg tak lebih dari sekadar ""bagi-bagi proyek"".
""jadi ini seperti bagi-bagi proyek saja,"" cetusnya.
""kampus memang punya kemampuan atau memiliki jurusan yang kaitannya dengan gizi, nutrisi, pangan. tetapi, apakah motifnya murni untuk akademik,"" sambungnya.
""perguruan tinggi sudah punya tupoksi sendiri, dan saya kira kalau sesuai dengan bidangnya ya kenapa tidak. masalahnya, seolah-olah ini dijadikan bagi-bagi proyek supaya berkurang kritikannya.""
karena itulah, totok menyarankan kampus negeri maupun swasta agar berpikir dua kali untuk terlibat dalam proyek tersebut. apalagi, beberapa kajian dan fakta di lapangan membuktikan program ini bermasalah.
""jadi banyak masalah, kalau kampus ikut ambil bagian, itu kayak menambah masalah. kecuali kampus punya kontrol yang lebih besar dalam proses tata kelola dan segala macam.""
""tapi, program mbg ini sangattop-down, seandainya ada problem akan ditanggung oleh kampus. ibaratnya tidak ikut membuat keputusan, tapi ketimpa masalah.""
sumber gambar,antara foto/fakhri hermansyah
sebagaimana diketahui, kasus keracunan menjadi persoalan yang paling banyak disorot. jaringan pemantau pendidikan indonesia (jppi) mencatat sejak awal 2025 hingga april 2026, setidaknya ada 33.626 pelajar mengalami keracunan yang diduga terkait mbg.
selain itu, lembaga indonesia corruption watch (icw) menemukan ada seratusan yayasan atau mitra sppg yang mendapatkan proyek tersebut karena diduga punya koneksi dengan lingkaran pejabat.
terbaru, icw mendapati adanya dugaanmarkupanggaran terkait harga bahan pangan, praktik monopoli pemasok bahan baku, keterlibatan pihak berpengaruh dalam rantai pasok, hingga pengadaan fiktif.
bbc news indonesiaturut merekam suara-suara penolakan masyarakat terhadap pendirian dapur mbg lantaran dianggap mengganggu kenyamanan warga, mencemari lingkungan, dan minim keterlibatan pelaku usaha mikro dan warga sebagai pekerja dapur.
sejumlah pekerja di dapur mbg bahkan mengaku tidak pernah mendapatkan kontrak kerja tertulis, tidak memperoleh uang lembur, kelebihan jam kerja, dan tak ada jaminan bpjs.
peneliti dari indonesia corruption watch (icw), seira tamara, juga menilai tidak ada relevansinya institusi pendidikan menjadi penyedia satuan pemenuhan pelayanan gizi (sppg).
sama halnya, ketika polri dan tni membuka ribuan dapur mbg.
""padahal tugas utama mereka di penegakan hukum yang masih membutuhkan pembenahan, tapi malah diberikan kerjasama di luar tupoksinya,"" ujar seira kepada bbc news indonesia.
sumber gambar,antara foto/makna zaezar
""apakah (kampus terlibat dalam mbg) bentuk pengejawantahan dari pemikiran bgn, karena anggaran mbg diambil dari dana pendidikan, maka jadi cocok untuk kerjasama.""
ketimbang memaksakan diri menjadi pengelola dapur mbg, perguruan tinggi sebaiknya fokus pada upaya mendesak pemerintah menyejahterakan guru dan dosen, memperbaiki kualitas sarana-prasarana pendidikan, dan sebagainya.
termasuk, mencari jalan keluar dari wacana pemerintah yang ingin menghapus jurusan perkuliahan yang dianggap tidak relevan dengan kebutuhan industri.
""itu aspek-aspek penting untuk dibenahi dalam payung besar permasalahan pendidikan.""
""sudah terlalu banyak akrobatik program mbg ini, yang mana lagi-lagi sangat jauh dari tujuan awalnya untuk meningkatkan kualitas gizi.""
akhir dari content
terlepas dari itu, icw juga mengkritik keputusan kepala bgn, dadan hindayana, yang menyatakan bakal tetap memberikan insentif harian sebesar rp6 juta kepada dapur-dapur yang ditutup sementara.
hal itu dia sampaikan saat meninjau sppg unhas, selasa (28/04).
""untuk yang (ditutup) sementara itu tetap diberi (insentif). karena dia harus mengurus yang lain-lain,"" kata dadan.
saat ini, ada 1.720 sppg yang ditutup sementara. ia menyebut, jumlah itu turun dibandingkan sppg yang telah ditutup sejak awal april lalu. sebagian besar penutupan dilakukan karena tidak adanya sistem instalasi pengolahan air limbah.
selain itu, belum ada sertifikat laik higienis sanitasi (slhs).
seira berkata, keputusan pemberian insentif itu sangat tidak masuk akal dan menunjukkan kepala bgn dadan hindayana melanggar aturannya sendiri.
sumber gambar,antara foto/ari bowo sucipto
merujuk pada keputusan kepala badan gizi nasional nomor tentang petunjuk teknis tata kelola penyelenggaraan program mbg tahun anggaran 2026, disebutkan bahwa insentif berupa rp6 juta per hari diberikan kepada sppg yang memenuhi standar kapasitas dan spesifikasi teknis yang ditetapkan oleh bgn.
ketika, sppg tersebut ditutup karena tidak memenuhi standar dan spesifikasi bgn, maka itu artinya mereka tidak berhak mendapatkan insentif.
""dari situ harusnya sudah sangat mudah untuk melihat bahwa tidak ada lagi justifikasi memberikan insentif rp6 juta tersebut.""
""jadi, pernyataan kepala bgn tidak ada dasar hukumnya. dia berpotensi membuang anggaran negara yang sangat besar dan tidak jelas peruntukannya untuk apa.""
perhitungan kasarnya, anggaran yang dibuang percuma dari pemberian insentif itu bisa mencapai rp10,32 miliar per hari.
atas dasar itulah, dia menilai komisi pemberantasan korupsi (kpk) bisa bergerak melakukan penyelidikan atas indikasi ""pelanggaran penggunaan anggaran negara"" tersebut.
wartawan muhammad aidil di makassar berkontribusi untuk laporan ini.",sumber gambar antara foto adeng bustomi keterlibatan perguruan tinggi dalam program makan bergizi gratis dianggap sebagai upaya membungkam suara suara kritis terhadap proyek yang dianggap bermasalah ini sebelumnya menteri pendidikan tinggi riset dan teknologi brian yuliarto mengatakan kampus harus terlibat aktif dan tidak hanya menjadi penonton dalam program pemerintah khususnya terkait pembentukan satuan pemenuhan pelayanan gizi sppg salah satu perguruan tinggi negeri yang baru baru ini meresmikan dapur mbg adalah universitas hasanuddin makassar wakil yayasan metavisi akademik nusantara la halisu berkata keterlibatan pihaknya dalam program ini berawal dari permintaan pemerintah dalam proses verifikasi yayasan di bawah naungan unhas ini dianggap mampu lantaran memiliki lahan kosong sumber daya serta kemampuan finansial hingga akhirnya dikontrak oleh bgn jauh sebelum terjun ke mbg perguruan tinggi juga telah digoda dengan pemberiankonsesi tambang mengapa keterlibatan kampus dalam proyek makan bergizi gratis dianggap tak lebih dari sekadar bagi bagi proyek peresmian dapur mbg milik universitas hasanuddin berlangsung pada selasa yang dihadiri oleh kepala badan gizi nasional bgn dadan hindayana mendikti saintek brian yuliarto gubernur sulawesi selatan andi sudirman sulaiman rektor unhas jamaluddin jompa dan rektor dari beberapa perguruan tinggi di indonesia serta jajaran pimpinan kampus akhir dari paling banyak dibaca kepala bgn dadan hindayana menyebut unhas menjadi perguruan tinggi negeri berbadan hukum ptn bh pertama yang memiliki sppg di indonesia timur ia berharap unhas tidak hanya berperan sebagai pengelola dapur tapi menyediakan rantai pasokan secara mandiri dan dengan keterlibatan perguruan tinggi dadan juga berharap dapat menghasilkan program mbg yang lebih baik serta berkualitas bapak rektor ini sangat progresif inovatif dan luar biasa dalam membangun sppg karena sangat gesit dalam mendukung program makan bergizi gratis katadadansambil menambahkan sppg tersebut juga menyediakan pengolahan air yang sudah siap minum sumber gambar identitas fathimah nur khalidah rahman bbc news indonesia mengunjungi dapur tamalanrea milik unhas yang berlokasi di kecamatan tamalanrea bangunan dengan luas meter persegi ini berada di belakang masjid yang ada di dalam kampus unhas di dalamnya sudah ada berbagai macam peralatan untuk memproduksi makanan tempat pencucian bahan baku lemari pendingin alat masak hingga wadah ompreng wakil yayasan metavisi akademik nusantara la halisu menjelaskan proses pendirian dapur ini berlangsung sejak oktober itu artinya pengerjaan tidak sampai tujuh bulan yayasan ini katanya telah lama dibentuk unhas dan mulanya berfokus pada bidang pendidikan meski tak pernah bersinggungan dengan tata boga dia mengklaim program mbg masih sejalan dengan tujuan pendirian yayasan sumber gambar sppg unhas tim production soal penerima manfaat ada sembilan sekolah yang terdiri dari enam tk satu sd satu smp dan satu sma itu bukan pihak kampus yang menentukan sasaran penerima manfaat tapi bgn total seluruhnya ada orang setiap hari imbuhnya pekerja di dapur ini berjumlah orang mereka berasal dari masyarakat sekitar kampus dan bertugas sebagai penerima barang persiapan produksi pemorsian distribusi pencucian ompreng keamanan untuk bahan baku halisu bilang pihak yayasan memanfaatkan sumber daya yang terdapat di sejumlah fakultas semisal di fakultas pertanian terdapat sayur mayur buah buahan dan beras di fakultas peternakan tersedia telur ayam dan daging sumber gambar bbc indonesia semua bahan bahan tadi yang bisa diproduksi unhas maka kami akan maksimalkan untuk digunakan di dapur ucapnya kendati mengakui bahwa bahan baku dari unhas belum mencukupi untuk seluruh penerima manfaat ia menuturkan keterlibatan unhas dalam proyek mbg bermula dari permintaan pemerintah agar pihaknya ikut menjalankan program tersebut dalam proses verifikasi unhas dianggap mampu lantaran memiliki lahan kosong sumber daya serta kemampuan finansial hingga akhirnya dikontrak oleh bgn unhas sendiri menerima permintaan itu karena bisa memberikan kontribusi nyata kepada masyarakat di sisi lain kami punya profesionalisme untuk mengelola yayasan sehingga dianggap mampu menjalankan kerjasama antara bgn dengan pemerintah dan unhas ada dua sisi yang sama sama punya kepentingan cetusnya sumber gambar bbc indonesia menteri pendidikan tinggi sains dan teknologi brian yuliarto bilang fasilitas dapur mbg yang dibangun unhas bisa ditiru alias menjadi contoh konkret peran perguruan tinggi dalam mendukung program prioritas pemerintah sekaligus memperkuat posisi kampus sebagai institusi mandiri ia pun menegaskan perguruan tinggi tidak cukup hanya menjadi penonton tapi harus terlibat langsung dalam implementasi kebijakan termasuk soal pemenuhan gizi masyarakat menurut brian sppg di unhas akan dikembangkan sebagaiteaching factoryyang mendukung praktik dan riset mahasiswa dapur ini juga diproyeksikan sebagai pusat pengembangan sistem mbg yang bisa direplikasi secara lebih luas sppg ini nantinya bisa menjadi tempat praktik penelitian dan pengembangan lebih lanjut program mbg katanya sumber gambar bbc indonesia liputan mendalam bbc news indonesia langsung di whatsapp anda klik di sini akhir dari whatsapp ketua majelis rektor perguruan tinggi negeri indonesia mrptni eduart wolok menuturkan keterlibatan kampus negeri dalam program mbg sebetulnya sudah dibicarakan kira kira dua bulan lalu dalam diskusi terbatas antara mendikti saintek dengan sejumlah rektor dalam pembicaraan itu muncul bahasan soal program andalan presiden prabowo subianto yang banyak menuai protes dari masyarakat padahal klaimnya niatan presiden sesungguhnya baik pak menteri lalu mengatakan bagaimana kalau misalnya kampus bisa melaksanakan sekaligus mencontohkan yang baik bukan hanya mendirikan dapur yang layak tapi menyediakan makanan bergizi dengan harga yang relatif murah ujar eduart kepada bbc news indonesia rabu permintaan itu sambungnya disambut dengan tangan terbuka apalagi menurutnya beberapa kampus memiliki sumber daya program jurusan yang pas terkait gizi tak cuma itu ia mengklaim kampus juga mempunyai data penerima manfaat kelebihan lain keberadaan dapur mbg bisa menjadi sarana untuk magang para mahasiswa dan dapat menganalisis dampak dari program ini di suatu daerah maupun sekolah berangkat dari situ sejumlah kampus yang menaungi yayasan mengajukan diri untuk membuka dapur mbg ada pula yang disebutnya mendapat penugasan sejauh ini katanya baru universitas hasanuddin yang meresmikan sppg akhir dari content ketua umum asosiasi perguruan tinggi swasta indonesia aptisi budi djatmiko mengaku tidak tahu adanya pembahasan seperti disebut eduart wolok tapi sejak dua tahun lalu beberapa yayasan yang dimiliki perguruan tinggi swasta sudah menjadi pengelola dapur mbg semisal universitas logistik dan bisnis internasional ulbi di bandung dan universitas narotama di surabaya kedua kampus tersebut mengajukan diri karena klaimnya punya lahan yang cukup luas untuk mendirikan dapur mbg dan sejalan dengan program studi di kampus tersebut ibaratnya kampus harus ada semacam laboratorium dengan memanfaatkan program mbg bisa mengintegrasikan akademik dengan inovasi ucapnya kepada bbc news indonesia mahasiswa di ulbi kan mempelajari masalah logistik pengiriman dan lain sebagainya jadi anak anak itu bisa praktik kerja di sana sumber gambar bbc indonesia uang untuk mendirikan dapur mbg tersebut menggunakan dana investor tidak ada sama sekali pemberian dari pemerintah klaimnya hanya saja karena yayasan belum berpengalaman di bidang tata boga mereka merekrut orang orang yang berlatar belakang di bidang katering sasaran atau penerima dari dapur dapur itu adalah anak anak sd smp sma yang dekat dengan lingkungan kampus terlepas dari itu baik eduart wolok dan budi djatmiko berkata kampus akan tetap kritis terhadap kebijakan pemerintah termasuk mbg kritis itu kan bukan berarti harus tidak sepaham bisa saja sepaham tetapi perlu bagaimana cara agar lebih optimal misalnya ujar eduart wolok masalahnya keterlibatan kampus dalam program mbg dianggap sebagai upaya membungkam suara suara kritis terhadap proyek bermasalah ini kata pengamat pendidikan dari universitas paramadina totok amin soefijanto kalaupun ada suara kritis dari kampus totok berpandangan tidak akan setajam seperti yang seharusnya perguruan tinggi yang sejatinya berperan menyuarakan kebenaran bakal bermain aman lantaran sudah terkooptasi oleh uang hasil proyek pemerintah misalnya saya jadi konsultan pemerintah dan dibayar tapi dibilang boleh tetap kritis apakah saya bisa melakukan itu tanyanya saya tidak yakin sumber gambar antara foto sulthony hasanuddin totok juga menilai program mbg sudah menjadi alat pencari popularitas presiden sehingga siapa saja yang mengkritisi program ini akan diberikan porsi berupa dapur mbg yang bersumber dari anggaran negara sebesar rp triliun itu mengapa dia menilai keterlibatan kampus dalam proyek mbg tak lebih dari sekadar bagi bagi proyek jadi ini seperti bagi bagi proyek saja cetusnya kampus memang punya kemampuan atau memiliki jurusan yang kaitannya dengan gizi nutrisi pangan tetapi apakah motifnya murni untuk akademik sambungnya perguruan tinggi sudah punya tupoksi sendiri dan saya kira kalau sesuai dengan bidangnya ya kenapa tidak masalahnya seolah olah ini dijadikan bagi bagi proyek supaya berkurang kritikannya karena itulah totok menyarankan kampus negeri maupun swasta agar berpikir dua kali untuk terlibat dalam proyek tersebut apalagi beberapa kajian dan fakta di lapangan membuktikan program ini bermasalah jadi banyak masalah kalau kampus ikut ambil bagian itu kayak menambah masalah kecuali kampus punya kontrol yang lebih besar dalam proses tata kelola dan segala macam tapi program mbg ini sangattop down seandainya ada problem akan ditanggung oleh kampus ibaratnya tidak ikut membuat keputusan tapi ketimpa masalah sumber gambar antara foto fakhri hermansyah sebagaimana diketahui kasus keracunan menjadi persoalan yang paling banyak disorot jaringan pemantau pendidikan indonesia jppi mencatat sejak awal hingga april setidaknya ada pelajar mengalami keracunan yang diduga terkait mbg selain itu lembaga indonesia corruption watch icw menemukan ada seratusan yayasan atau mitra sppg yang mendapatkan proyek tersebut karena diduga punya koneksi dengan lingkaran pejabat terbaru icw mendapati adanya dugaanmarkupanggaran terkait harga bahan pangan praktik monopoli pemasok bahan baku keterlibatan pihak berpengaruh dalam rantai pasok hingga pengadaan fiktif bbc news indonesiaturut merekam suara suara penolakan masyarakat terhadap pendirian dapur mbg lantaran dianggap mengganggu kenyamanan warga mencemari lingkungan dan minim keterlibatan pelaku usaha mikro dan warga sebagai pekerja dapur sejumlah pekerja di dapur mbg bahkan mengaku tidak pernah mendapatkan kontrak kerja tertulis tidak memperoleh uang lembur kelebihan jam kerja dan tak ada jaminan bpjs peneliti dari indonesia corruption watch icw seira tamara juga menilai tidak ada relevansinya institusi pendidikan menjadi penyedia satuan pemenuhan pelayanan gizi sppg sama halnya ketika polri dan tni membuka ribuan dapur mbg padahal tugas utama mereka di penegakan hukum yang masih membutuhkan pembenahan tapi malah diberikan kerjasama di luar tupoksinya ujar seira kepada bbc news indonesia sumber gambar antara foto makna zaezar apakah kampus terlibat dalam mbg bentuk pengejawantahan dari pemikiran bgn karena anggaran mbg diambil dari dana pendidikan maka jadi cocok untuk kerjasama ketimbang memaksakan diri menjadi pengelola dapur mbg perguruan tinggi sebaiknya fokus pada upaya mendesak pemerintah menyejahterakan guru dan dosen memperbaiki kualitas sarana prasarana pendidikan dan sebagainya termasuk mencari jalan keluar dari wacana pemerintah yang ingin menghapus jurusan perkuliahan yang dianggap tidak relevan dengan kebutuhan industri itu aspek aspek penting untuk dibenahi dalam payung besar permasalahan pendidikan sudah terlalu banyak akrobatik program mbg ini yang mana lagi lagi sangat jauh dari tujuan awalnya untuk meningkatkan kualitas gizi akhir dari content terlepas dari itu icw juga mengkritik keputusan kepala bgn dadan hindayana yang menyatakan bakal tetap memberikan insentif harian sebesar rp juta kepada dapur dapur yang ditutup sementara hal itu dia sampaikan saat meninjau sppg unhas selasa untuk yang ditutup sementara itu tetap diberi insentif karena dia harus mengurus yang lain lain kata dadan saat ini ada sppg yang ditutup sementara ia menyebut jumlah itu turun dibandingkan sppg yang telah ditutup sejak awal april lalu sebagian besar penutupan dilakukan karena tidak adanya sistem instalasi pengolahan air limbah selain itu belum ada sertifikat laik higienis sanitasi slhs seira berkata keputusan pemberian insentif itu sangat tidak masuk akal dan menunjukkan kepala bgn dadan hindayana melanggar aturannya sendiri sumber gambar antara foto ari bowo sucipto merujuk pada keputusan kepala badan gizi nasional nomor tentang petunjuk teknis tata kelola penyelenggaraan program mbg tahun anggaran disebutkan bahwa insentif berupa rp juta per hari diberikan kepada sppg yang memenuhi standar kapasitas dan spesifikasi teknis yang ditetapkan oleh bgn ketika sppg tersebut ditutup karena tidak memenuhi standar dan spesifikasi bgn maka itu artinya mereka tidak berhak mendapatkan insentif dari situ harusnya sudah sangat mudah untuk melihat bahwa tidak ada lagi justifikasi memberikan insentif rp juta tersebut jadi pernyataan kepala bgn tidak ada dasar hukumnya dia berpotensi membuang anggaran negara yang sangat besar dan tidak jelas peruntukannya untuk apa perhitungan kasarnya anggaran yang dibuang percuma dari pemberian insentif itu bisa mencapai rp miliar per hari atas dasar itulah dia menilai komisi pemberantasan korupsi kpk bisa bergerak melakukan penyelidikan atas indikasi pelanggaran penggunaan anggaran negara tersebut wartawan muhammad aidil di makassar berkontribusi untuk laporan ini,1949,foto adeng bustomi perguruan program makan bergizi gratis upaya membungkam suara suara kritis proyek bermasalah menteri pendidikan riset teknologi brian yuliarto kampus terlibat aktif penonton program pemerintah pembentukan pemenuhan pelayanan gizi sppg salah perguruan negeri meresmikan dapur universitas hasanuddin makassar wakil yayasan metavisi akademik nusantara la halisu program permintaan pemerintah proses verifikasi yayasan naungan unhas lantaran lahan kosong kemampuan finansial dikontrak terjun perguruan digoda pemberiankonsesi tambang kampus proyek makan bergizi gratis proyek peresmian dapur milik universitas hasanuddin selasa dihadiri kepala badan gizi nasional mendikti saintek brian yuliarto gubernur sulawesi selatan andi sudirman sulaiman rektor unhas jamaluddin jompa rektor perguruan indonesia jajaran pimpinan kampus dibaca kepala menyebut unhas perguruan negeri berbadan hukum ptn bh sppg indonesia timur berharap unhas berperan pengelola dapur menyediakan rantai pasokan mandiri perguruan berharap menghasilkan program berkualitas rektor progresif inovatif membangun sppg gesit program makan bergizi gratis katadadansambil sppg menyediakan pengolahan air minum identitas fathimah nur khalidah rahman bbc indonesia mengunjungi dapur tamalanrea milik unhas berlokasi kecamatan tamalanrea bangunan luas meter persegi masjid kampus unhas dalamnya peralatan memproduksi makanan pencucian bahan baku lemari pendingin alat masak wadah ompreng wakil yayasan metavisi akademik nusantara la halisu proses pendirian dapur oktober pengerjaan tujuh yayasan dibentuk unhas berfokus pendidikan bersinggungan tata boga mengklaim program sejalan tujuan pendirian yayasan sppg unhas tim production penerima manfaat sembilan sekolah enam tk sd smp sma kampus menentukan sasaran penerima manfaat total orang imbuhnya pekerja dapur orang berasal masyarakat kampus bertugas penerima barang persiapan produksi pemorsian distribusi pencucian ompreng keamanan bahan baku halisu bilang yayasan memanfaatkan fakultas fakultas pertanian sayur mayur buah buahan beras fakultas peternakan tersedia telur ayam daging bbc indonesia bahan bahan diproduksi unhas maksimalkan dapur kendati mengakui bahan baku unhas mencukupi penerima manfaat unhas proyek permintaan pemerintah menjalankan program proses verifikasi unhas lantaran lahan kosong kemampuan finansial dikontrak unhas menerima permintaan kontribusi nyata masyarakat sisi profesionalisme mengelola yayasan menjalankan kerjasama pemerintah unhas sisi kepentingan cetusnya bbc indonesia menteri pendidikan sains teknologi brian yuliarto bilang fasilitas dapur dibangun unhas ditiru alias contoh konkret peran perguruan program prioritas pemerintah memperkuat posisi kampus institusi mandiri perguruan penonton terlibat kebijakan pemenuhan gizi masyarakat brian sppg unhas dikembangkan sebagaiteaching factoryyang praktik riset mahasiswa dapur diproyeksikan pusat direplikasi luas sppg praktik penelitian program bbc indonesia liputan mendalam bbc indonesia whatsapp whatsapp ketua majelis rektor perguruan negeri indonesia mrptni eduart wolok kampus negeri program dibicarakan diskusi terbatas mendikti saintek rektor pembicaraan muncul bahasan program andalan presiden prabowo subianto menuai protes masyarakat klaimnya niatan presiden sesungguhnya menteri kampus melaksanakan mencontohkan mendirikan dapur layak menyediakan makanan bergizi harga relatif murah eduart bbc indonesia rabu permintaan sambungnya disambut tangan terbuka menurutnya kampus program jurusan pas gizi mengklaim kampus data penerima manfaat kelebihan keberadaan dapur sarana magang mahasiswa menganalisis dampak program daerah sekolah berangkat situ kampus menaungi yayasan mengajukan membuka dapur disebutnya penugasan universitas hasanuddin meresmikan sppg ketua asosiasi perguruan swasta indonesia aptisi budi djatmiko mengaku pembahasan eduart wolok yayasan dimiliki perguruan swasta pengelola dapur universitas logistik bisnis internasional ulbi bandung universitas narotama surabaya kampus mengajukan klaimnya lahan luas mendirikan dapur sejalan program studi kampus kampus laboratorium memanfaatkan program mengintegrasikan akademik inovasi bbc indonesia mahasiswa ulbi mempelajari logistik pengiriman anak anak praktik kerja bbc indonesia uang mendirikan dapur dana investor pemberian pemerintah klaimnya yayasan berpengalaman tata boga merekrut orang orang berlatar katering sasaran penerima dapur dapur anak anak sd smp sma lingkungan kampus terlepas eduart wolok budi djatmiko kampus kritis kebijakan pemerintah kritis sepaham sepaham optimal eduart wolok kampus program upaya membungkam suara suara kritis proyek bermasalah pengamat pendidikan universitas paramadina totok amin soefijanto suara kritis kampus totok berpandangan setajam perguruan sejatinya berperan menyuarakan kebenaran bermain aman lantaran terkooptasi uang hasil proyek pemerintah konsultan pemerintah dibayar dibilang kritis foto sulthony hasanuddin totok program alat pencari popularitas presiden mengkritisi program porsi dapur bersumber anggaran negara triliun kampus proyek proyek proyek cetusnya kampus kemampuan jurusan kaitannya gizi nutrisi pangan motifnya murni akademik sambungnya perguruan tupoksi bidangnya ya olah dijadikan proyek berkurang kritikannya totok menyarankan kampus negeri swasta berpikir kali terlibat proyek kajian fakta lapangan membuktikan program bermasalah kampus ambil kayak menambah kecuali kampus kontrol proses tata kelola program sangattop down seandainya problem ditanggung kampus keputusan ketimpa foto fakhri hermansyah keracunan disorot jaringan pemantau pendidikan indonesia jppi mencatat april pelajar keracunan diduga lembaga indonesia corruption watch icw menemukan seratusan yayasan mitra sppg proyek diduga koneksi lingkaran pejabat terbaru icw mendapati dugaanmarkupanggaran harga bahan pangan praktik monopoli pemasok bahan baku berpengaruh rantai pasok pengadaan fiktif bbc indonesiaturut merekam suara suara penolakan masyarakat pendirian dapur lantaran mengganggu kenyamanan warga mencemari lingkungan minim pelaku usaha mikro warga pekerja dapur pekerja dapur mengaku kontrak kerja tertulis memperoleh uang lembur kelebihan jam kerja jaminan bpjs peneliti indonesia corruption watch icw seira tamara relevansinya institusi pendidikan penyedia pemenuhan pelayanan gizi sppg halnya polri tni membuka ribuan dapur tugas penegakan hukum membutuhkan pembenahan kerjasama tupoksinya seira bbc indonesia foto makna zaezar kampus terlibat bentuk pengejawantahan pemikiran anggaran diambil dana pendidikan cocok kerjasama ketimbang memaksakan pengelola dapur perguruan fokus upaya mendesak pemerintah menyejahterakan guru dosen memperbaiki kualitas sarana prasarana pendidikan mencari jalan wacana pemerintah menghapus jurusan perkuliahan relevan kebutuhan industri aspek aspek dibenahi payung permasalahan pendidikan akrobatik program tujuan meningkatkan kualitas gizi terlepas icw mengkritik keputusan kepala insentif harian dapur dapur meninjau sppg unhas selasa insentif mengurus sppg menyebut turun dibandingkan sppg april penutupan instalasi pengolahan air limbah sertifikat laik higienis sanitasi slhs seira keputusan pemberian insentif masuk akal kepala melanggar aturannya foto ari bowo sucipto merujuk keputusan kepala badan gizi nasional petunjuk teknis tata kelola penyelenggaraan program anggaran insentif sppg memenuhi standar kapasitas spesifikasi teknis ditetapkan sppg memenuhi standar spesifikasi berhak insentif situ mudah justifikasi insentif pernyataan kepala dasar hukumnya berpotensi membuang anggaran negara peruntukannya perhitungan kasarnya anggaran dibuang pemberian insentif mencapai miliar dasar komisi pemberantasan korupsi kpk bergerak penyelidikan indikasi pelanggaran penggunaan anggaran negara wartawan muhammad aidil makassar berkontribusi laporan,958,foto adeng bustomi guru program makan gizi gratis upaya bungkam suara suara kritis proyek masalah menteri didik riset teknologi brian yuliarto kampus libat aktif tonton program perintah bentuk penuh layan gizi sppg salah guru negeri resmi dapur universitas hasanuddin makassar wakil yayasan metavisi akademik nusantara la halisu program minta perintah proses verifikasi yayasan naung unhas lantar lahan kosong mampu finansial kontrak terjun guru goda pemberiankonsesi tambang kampus proyek makan gizi gratis proyek resmi dapur milik universitas hasanuddin selasa hadir kepala badan gizi nasional mendikti saintek brian yuliarto gubernur sulawesi selatan andi sudirman sulaiman rektor unhas jamaluddin jompa rektor guru indonesia jajar pimpin kampus baca kepala sebut unhas guru negeri badan hukum ptn bh sppg indonesia timur harap unhas peran kelola dapur sedia rantai pasok mandiri guru harap hasil program kualitas rektor progresif inovatif bangun sppg gesit program makan gizi gratis katadadansambil sppg sedia olah air minum identitas fathimah nur khalidah rahman bbc indonesia unjung dapur tamalanrea milik unhas lokasi camat tamalanrea bangun luas meter persegi masjid kampus unhas dalam alat produksi makan cuci bahan baku lemari dingin alat masak wadah ompreng wakil yayasan metavisi akademik nusantara la halisu proses diri dapur oktober kerja tujuh yayasan bentuk unhas fokus didik singgung tata boga klaim program jalan tuju diri yayasan sppg unhas tim production terima manfaat sembilan sekolah enam tk sd smp sma kampus tentu sasar terima manfaat total orang imbuh kerja dapur orang asal masyarakat kampus tugas terima barang siap produksi porsi distribusi cuci ompreng aman bahan baku halisu bilang yayasan manfaat fakultas fakultas tani sayur mayur buah buah beras fakultas terna sedia telur ayam daging bbc indonesia bahan bahan produksi unhas maksimal dapur kendati aku bahan baku unhas cukup terima manfaat unhas proyek minta perintah jalan program proses verifikasi unhas lantar lahan kosong mampu finansial kontrak unhas terima minta kontribusi nyata masyarakat sisi profesionalisme kelola yayasan jalan kerjasama perintah unhas sisi penting cetus bbc indonesia menteri didik sains teknologi brian yuliarto bilang fasilitas dapur bangun unhas tiru alias contoh konkret peran guru program prioritas perintah kuat posisi kampus institusi mandiri guru tonton libat bijak penuh gizi masyarakat brian sppg unhas kembang sebagaiteaching factoryyang praktik riset mahasiswa dapur proyeksi pusat direplikasi luas sppg praktik teliti program bbc indonesia liput dalam bbc indonesia whatsapp whatsapp ketua majelis rektor guru negeri indonesia mrptni eduart wolok kampus negeri program bicara diskusi batas mendikti saintek rektor bicara muncul bahas program andal presiden prabowo subianto tuai protes masyarakat klaim niat presiden sungguh menteri kampus laksana contoh diri dapur layak sedia makan gizi harga relatif murah eduart bbc indonesia rabu minta sambung sambut tangan buka turut kampus program jurus pas gizi klaim kampus data terima manfaat lebih ada dapur sarana magang mahasiswa analis dampak program daerah sekolah berangkat situ kampus taung yayasan aju buka dapur sebut tugas universitas hasanuddin resmi sppg ketua asosiasi guru swasta indonesia aptisi budi djatmiko aku bahas eduart wolok yayasan milik guru swasta kelola dapur universitas logistik bisnis internasional ulbi bandung universitas narotama surabaya kampus aju klaim lahan luas diri dapur jalan program studi kampus kampus laboratorium manfaat program integrasi akademik inovasi bbc indonesia mahasiswa ulbi ajar logistik kirim anak anak praktik kerja bbc indonesia uang diri dapur dana investor beri perintah klaim yayasan alam tata boga rekrut orang orang latar katering sasar terima dapur dapur anak anak sd smp sma lingkung kampus lepas eduart wolok budi djatmiko kampus kritis bijak perintah kritis paham paham optimal eduart wolok kampus program upaya bungkam suara suara kritis proyek masalah amat didik universitas paramadina totok amin soefijanto suara kritis kampus totok pandang tajam guru sejati peran suara benar main aman lantar kooptasi uang hasil proyek perintah konsultan perintah bayar bilang kritis foto sulthony hasanuddin totok program alat cari popularitas presiden kritisi program porsi dapur sumber anggar negara triliun kampus proyek proyek proyek cetus kampus mampu jurus kait gizi nutrisi pangan motif murni akademik sambung guru tupoksi bidang ya olah jadi proyek kurang kritik totok saran kampus negeri swasta pikir kali libat proyek kaji fakta lapang bukti program masalah kampus ambil kayak tambah kecuali kampus kontrol proses tata kelola program sangattop down anda problem tanggung kampus putus timpa foto fakhri hermansyah racun sorot jaring pantau didik indonesia jppi catat april ajar racun duga lembaga indonesia corruption watch icw temu ratus yayasan mitra sppg proyek duga koneksi lingkar jabat baru icw dapat dugaanmarkupanggaran harga bahan pangan praktik monopoli pasok bahan baku pengaruh rantai pasok ada fiktif bbc indonesiaturut rekam suara suara tolak masyarakat diri dapur lantar ganggu nyaman warga cari lingkung minim laku usaha mikro warga kerja dapur kerja dapur aku kontrak kerja tulis oleh uang lembur lebih jam kerja jamin bpjs teliti indonesia corruption watch icw ira tamara relevansi institusi didik sedia penuh layan gizi sppg hal polri tni buka ribu dapur tugas tega hukum butuh benah kerjasama tupoksinya ira bbc indonesia foto makna zaezar kampus libat bentuk ejawantah pikir anggar ambil dana didik cocok kerjasama ketimbang paksa kelola dapur guru fokus upaya desak perintah sejahtera guru dosen baik kualitas sarana prasarana didik cari jalan wacana perintah hapus jurus kuliah relevan butuh industri aspek aspek benah payung masalah didik akrobatik program tuju tingkat kualitas gizi lepas icw kritik putus kepala insentif hari dapur dapur tinjau sppg unhas selasa insentif urus sppg sebut turun banding sppg april tutup instalasi olah air limbah sertifikat laik higienis sanitasi slhs ira putus beri insentif masuk akal kepala langgar atur foto ari bowo sucipto rujuk putus kepala badan gizi nasional tunjuk teknis tata kelola selenggara program anggar insentif sppg penuh standar kapasitas spesifikasi teknis tetap sppg penuh standar spesifikasi hak insentif situ mudah justifikasi insentif nyata kepala dasar hukum potensi buang anggar negara untuk hitung kasar anggar buang beri insentif capai miliar dasar komisi berantas korupsi kpk gerak lidi indikasi langgar guna anggar negara wartawan muhammad aidil makassar kontribusi lapor
Makan Bergizi Gratis,"Dukung Kampus Punya Dapur MBG, Mendiktisaintek: Sivitas Akademika Harus Ambil Peran - Medcom.id","Sat, 02 May 2026 12:37:00 GMT",Medcom.id,https://www.medcom.id,https://news.google.com/rss/articles/CBMi1gFBVV95cUxOSG1Ma3ZlNzJEenNLRzlyYUhBenVqd2pSa0FmNENxNUozcnFDemFVMFJHWEdmbnNDODJRbHp1VFBKNEpMWmdpcVZqUVZNd3VHYkRvbUpIWXM0NmJVSUtSM2ZRXzVETm1lVThCNnRtR0QxNDluOUZMS0hfRDFCck9FLUdpNnFrQ1RiV3dxUFpXMU1pUHRXQ3lHMF90TzR6WElaak01WTFsMGdHTUtDY2FSb3d2Ukh5QjMxVGxxZy01S3p4TTJ5VU5FR285aElfXzFvZWJ1NmNR?oc=5,https://www.medcom.id/pendidikan/news-pendidikan/4ba1YB3b-dukung-kampus-punya-dapur-mbg-mendiktisaintek-sivitas-akademika-harus-ambil-peran,Ikuti media sosial medcom.id dan dapatkan berbagai keuntungan,medcom.id developer,ikuti media sosial medcom.id dan dapatkan berbagai keuntungan,ikuti media sosial medcom id dan dapatkan berbagai keuntungan,9,ikuti media sosial medcom id dapatkan keuntungan,7,ikut media sosial medcom id dapat untung
Makan Bergizi Gratis,Mendikti Minta Kampus Lain Tiru Langkah Unhas Bangun Dapur MBG - Tempo.co,"Thu, 30 Apr 2026 03:03:43 GMT",Tempo.co,https://www.tempo.co,https://news.google.com/rss/articles/CBMioAFBVV95cUxOSTFZbHhJY1JjWW9HYTUtOVRndDBlakc0d25VUlozSkdFNWNCcTZ4R3lsRFBKeWNZZERqOEJOemRBWUdBb3JVRnhFZHpQYmpGVm9pMC1hRjE4WVh3bm1CbHljSXZwLXlPN1BuSTU0b1FfWElpZ0Y2cm42QldjbXM3clRlekFncWdQQ0c1MVduNENZYlF4ODJxSTBHeVdFN2ZG?oc=5,https://www.tempo.co/politik/mendikti-minta-kampus-lain-tiru-langkah-unhas-bangun-dapur-mbg-2132680,"MENTERI Pendidikan Tinggi, Sains, dan Teknologi Brian Yuliarto bersama Kepala Badan Gizi Nasional Dadan Hindayana meresmikan satuan pelayanan pemenuhan gizi (SPPG) atau dapur makan bergizi gratis diUniversitas Hasanuddin, Makassar, Sulawesi Selatan pada Selasa, 28 April 2026.
Brian mengatakan fasilitasdapur MBGyang dibangun Unhas itu bisa ditiru menjadi contoh konkret peran perguruan tinggi dalam mendukung program prioritas pemerintah, sekaligus memperkuat posisi kampus sebagai institusi mandiri.“Intinya adalah bagaimana dari perguruan tinggi bisa menjalankan peran untuk mendukung program prioritas Presiden, salah satunya program MBG,” kata Brian saat peresmian, seperti dikutip dariAntara.
Scroll ke bawah untuk melanjutkan membaca
Baca berita dengan sedikit iklan,klik di sini
Ia menegaskan perguruan tinggi tidak cukup hanya menjadi penonton, tetapi harus terlibat langsung dalam implementasi kebijakan, termasuk dalam pemenuhan gizi masyarakat.
Menurut Brian, SPPG di Unhas akan dikembangkan sebagaiteaching factoryyang mendukung praktik dan riset mahasiswa. Selain itu, fasilitas tersebut juga diproyeksikan menjadi pusat pengembangan sistem MBG yang dapat direplikasi secara lebih luas. “SPPG ini nantinya bisa menjadi tempat praktik, penelitian, dan pengembangan lebih lanjut program MBG,” ujarnya.
Dalam kesempatan yang sama, Dadan mengatakan Unhas sebagai perguruan tinggi negeri berbadan hukum pertama yang mengoperasikan fasilitas SPPG. Ia mengapresiasi langkah kampus yang dinilai responsif terhadap inisiatif strategis pemerintah.
“Keterbukaan kampus untuk terlibat dalam program MBG sangat penting karena teknologi, SDM, dan inovasi yang dimiliki perguruan tinggi akan banyak manfaatnya untuk pengembangan program ini,” kata Dadan.
Menurut dia, keterlibatan perguruan tinggi dapat memperkuat kualitas pelaksanaan MBG, terutama dalam aspek riset, inovasi, dan pengembangan sumber daya manusia di sektor pangan dan gizi.
Pilihan Editor:Akhirnya MBG Dikurangi. Berapa Anggaran Bisa Dihemat?",,"menteri pendidikan tinggi, sains, dan teknologi brian yuliarto bersama kepala badan gizi nasional dadan hindayana meresmikan satuan pelayanan pemenuhan gizi (sppg) atau dapur makan bergizi gratis diuniversitas hasanuddin, makassar, sulawesi selatan pada selasa, 28 april 2026.
brian mengatakan fasilitasdapur mbgyang dibangun unhas itu bisa ditiru menjadi contoh konkret peran perguruan tinggi dalam mendukung program prioritas pemerintah, sekaligus memperkuat posisi kampus sebagai institusi mandiri.“intinya adalah bagaimana dari perguruan tinggi bisa menjalankan peran untuk mendukung program prioritas presiden, salah satunya program mbg,” kata brian saat peresmian, seperti dikutip dariantara.
scroll ke bawah untuk melanjutkan membaca
baca berita dengan sedikit iklan,klik di sini
ia menegaskan perguruan tinggi tidak cukup hanya menjadi penonton, tetapi harus terlibat langsung dalam implementasi kebijakan, termasuk dalam pemenuhan gizi masyarakat.
menurut brian, sppg di unhas akan dikembangkan sebagaiteaching factoryyang mendukung praktik dan riset mahasiswa. selain itu, fasilitas tersebut juga diproyeksikan menjadi pusat pengembangan sistem mbg yang dapat direplikasi secara lebih luas. “sppg ini nantinya bisa menjadi tempat praktik, penelitian, dan pengembangan lebih lanjut program mbg,” ujarnya.
dalam kesempatan yang sama, dadan mengatakan unhas sebagai perguruan tinggi negeri berbadan hukum pertama yang mengoperasikan fasilitas sppg. ia mengapresiasi langkah kampus yang dinilai responsif terhadap inisiatif strategis pemerintah.
“keterbukaan kampus untuk terlibat dalam program mbg sangat penting karena teknologi, sdm, dan inovasi yang dimiliki perguruan tinggi akan banyak manfaatnya untuk pengembangan program ini,” kata dadan.
menurut dia, keterlibatan perguruan tinggi dapat memperkuat kualitas pelaksanaan mbg, terutama dalam aspek riset, inovasi, dan pengembangan sumber daya manusia di sektor pangan dan gizi.
pilihan editor:akhirnya mbg dikurangi. berapa anggaran bisa dihemat?",menteri pendidikan tinggi sains dan teknologi brian yuliarto bersama kepala badan gizi nasional dadan hindayana meresmikan satuan pelayanan pemenuhan gizi sppg atau dapur makan bergizi gratis diuniversitas hasanuddin makassar sulawesi selatan pada selasa april brian mengatakan fasilitasdapur mbgyang dibangun unhas itu bisa ditiru menjadi contoh konkret peran perguruan tinggi dalam mendukung program prioritas pemerintah sekaligus memperkuat posisi kampus sebagai institusi mandiri intinya adalah bagaimana dari perguruan tinggi bisa menjalankan peran untuk mendukung program prioritas presiden salah satunya program mbg kata brian saat peresmian seperti dikutip dariantara scroll ke bawah untuk melanjutkan membaca baca berita dengan sedikit iklan klik di sini ia menegaskan perguruan tinggi tidak cukup hanya menjadi penonton tetapi harus terlibat langsung dalam implementasi kebijakan termasuk dalam pemenuhan gizi masyarakat menurut brian sppg di unhas akan dikembangkan sebagaiteaching factoryyang mendukung praktik dan riset mahasiswa selain itu fasilitas tersebut juga diproyeksikan menjadi pusat pengembangan sistem mbg yang dapat direplikasi secara lebih luas sppg ini nantinya bisa menjadi tempat praktik penelitian dan pengembangan lebih lanjut program mbg ujarnya dalam kesempatan yang sama dadan mengatakan unhas sebagai perguruan tinggi negeri berbadan hukum pertama yang mengoperasikan fasilitas sppg ia mengapresiasi langkah kampus yang dinilai responsif terhadap inisiatif strategis pemerintah keterbukaan kampus untuk terlibat dalam program mbg sangat penting karena teknologi sdm dan inovasi yang dimiliki perguruan tinggi akan banyak manfaatnya untuk pengembangan program ini kata dadan menurut dia keterlibatan perguruan tinggi dapat memperkuat kualitas pelaksanaan mbg terutama dalam aspek riset inovasi dan pengembangan sumber daya manusia di sektor pangan dan gizi pilihan editor akhirnya mbg dikurangi berapa anggaran bisa dihemat,257,menteri pendidikan sains teknologi brian yuliarto kepala badan gizi nasional meresmikan pelayanan pemenuhan gizi sppg dapur makan bergizi gratis diuniversitas hasanuddin makassar sulawesi selatan selasa april brian fasilitasdapur mbgyang dibangun unhas ditiru contoh konkret peran perguruan program prioritas pemerintah memperkuat posisi kampus institusi mandiri intinya perguruan menjalankan peran program prioritas presiden salah satunya program brian peresmian dikutip dariantara melanjutkan membaca berita iklan perguruan penonton terlibat kebijakan pemenuhan gizi masyarakat brian sppg unhas dikembangkan sebagaiteaching factoryyang praktik riset mahasiswa fasilitas diproyeksikan pusat direplikasi luas sppg praktik penelitian program kesempatan unhas perguruan negeri berbadan hukum mengoperasikan fasilitas sppg mengapresiasi kampus dinilai responsif inisiatif strategis pemerintah keterbukaan kampus terlibat program teknologi sdm inovasi dimiliki perguruan manfaatnya program perguruan memperkuat kualitas aspek riset inovasi manusia pangan gizi pilihan editor dikurangi anggaran dihemat,128,menteri didik sains teknologi brian yuliarto kepala badan gizi nasional resmi layan penuh gizi sppg dapur makan gizi gratis universitas hasanuddin makassar sulawesi selatan selasa april brian fasilitasdapur mbgyang bangun unhas tiru contoh konkret peran guru program prioritas perintah kuat posisi kampus institusi mandiri inti guru jalan peran program prioritas presiden salah satu program brian resmi kutip dariantara lanjut baca berita iklan guru tonton libat bijak penuh gizi masyarakat brian sppg unhas kembang sebagaiteaching factoryyang praktik riset mahasiswa fasilitas proyeksi pusat direplikasi luas sppg praktik teliti program sempat unhas guru negeri badan hukum operasi fasilitas sppg apresiasi kampus nilai responsif inisiatif strategis perintah buka kampus libat program teknologi sdm inovasi milik guru manfaat program guru kuat kualitas aspek riset inovasi manusia pangan gizi pilih editor rang anggar hemat
Makan Bergizi Gratis,Program makan bergizi di Jambi sentuh 446.087 penerima manfaat - ANTARA News Jambi,"Sat, 02 May 2026 11:47:23 GMT",ANTARA News Jambi,https://jambi.antaranews.com,https://news.google.com/rss/articles/CBMipwFBVV95cUxQNS1IQzEwM2lqLWNxNWN3T2JoS3daaGd0eVEwUkUtUnVwM2paNWlMYm9LYVo5Tm1HRF94V1A3R1BycEZzVWlpQzN4SVN5Y2FiYzBONTJZQ1o3Nlo3Z1Q0UGZWQVFVc1BGTkg3ZG1HNTNyM05Vd1ZIRjhWX1gyYzJMU0xTbGVVU01ZMkE3OGtFaWpVd3E3aE11RmdJRFdmSVd3R29VblZOUdIBrAFBVV95cUxNMWNBbW5pTHBVYktxVnh1ZDNiZFh5MmJWVld4M3FrRnhYYmRJRVJjWWlDRnpJRUp0Nkc0Y0dBeEotODNPSHZUaFVxS1hWSlBhdUYxc21lUDRFVzk4LU5iMlBfdEc4blh0RDMxSVB3Y1ZvSS1oN1M4RmNmXzJDSzJKdEp2ektjNGp6MHJkN0l0Zm5aQjRGZmp0OWFfbEkzejNtWmlXaUlma191am5s?oc=5,https://jambi.antaranews.com/berita/655860/program-makan-bergizi-di-jambi-sentuh-446087-penerima-manfaat,"Kota Jambi (ANTARA) - Program Makan Bergizi Gratis (MBG) di Jambi telah menyentuh 446.087 penerima manfaat mulai dari anak bawah lima tahun (balita), ibu menyusui, pelajar tingkatan sekolah dasar hingga menengah yang tersebar 11 kabupaten kota di wilayah itu.
""Program makan bergizi ini sudah memberikan banyak perubahan, tidak hanya menyasar peningkatan gizi masyarakat, program ini juga terbukti mampu menekan angka pengangguran secara signifikan,"" kata Wakil Kepala MBG Sony Sanjaya di Kota Jambi, Sabtu.
Saat menghadiri rapat koordinasi para mitra, yayasan, tim pengawasan gizi dan keuangan hingga juru masak di Jambi, Sony mengungkapkan, dari 205 satuan pelayanan pemenuhan gizi (SPPG) yang telah beroperasi di Jambi, tercatat mampu menyerap 9.635 pekerja.
Berdasarkan hitungan satu pekerja mendapat upah rata-rata Rp100 ribu per hari, maka total anggaran yang digelontorkan untuk honor pekerja mencapai sekitar Rp963,5 juta setiap harinya.
""Total alokasi dana untuk honor pekerja dari program ini di Jambi mencapai hampir satu miliar setiap harinya,"" tambahnya.
Tidak hanya berdampak pada sektor ketenagakerjaan, program MBG juga telah menjangkau ratusan ribu penerima manfaat.
Capaian ini menegaskan bahwa MBG sangar berperan sebagai penggerak ekonomi lokal melalui penciptaan lapangan kerja baru di daerah.
""Hingga saat ini, tercatat sebanyak 446.087 masyarakat Jambi yang sudah merasakan manfaat program tersebut, mulai dari balita, ibu hamil, hingga peserta didik,"" ujarnya.
Gubernur Jambi Al Haris menyampaikan bahwa pelaksanaan program MBG di Jambi terus menunjukkan perkembangan positif.
Hingga saat ini, terdapat 205 Satuan Pelayanan Pemenuhan Gizi (SPPG), dengan rincian 173 unit telah beroperasi dan 32 unit siap operasional. Selain itu, sebanyak 302 satuan pelayanan masih dalam tahap persiapan dan survei lapangan.
Menurutnya, program MBG tidak hanya berdampak pada penanganan stunting, tetapi juga mampu menggerakkan sektor ekonomi lokal, khususnya bagi petani dan pelaku usaha.
Atas dasar itu, ia menekankan pentingnya peningkatan produksi pangan, terutama beras, guna mendukung keberlanjutan program tersebut.
""Dulu banyak yang menjual keluar daerah, sekarang cukup di Jambi saja sudah terserap. Ini tentu sangat membantu perekonomian daerah,"" jelas Al Haris.
Pewarta: Agus SuprayitnoEditor  : Siri AntoniCOPYRIGHT © ANTARA 2026",ANTARA News Agency,"kota jambi (antara) - program makan bergizi gratis (mbg) di jambi telah menyentuh 446.087 penerima manfaat mulai dari anak bawah lima tahun (balita), ibu menyusui, pelajar tingkatan sekolah dasar hingga menengah yang tersebar 11 kabupaten kota di wilayah itu.
""program makan bergizi ini sudah memberikan banyak perubahan, tidak hanya menyasar peningkatan gizi masyarakat, program ini juga terbukti mampu menekan angka pengangguran secara signifikan,"" kata wakil kepala mbg sony sanjaya di kota jambi, sabtu.
saat menghadiri rapat koordinasi para mitra, yayasan, tim pengawasan gizi dan keuangan hingga juru masak di jambi, sony mengungkapkan, dari 205 satuan pelayanan pemenuhan gizi (sppg) yang telah beroperasi di jambi, tercatat mampu menyerap 9.635 pekerja.
berdasarkan hitungan satu pekerja mendapat upah rata-rata rp100 ribu per hari, maka total anggaran yang digelontorkan untuk honor pekerja mencapai sekitar rp963,5 juta setiap harinya.
""total alokasi dana untuk honor pekerja dari program ini di jambi mencapai hampir satu miliar setiap harinya,"" tambahnya.
tidak hanya berdampak pada sektor ketenagakerjaan, program mbg juga telah menjangkau ratusan ribu penerima manfaat.
capaian ini menegaskan bahwa mbg sangar berperan sebagai penggerak ekonomi lokal melalui penciptaan lapangan kerja baru di daerah.
""hingga saat ini, tercatat sebanyak 446.087 masyarakat jambi yang sudah merasakan manfaat program tersebut, mulai dari balita, ibu hamil, hingga peserta didik,"" ujarnya.
gubernur jambi al haris menyampaikan bahwa pelaksanaan program mbg di jambi terus menunjukkan perkembangan positif.
hingga saat ini, terdapat 205 satuan pelayanan pemenuhan gizi (sppg), dengan rincian 173 unit telah beroperasi dan 32 unit siap operasional. selain itu, sebanyak 302 satuan pelayanan masih dalam tahap persiapan dan survei lapangan.
menurutnya, program mbg tidak hanya berdampak pada penanganan stunting, tetapi juga mampu menggerakkan sektor ekonomi lokal, khususnya bagi petani dan pelaku usaha.
atas dasar itu, ia menekankan pentingnya peningkatan produksi pangan, terutama beras, guna mendukung keberlanjutan program tersebut.
""dulu banyak yang menjual keluar daerah, sekarang cukup di jambi saja sudah terserap. ini tentu sangat membantu perekonomian daerah,"" jelas al haris.
pewarta: agus suprayitnoeditor  : siri antonicopyright © antara 2026",kota jambi antara program makan bergizi gratis mbg di jambi telah menyentuh penerima manfaat mulai dari anak bawah lima tahun balita ibu menyusui pelajar tingkatan sekolah dasar hingga menengah yang tersebar kabupaten kota di wilayah itu program makan bergizi ini sudah memberikan banyak perubahan tidak hanya menyasar peningkatan gizi masyarakat program ini juga terbukti mampu menekan angka pengangguran secara signifikan kata wakil kepala mbg sony sanjaya di kota jambi sabtu saat menghadiri rapat koordinasi para mitra yayasan tim pengawasan gizi dan keuangan hingga juru masak di jambi sony mengungkapkan dari satuan pelayanan pemenuhan gizi sppg yang telah beroperasi di jambi tercatat mampu menyerap pekerja berdasarkan hitungan satu pekerja mendapat upah rata rata rp ribu per hari maka total anggaran yang digelontorkan untuk honor pekerja mencapai sekitar rp juta setiap harinya total alokasi dana untuk honor pekerja dari program ini di jambi mencapai hampir satu miliar setiap harinya tambahnya tidak hanya berdampak pada sektor ketenagakerjaan program mbg juga telah menjangkau ratusan ribu penerima manfaat capaian ini menegaskan bahwa mbg sangar berperan sebagai penggerak ekonomi lokal melalui penciptaan lapangan kerja baru di daerah hingga saat ini tercatat sebanyak masyarakat jambi yang sudah merasakan manfaat program tersebut mulai dari balita ibu hamil hingga peserta didik ujarnya gubernur jambi al haris menyampaikan bahwa pelaksanaan program mbg di jambi terus menunjukkan perkembangan positif hingga saat ini terdapat satuan pelayanan pemenuhan gizi sppg dengan rincian unit telah beroperasi dan unit siap operasional selain itu sebanyak satuan pelayanan masih dalam tahap persiapan dan survei lapangan menurutnya program mbg tidak hanya berdampak pada penanganan stunting tetapi juga mampu menggerakkan sektor ekonomi lokal khususnya bagi petani dan pelaku usaha atas dasar itu ia menekankan pentingnya peningkatan produksi pangan terutama beras guna mendukung keberlanjutan program tersebut dulu banyak yang menjual keluar daerah sekarang cukup di jambi saja sudah terserap ini tentu sangat membantu perekonomian daerah jelas al haris pewarta agus suprayitnoeditor siri antonicopyright antara,314,kota jambi program makan bergizi gratis jambi menyentuh penerima manfaat anak balita menyusui pelajar tingkatan sekolah dasar menengah tersebar kabupaten kota wilayah program makan bergizi perubahan menyasar peningkatan gizi masyarakat program terbukti menekan angka pengangguran signifikan wakil kepala sony sanjaya kota jambi sabtu menghadiri rapat koordinasi mitra yayasan tim pengawasan gizi keuangan juru masak jambi sony pelayanan pemenuhan gizi sppg beroperasi jambi tercatat menyerap pekerja hitungan pekerja upah ribu total anggaran digelontorkan honor pekerja mencapai harinya total alokasi dana honor pekerja program jambi mencapai miliar harinya berdampak ketenagakerjaan program menjangkau ratusan ribu penerima manfaat capaian sangar berperan penggerak ekonomi lokal penciptaan lapangan kerja daerah tercatat masyarakat jambi merasakan manfaat program balita hamil peserta didik gubernur jambi al haris program jambi positif pelayanan pemenuhan gizi sppg rincian beroperasi operasional pelayanan tahap persiapan survei lapangan menurutnya program berdampak penanganan stunting menggerakkan ekonomi lokal petani pelaku usaha dasar menekankan peningkatan produksi pangan beras keberlanjutan program menjual daerah jambi terserap membantu perekonomian daerah al haris pewarta agus suprayitnoeditor siri antonicopyright,166,kota jambi program makan gizi gratis jambi sentuh terima manfaat anak balita susu ajar tingkat sekolah dasar tengah sebar kabupaten kota wilayah program makan gizi ubah sasar tingkat gizi masyarakat program bukti tekan angka anggur signifikan wakil kepala sony sanjaya kota jambi sabtu hadir rapat koordinasi mitra yayasan tim awas gizi uang juru masak jambi sony layan penuh gizi sppg operasi jambi catat serap kerja hitung kerja upah ribu total anggar gelontor honor kerja capai hari total alokasi dana honor kerja program jambi capai miliar hari dampak ketenagakerjaan program jangkau ratus ribu terima manfaat capai sangar peran gerak ekonomi lokal cipta lapang kerja daerah catat masyarakat jambi rasa manfaat program balita hamil serta didik gubernur jambi al haris program jambi positif layan penuh gizi sppg rincian operasi operasional layan tahap siap survei lapang turut program dampak tangan stunting gerak ekonomi lokal tani laku usaha dasar tekan tingkat produksi pangan beras lanjut program jual daerah jambi serap bantu ekonomi daerah al haris warta agus suprayitnoeditor siri antonicopyright
Makan Siang Gratis,"Dinilai Pandai Berinovasi, Kota Cilegon Ditunjuk Jadi Proyek Percontohan Program Makan Siang Gratis - Berita Cilegon","Sat, 02 May 2026 11:29:12 GMT",Berita Cilegon,https://berita.cilegon.go.id,https://news.google.com/rss/articles/CBMi6wFBVV95cUxNWmpTdGQ1QzlkZGsyNk1mWGZ3dG9CenVRQWZMN0lFWnJUa2I3REZzSTZSR3hNSTlMaWNMbDRkMlBYZVM1SW1Wd2JSU1FmNnRWUEhTdXk1NURadkFLN09Dd0hWZUx1VjVwMEEzOXpIOE1BdHJxeUpyWk9GejNZX0tUNWJra1VWNFI3U05uZUticmRvMDE1WndvMTNGT1daTjRsUHY4NEpMWVRzc1ZRRTZRUlpPLXFLbTJIVjgxNGF6R19WOHdOdW1uclBVVzJNcE9oR3h5UjZ2NXRHUGhLbm0yZzlna211NEFMM2dz?oc=5,"https://berita.cilegon.go.id/baca/Dinilai-Pandai-Berinovasi,-Kota-Cilegon-Ditunjuk-Jadi-Proyek-Percontohan-Program-Makan-Siang-Gratis/20260502/MTE0OA%3D%3D","Loading
Loading
CILEGON, DISKOMINFO– Dewan Ketahanan Nasional (Wantannas) menunjuk Pemerintah Kota (Pemkot) Cilegon sebagai pilot project atau proyek percontohan pelaksanaan program makan siang gratis, karena dinilai pandai berinovasi. Hal itu terungkap pada acara Pertemuan Dewan Ketahanan Nasional bersama Wali Kota Cilegon Helldy Agustian dan Penjabat (Pj) Wali Kota Tangerang Nurdin di Ruang Rapat Wali Kota Cilegon, Kamis 4 Juli 2024.
“Kami butuh mempersiapkan mekanisme (Program makan siang gratis-red), mulai dari menyiapkan makannya, sampai penyerahan dan pendanaannya. Maka, kami bertemu Wali Kota Cilegon (Helldy Agustian-red) yang penuh inovasi. Jadi, kami harap hari ini (Kemarin-red) mendapatkan banyak masukan mengenai ini (Realisasi program makan siang gratis-red),” kata Staf Khusus (Stafsus) Sekretaris Jendral (Sesjen) Dewan Ketahanan Nasional, Taviota Bay sebagaimana dirilis Diskominfo Kota Cilegon, Kamis 4 Juni 2024.
Menurut Taviota, pelaksanaan project percontohan program makan siang gratis akan dimulai awal Agustus selama sepekan dan jika pada hari ketiga sudah mampu berjalan dengan baik, maka akan ada dilakukan pemantauan pelaksanaannya langsung oleh tim dari Pusat. “Kami sangat menyukai banyak ide dari pak wali ini (Helldy Agustian-red), lebih mengedepankan kolaborasi, mulai dari catering sampai kantin sekolah dalam melaksanakan makan siang gratis ini, tentunya tetap diawasi oleh Dinas Kesehatan (Dinkes) dalam pemenuhan gizinya,” tutur Taviota.
Sementara itu, Wali Kota Cilegon Helldy Agustian menyambut baik kedatangan tim Dewan Ketahanan Nasional bersama Pj Wali Kota Tangerang ke Kota Cilegon. “Terkait dipilihnya Kota Cilegon sebagai proyek percontohan program makan siang gratis menjadi suatu kehormatan bagi kami. Kami telah memiliki bayangan mekanisme program makan siang gratis ini. Kami akan memulai dari 2 SD (Sekolah Dasar), 2 SMP (Sekolah Menengah Pertama), dan 2 Madrasah Aliyah (MA) untuk kita buatkan mekanisme, mulai dari persiapan sampai pelaksanaan,” katanya.
Dalam hal ini, Helldy mengaku, pihaknya akan membuka kolaborasi antara Pemkot Cilegon, Pemkot Tangerang dan Dewan Ketahanan Nasional. “Tentu kami membuka segala bentuk kolaborasi bersama Kota Tangerang dan Dewan Ketahanan Nasional selama itu bermanfaat untuk masyarakat Kota Cilegon,” akunya.
Pj Wali Kota Tangerang, Nurdin menjelaskan bahwa pertemuan bersama Dewan Ketahanan Nasional, Pemkot Cilegon dan Pemkot Tangerang itu merupakan langkah untuk membuka ruang diskusi terkait pelaksanaan program makan siang gratis. “Kota Tangerang akan bergerak melibatkan TP PKK (Tim Penggerak Pemberdayaan Kesejahteraan Keluarga). Dalam mempersiapkan makan siang gratis ini, Kota Tangerang juga telah menyiapkan Dapur PKK yang dinaungi oleh ibu – ibu PKK,” jelasnya. (*)",Bravo Solution Indonesia,"loading
loading
cilegon, diskominfo– dewan ketahanan nasional (wantannas) menunjuk pemerintah kota (pemkot) cilegon sebagai pilot project atau proyek percontohan pelaksanaan program makan siang gratis, karena dinilai pandai berinovasi. hal itu terungkap pada acara pertemuan dewan ketahanan nasional bersama wali kota cilegon helldy agustian dan penjabat (pj) wali kota tangerang nurdin di ruang rapat wali kota cilegon, kamis 4 juli 2024.
“kami butuh mempersiapkan mekanisme (program makan siang gratis-red), mulai dari menyiapkan makannya, sampai penyerahan dan pendanaannya. maka, kami bertemu wali kota cilegon (helldy agustian-red) yang penuh inovasi. jadi, kami harap hari ini (kemarin-red) mendapatkan banyak masukan mengenai ini (realisasi program makan siang gratis-red),” kata staf khusus (stafsus) sekretaris jendral (sesjen) dewan ketahanan nasional, taviota bay sebagaimana dirilis diskominfo kota cilegon, kamis 4 juni 2024.
menurut taviota, pelaksanaan project percontohan program makan siang gratis akan dimulai awal agustus selama sepekan dan jika pada hari ketiga sudah mampu berjalan dengan baik, maka akan ada dilakukan pemantauan pelaksanaannya langsung oleh tim dari pusat. “kami sangat menyukai banyak ide dari pak wali ini (helldy agustian-red), lebih mengedepankan kolaborasi, mulai dari catering sampai kantin sekolah dalam melaksanakan makan siang gratis ini, tentunya tetap diawasi oleh dinas kesehatan (dinkes) dalam pemenuhan gizinya,” tutur taviota.
sementara itu, wali kota cilegon helldy agustian menyambut baik kedatangan tim dewan ketahanan nasional bersama pj wali kota tangerang ke kota cilegon. “terkait dipilihnya kota cilegon sebagai proyek percontohan program makan siang gratis menjadi suatu kehormatan bagi kami. kami telah memiliki bayangan mekanisme program makan siang gratis ini. kami akan memulai dari 2 sd (sekolah dasar), 2 smp (sekolah menengah pertama), dan 2 madrasah aliyah (ma) untuk kita buatkan mekanisme, mulai dari persiapan sampai pelaksanaan,” katanya.
dalam hal ini, helldy mengaku, pihaknya akan membuka kolaborasi antara pemkot cilegon, pemkot tangerang dan dewan ketahanan nasional. “tentu kami membuka segala bentuk kolaborasi bersama kota tangerang dan dewan ketahanan nasional selama itu bermanfaat untuk masyarakat kota cilegon,” akunya.
pj wali kota tangerang, nurdin menjelaskan bahwa pertemuan bersama dewan ketahanan nasional, pemkot cilegon dan pemkot tangerang itu merupakan langkah untuk membuka ruang diskusi terkait pelaksanaan program makan siang gratis. “kota tangerang akan bergerak melibatkan tp pkk (tim penggerak pemberdayaan kesejahteraan keluarga). dalam mempersiapkan makan siang gratis ini, kota tangerang juga telah menyiapkan dapur pkk yang dinaungi oleh ibu – ibu pkk,” jelasnya. (*)",loading loading cilegon diskominfo dewan ketahanan nasional wantannas menunjuk pemerintah kota pemkot cilegon sebagai pilot project atau proyek percontohan pelaksanaan program makan siang gratis karena dinilai pandai berinovasi hal itu terungkap pada acara pertemuan dewan ketahanan nasional bersama wali kota cilegon helldy agustian dan penjabat pj wali kota tangerang nurdin di ruang rapat wali kota cilegon kamis juli kami butuh mempersiapkan mekanisme program makan siang gratis red mulai dari menyiapkan makannya sampai penyerahan dan pendanaannya maka kami bertemu wali kota cilegon helldy agustian red yang penuh inovasi jadi kami harap hari ini kemarin red mendapatkan banyak masukan mengenai ini realisasi program makan siang gratis red kata staf khusus stafsus sekretaris jendral sesjen dewan ketahanan nasional taviota bay sebagaimana dirilis diskominfo kota cilegon kamis juni menurut taviota pelaksanaan project percontohan program makan siang gratis akan dimulai awal agustus selama sepekan dan jika pada hari ketiga sudah mampu berjalan dengan baik maka akan ada dilakukan pemantauan pelaksanaannya langsung oleh tim dari pusat kami sangat menyukai banyak ide dari pak wali ini helldy agustian red lebih mengedepankan kolaborasi mulai dari catering sampai kantin sekolah dalam melaksanakan makan siang gratis ini tentunya tetap diawasi oleh dinas kesehatan dinkes dalam pemenuhan gizinya tutur taviota sementara itu wali kota cilegon helldy agustian menyambut baik kedatangan tim dewan ketahanan nasional bersama pj wali kota tangerang ke kota cilegon terkait dipilihnya kota cilegon sebagai proyek percontohan program makan siang gratis menjadi suatu kehormatan bagi kami kami telah memiliki bayangan mekanisme program makan siang gratis ini kami akan memulai dari sd sekolah dasar smp sekolah menengah pertama dan madrasah aliyah ma untuk kita buatkan mekanisme mulai dari persiapan sampai pelaksanaan katanya dalam hal ini helldy mengaku pihaknya akan membuka kolaborasi antara pemkot cilegon pemkot tangerang dan dewan ketahanan nasional tentu kami membuka segala bentuk kolaborasi bersama kota tangerang dan dewan ketahanan nasional selama itu bermanfaat untuk masyarakat kota cilegon akunya pj wali kota tangerang nurdin menjelaskan bahwa pertemuan bersama dewan ketahanan nasional pemkot cilegon dan pemkot tangerang itu merupakan langkah untuk membuka ruang diskusi terkait pelaksanaan program makan siang gratis kota tangerang akan bergerak melibatkan tp pkk tim penggerak pemberdayaan kesejahteraan keluarga dalam mempersiapkan makan siang gratis ini kota tangerang juga telah menyiapkan dapur pkk yang dinaungi oleh ibu ibu pkk jelasnya,373,cilegon diskominfo dewan ketahanan nasional wantannas pemerintah kota pemkot cilegon pilot project proyek percontohan program makan siang gratis dinilai pandai berinovasi terungkap acara pertemuan dewan ketahanan nasional wali kota cilegon helldy agustian penjabat pj wali kota tangerang nurdin ruang rapat wali kota cilegon kamis juli butuh mekanisme program makan siang gratis red makannya penyerahan pendanaannya bertemu wali kota cilegon helldy agustian red penuh inovasi harap kemarin red masukan realisasi program makan siang gratis red staf khusus stafsus sekretaris jendral sesjen dewan ketahanan nasional taviota bay dirilis diskominfo kota cilegon kamis juni taviota project percontohan program makan siang gratis agustus sepekan ketiga berjalan pemantauan pelaksanaannya tim pusat menyukai ide wali helldy agustian red mengedepankan kolaborasi catering kantin sekolah melaksanakan makan siang gratis diawasi dinas kesehatan dinkes pemenuhan gizinya taviota wali kota cilegon helldy agustian menyambut kedatangan tim dewan ketahanan nasional pj wali kota tangerang kota cilegon dipilihnya kota cilegon proyek percontohan program makan siang gratis kehormatan bayangan mekanisme program makan siang gratis sd sekolah dasar smp sekolah menengah madrasah aliyah ma buatkan mekanisme persiapan helldy mengaku membuka kolaborasi pemkot cilegon pemkot tangerang dewan ketahanan nasional membuka bentuk kolaborasi kota tangerang dewan ketahanan nasional bermanfaat masyarakat kota cilegon akunya pj wali kota tangerang nurdin pertemuan dewan ketahanan nasional pemkot cilegon pemkot tangerang membuka ruang diskusi program makan siang gratis kota tangerang bergerak melibatkan tp pkk tim penggerak pemberdayaan kesejahteraan keluarga makan siang gratis kota tangerang dapur pkk dinaungi pkk,237,cilegon diskominfo dewan tahan nasional wantannas perintah kota pemkot cilegon pilot project proyek contoh program makan siang gratis nilai pandai inovasi ungkap acara temu dewan tahan nasional wali kota cilegon helldy agustian jabat pj wali kota tangerang nurdin ruang rapat wali kota cilegon kamis juli butuh mekanisme program makan siang gratis red makan serah dana temu wali kota cilegon helldy agustian red penuh inovasi harap kemarin red masuk realisasi program makan siang gratis red staf khusus stafsus sekretaris jendral sesjen dewan tahan nasional taviota bay rilis diskominfo kota cilegon kamis juni taviota project contoh program makan siang gratis agustus pek tiga jalan pantau laksana tim pusat suka ide wali helldy agustian red depan kolaborasi catering kantin sekolah laksana makan siang gratis awas dinas sehat dinkes penuh gizi taviota wali kota cilegon helldy agustian sambut datang tim dewan tahan nasional pj wali kota tangerang kota cilegon pilih kota cilegon proyek contoh program makan siang gratis hormat bayang mekanisme program makan siang gratis sd sekolah dasar smp sekolah tengah madrasah aliyah ma buat mekanisme siap helldy aku buka kolaborasi pemkot cilegon pemkot tangerang dewan tahan nasional buka bentuk kolaborasi kota tangerang dewan tahan nasional manfaat masyarakat kota cilegon aku pj wali kota tangerang nurdin temu dewan tahan nasional pemkot cilegon pemkot tangerang buka ruang diskusi program makan siang gratis kota tangerang gerak libat tp pkk tim gerak daya sejahtera keluarga makan siang gratis kota tangerang dapur pkk naung pkk
Makan Siang Gratis,Pemerintah Hapus Program Makan Gratis Hari Sabtu demi Hemat Anggaran - Babel Insight,"Thu, 30 Apr 2026 07:23:17 GMT",Babel Insight,https://www.babelinsight.id,https://news.google.com/rss/articles/CBMicEFVX3lxTFBXUmdpYnNnZGFJMEZDODk3aDVQTzc3X1E4b05feEFSZFIyVHc5WVJXSUl0YzZnd1JCcklZdzJhbFUzeGo1Nnd3Q0ZVY0RDYkpoWDNtUVV5VVlqMFU5MXRucEJqVHdIVE1qb0FmTU16X1c?oc=5,https://www.babelinsight.id/penghapusan-makan-gratis-sabtu-apbn,"Pemerintah melalui Kementerian Keuangan memutuskan untuk menghapus penyaluran programMakan Bergizi Gratis(MBG) setiap hari Sabtu guna menjaga stabilitasAPBN. Kebijakan efisiensi ini disampaikan oleh Wakil Menteri Keuangan Juda Agung di Jakarta pada Senin (27/4/2026) sebagai langkah penghematan anggaran negara.
Langkah penajaman belanja ini diproyeksikan mampu menekan pengeluaran pemerintah hingga Rp1 triliun setiap pekannya. Berdasarkan data yang dilansir dari Suara, penghapusan layanan pada hari Sabtu dan masa libur sekolah tersebut bertujuan agar pelaksanaan program prioritas tetap berjalan lebih efisien di tengah tekanan ekonomi global.
Juda Agung menjelaskan bahwa perubahan skema ini merupakan bagian dari strategi refocusing untuk memastikan program tetap berkualitas. Penghapusan tersebut dianggap lebih masuk akal secara operasional karena siswa tidak perlu datang ke sekolah hanya untuk mendapatkan jatah makan siang.
""MBG misalnya, yang dulunya Sabtu diberikan makan siang gratis, sekarang itu dihilangkan. Satu hari itu bisa ngirit satu triliun,"" kata Juda Agung, Wakil Menteri Keuangan.
Secara akumulatif, penghematan dari kebijakan ini diperkirakan mencapai Rp4 triliun dalam satu bulan. Dalam jangka panjang, potensi dana yang bisa diamankan pemerintah diprediksi menyentuh angka puluhan triliun rupiah per tahun.
""Empat kali dalam sebulan itu bisa mengirit atau menghemat Rp4 triliun. Setahun tentu saja sekitar Rp50 triliun kita bisa menghemat,"" ujarnya.
Selain mengatur jadwal pemberian makanan,Kemenkeujuga melakukan pengawasan ketat terhadap standar operasional di lapangan. Pemerintah berkomitmen mengevaluasi setiap Satuan Pelayanan Pemenuhan Gizi (SPPG) agar kualitas nutrisi yang diterima masyarakat tetap terjaga sesuai standar yang ditetapkan.
""Ini adalah refocusing atau penajaman. Kita tetap melakukan program-program prioritas yang ada dengan lebih berkualitas dan lebih tajam,"" ucap Juda Agung.
Upaya pengendalian belanja ini juga dilakukan untuk merespons fluktuasi harga minyak mentah dunia yang memberikan tekanan pada subsidi energi. Pemerintah tetap berupaya menahan harga bahan bakar minyak agar daya beli masyarakat tidak terganggu, sembari memaksimalkan penerimaan dari sektor perpajakan dan komoditas unggulan.",Babel Insight,"pemerintah melalui kementerian keuangan memutuskan untuk menghapus penyaluran programmakan bergizi gratis(mbg) setiap hari sabtu guna menjaga stabilitasapbn. kebijakan efisiensi ini disampaikan oleh wakil menteri keuangan juda agung di jakarta pada senin (27/4/2026) sebagai langkah penghematan anggaran negara.
langkah penajaman belanja ini diproyeksikan mampu menekan pengeluaran pemerintah hingga rp1 triliun setiap pekannya. berdasarkan data yang dilansir dari suara, penghapusan layanan pada hari sabtu dan masa libur sekolah tersebut bertujuan agar pelaksanaan program prioritas tetap berjalan lebih efisien di tengah tekanan ekonomi global.
juda agung menjelaskan bahwa perubahan skema ini merupakan bagian dari strategi refocusing untuk memastikan program tetap berkualitas. penghapusan tersebut dianggap lebih masuk akal secara operasional karena siswa tidak perlu datang ke sekolah hanya untuk mendapatkan jatah makan siang.
""mbg misalnya, yang dulunya sabtu diberikan makan siang gratis, sekarang itu dihilangkan. satu hari itu bisa ngirit satu triliun,"" kata juda agung, wakil menteri keuangan.
secara akumulatif, penghematan dari kebijakan ini diperkirakan mencapai rp4 triliun dalam satu bulan. dalam jangka panjang, potensi dana yang bisa diamankan pemerintah diprediksi menyentuh angka puluhan triliun rupiah per tahun.
""empat kali dalam sebulan itu bisa mengirit atau menghemat rp4 triliun. setahun tentu saja sekitar rp50 triliun kita bisa menghemat,"" ujarnya.
selain mengatur jadwal pemberian makanan,kemenkeujuga melakukan pengawasan ketat terhadap standar operasional di lapangan. pemerintah berkomitmen mengevaluasi setiap satuan pelayanan pemenuhan gizi (sppg) agar kualitas nutrisi yang diterima masyarakat tetap terjaga sesuai standar yang ditetapkan.
""ini adalah refocusing atau penajaman. kita tetap melakukan program-program prioritas yang ada dengan lebih berkualitas dan lebih tajam,"" ucap juda agung.
upaya pengendalian belanja ini juga dilakukan untuk merespons fluktuasi harga minyak mentah dunia yang memberikan tekanan pada subsidi energi. pemerintah tetap berupaya menahan harga bahan bakar minyak agar daya beli masyarakat tidak terganggu, sembari memaksimalkan penerimaan dari sektor perpajakan dan komoditas unggulan.",pemerintah melalui kementerian keuangan memutuskan untuk menghapus penyaluran programmakan bergizi gratis mbg setiap hari sabtu guna menjaga stabilitasapbn kebijakan efisiensi ini disampaikan oleh wakil menteri keuangan juda agung di jakarta pada senin sebagai langkah penghematan anggaran negara langkah penajaman belanja ini diproyeksikan mampu menekan pengeluaran pemerintah hingga rp triliun setiap pekannya berdasarkan data yang dilansir dari suara penghapusan layanan pada hari sabtu dan masa libur sekolah tersebut bertujuan agar pelaksanaan program prioritas tetap berjalan lebih efisien di tengah tekanan ekonomi global juda agung menjelaskan bahwa perubahan skema ini merupakan bagian dari strategi refocusing untuk memastikan program tetap berkualitas penghapusan tersebut dianggap lebih masuk akal secara operasional karena siswa tidak perlu datang ke sekolah hanya untuk mendapatkan jatah makan siang mbg misalnya yang dulunya sabtu diberikan makan siang gratis sekarang itu dihilangkan satu hari itu bisa ngirit satu triliun kata juda agung wakil menteri keuangan secara akumulatif penghematan dari kebijakan ini diperkirakan mencapai rp triliun dalam satu bulan dalam jangka panjang potensi dana yang bisa diamankan pemerintah diprediksi menyentuh angka puluhan triliun rupiah per tahun empat kali dalam sebulan itu bisa mengirit atau menghemat rp triliun setahun tentu saja sekitar rp triliun kita bisa menghemat ujarnya selain mengatur jadwal pemberian makanan kemenkeujuga melakukan pengawasan ketat terhadap standar operasional di lapangan pemerintah berkomitmen mengevaluasi setiap satuan pelayanan pemenuhan gizi sppg agar kualitas nutrisi yang diterima masyarakat tetap terjaga sesuai standar yang ditetapkan ini adalah refocusing atau penajaman kita tetap melakukan program program prioritas yang ada dengan lebih berkualitas dan lebih tajam ucap juda agung upaya pengendalian belanja ini juga dilakukan untuk merespons fluktuasi harga minyak mentah dunia yang memberikan tekanan pada subsidi energi pemerintah tetap berupaya menahan harga bahan bakar minyak agar daya beli masyarakat tidak terganggu sembari memaksimalkan penerimaan dari sektor perpajakan dan komoditas unggulan,294,pemerintah kementerian keuangan memutuskan menghapus penyaluran programmakan bergizi gratis sabtu menjaga stabilitasapbn kebijakan efisiensi wakil menteri keuangan juda agung jakarta senin penghematan anggaran negara penajaman belanja diproyeksikan menekan pengeluaran pemerintah triliun pekannya data dilansir suara penghapusan layanan sabtu libur sekolah bertujuan program prioritas berjalan efisien tekanan ekonomi global juda agung perubahan skema strategi refocusing program berkualitas penghapusan masuk akal operasional siswa sekolah jatah makan siang dulunya sabtu makan siang gratis dihilangkan ngirit triliun juda agung wakil menteri keuangan akumulatif penghematan kebijakan mencapai triliun jangka potensi dana diamankan pemerintah diprediksi menyentuh angka puluhan triliun rupiah kali sebulan mengirit menghemat triliun setahun triliun menghemat mengatur jadwal pemberian makanan kemenkeujuga pengawasan ketat standar operasional lapangan pemerintah berkomitmen mengevaluasi pelayanan pemenuhan gizi sppg kualitas nutrisi diterima masyarakat terjaga standar ditetapkan refocusing penajaman program program prioritas berkualitas tajam juda agung upaya pengendalian belanja merespons fluktuasi harga minyak mentah dunia tekanan subsidi energi pemerintah berupaya menahan harga bahan bakar minyak beli masyarakat terganggu sembari memaksimalkan penerimaan perpajakan komoditas unggulan,163,perintah menteri uang putus hapus salur programmakan gizi gratis sabtu jaga stabilitasapbn bijak efisiensi wakil menteri uang juda agung jakarta senin hemat anggar negara najam belanja proyeksi tekan keluar perintah triliun pekan data lansir suara hapus layan sabtu libur sekolah tuju program prioritas jalan efisien tekan ekonomi global juda agung ubah skema strategi refocusing program kualitas hapus masuk akal operasional siswa sekolah jatah makan siang dulunya sabtu makan siang gratis hilang ngirit triliun juda agung wakil menteri uang akumulatif hemat bijak capai triliun jangka potensi dana aman perintah prediksi sentuh angka puluh triliun rupiah kali bulan irit hemat triliun tahun triliun hemat atur jadwal beri makan kemenkeujuga awas ketat standar operasional lapang perintah komitmen evaluasi layan penuh gizi sppg kualitas nutrisi terima masyarakat jaga standar tetap refocusing najam program program prioritas kualitas tajam juda agung upaya kendali belanja respons fluktuasi harga minyak mentah dunia tekan subsidi energi perintah upaya tahan harga bahan bakar minyak beli masyarakat ganggu sembari maksimal terima paja komoditas unggul
Makan Siang Gratis,Program Makan Bergizi Gratis Disyukuri Pelajar Kota Sorong - Kemenko Polkam R.I.,"Fri, 22 Aug 2025 07:00:00 GMT",Kemenko Polkam R.I.,https://polkam.go.id,https://news.google.com/rss/articles/CBMihwFBVV95cUxQVnhweDVZOGUxSkU2Sm9RUHN4N3JZVVoxTWkyS0lpbFI4d1dhemZVZWJCUzBxZ1VCTXBONG51OXRpQjJQZ0FTVnM2dVZ5Q2lMX0JDYjhscmxxM1U0YWc1MXRTZFVWZkpfbWlNN05fdFlWMkFMS0Z6SnZsNDdwckhyXzJqRjhkb1k?oc=5,https://polkam.go.id/program-makan-bergizi-gratis-disyukuri-pelajar-kota-sorong/,"SIARAN PERS No. 359/SP/HM.01.02/POLKAM/8/2025
Polkam, Sorong – Kementerian Koordinator Bidang Politik dan Keamanan (Kemenko Polkam) melakukan pemantauan program prioritas presiden, yaitu Program Makan Bergizi Gratis, di Kota Sorong, Papua Barat Daya, Kamis (21/8/2025). Pemantauan dilakukan di dua sekolah, yaitu SMKN 1 Kota Sorong dan SMPN 2 Kota Sorong.
Asisten Deputi Koordinasi Telekomunikasi dan Informatika, Marsma TNI Agus Pandu Purnama, menyatakan bahwa ia mengecek langsung program makan siang gratis di sekolah. Menurutnya, makanan yang disediakan sudah sesuai standar serta memenuhi kebutuhan 35% Gizi harian, dan enak, Indikatornya, seluruh makanan habis.
“Anak-anak sekolah, begitu saya buka tempat makan mereka, itu semua habis. Enak dan terjamin gizinya,” kata Marsma Pandu.
Ia menambahkan, program Makan Bergizi Gratis sangat bermanfaat, terutama bagi kebutuhan gizi harian para pelajar-pelajar di daerah. Tak terkecuali di Papua Barat Daya. Terlebih ada fakta bahwa banyak anak berangkat sekolah tanpa sarapan. Hal ini menjadikan program Makan Bergizi Gratis sangat dinantikan setiap hari. Program ini terbukti bukan hanya menyehatkan, tetapi juga mendorong semangat belajar siswa.
“Ini kesempatan untuk anak-anak tumbuh berkembang dengan sehat dan menjadi generasi yang tangguh menyambut Indonesia Emas 2045,” tambah Pandu.
Program MBG di SMKN 1 dan SMPN 2 Kota Sorong berjalan lancar dan mendapat sambutan hangat siswa. Sejak Mei 2025, lebih dari 1.600 paket makanan bergizi per hari didistribusikan oleh SPPG yang berlokasi dekat sekolah.
Siswa menyatakan puas dengan menu yang disajikan, meskipun beberapa berharap adanya tambahan sambal.
Salah satu pelajar yang mengaku sangat senang dengan program ini adalah Viola, siswi SMP Negeri 2 Kota Sorong. “Enak. Senang sekali, sangat membantu,” kata Viola.
Berdasarkan data Kantor Komunikasi Kepresidenan, secara nasional hingga Juli 2025, program Makan Bergizi Gratis sudah menyasar 7.374.135 penerima manfaat. Sebanyak 2.375 dapur Satuan Pelayanan Pemenuhan Gizi (SPPG) juga telah beroperasi. Program ini juga membuat lebih dari 100.000 tenaga kerja terserap.
Pemantauan tim Kemenko Polkam juga dilakukan ke dapur penyedia makanan untuk masing-masing sekolah guna memastikan kualitas dan kebersihan makanan. Kedua dapur penyedia menu Makan Bergizi Gratis dinilai memiliki kualitas baik. Mulai dari kualitas makanan hingga kebersihan tempat dipatok dengan standar tinggi. Masing-masing dapur bahkan sudah dilengkapi ahli gizi.",Humas Kemenko Polhukam RI,"siaran pers no. 359/sp/hm.01.02/polkam/8/2025
polkam, sorong – kementerian koordinator bidang politik dan keamanan (kemenko polkam) melakukan pemantauan program prioritas presiden, yaitu program makan bergizi gratis, di kota sorong, papua barat daya, kamis (21/8/2025). pemantauan dilakukan di dua sekolah, yaitu smkn 1 kota sorong dan smpn 2 kota sorong.
asisten deputi koordinasi telekomunikasi dan informatika, marsma tni agus pandu purnama, menyatakan bahwa ia mengecek langsung program makan siang gratis di sekolah. menurutnya, makanan yang disediakan sudah sesuai standar serta memenuhi kebutuhan 35% gizi harian, dan enak, indikatornya, seluruh makanan habis.
“anak-anak sekolah, begitu saya buka tempat makan mereka, itu semua habis. enak dan terjamin gizinya,” kata marsma pandu.
ia menambahkan, program makan bergizi gratis sangat bermanfaat, terutama bagi kebutuhan gizi harian para pelajar-pelajar di daerah. tak terkecuali di papua barat daya. terlebih ada fakta bahwa banyak anak berangkat sekolah tanpa sarapan. hal ini menjadikan program makan bergizi gratis sangat dinantikan setiap hari. program ini terbukti bukan hanya menyehatkan, tetapi juga mendorong semangat belajar siswa.
“ini kesempatan untuk anak-anak tumbuh berkembang dengan sehat dan menjadi generasi yang tangguh menyambut indonesia emas 2045,” tambah pandu.
program mbg di smkn 1 dan smpn 2 kota sorong berjalan lancar dan mendapat sambutan hangat siswa. sejak mei 2025, lebih dari 1.600 paket makanan bergizi per hari didistribusikan oleh sppg yang berlokasi dekat sekolah.
siswa menyatakan puas dengan menu yang disajikan, meskipun beberapa berharap adanya tambahan sambal.
salah satu pelajar yang mengaku sangat senang dengan program ini adalah viola, siswi smp negeri 2 kota sorong. “enak. senang sekali, sangat membantu,” kata viola.
berdasarkan data kantor komunikasi kepresidenan, secara nasional hingga juli 2025, program makan bergizi gratis sudah menyasar 7.374.135 penerima manfaat. sebanyak 2.375 dapur satuan pelayanan pemenuhan gizi (sppg) juga telah beroperasi. program ini juga membuat lebih dari 100.000 tenaga kerja terserap.
pemantauan tim kemenko polkam juga dilakukan ke dapur penyedia makanan untuk masing-masing sekolah guna memastikan kualitas dan kebersihan makanan. kedua dapur penyedia menu makan bergizi gratis dinilai memiliki kualitas baik. mulai dari kualitas makanan hingga kebersihan tempat dipatok dengan standar tinggi. masing-masing dapur bahkan sudah dilengkapi ahli gizi.",siaran pers no sp hm polkam polkam sorong kementerian koordinator bidang politik dan keamanan kemenko polkam melakukan pemantauan program prioritas presiden yaitu program makan bergizi gratis di kota sorong papua barat daya kamis pemantauan dilakukan di dua sekolah yaitu smkn kota sorong dan smpn kota sorong asisten deputi koordinasi telekomunikasi dan informatika marsma tni agus pandu purnama menyatakan bahwa ia mengecek langsung program makan siang gratis di sekolah menurutnya makanan yang disediakan sudah sesuai standar serta memenuhi kebutuhan gizi harian dan enak indikatornya seluruh makanan habis anak anak sekolah begitu saya buka tempat makan mereka itu semua habis enak dan terjamin gizinya kata marsma pandu ia menambahkan program makan bergizi gratis sangat bermanfaat terutama bagi kebutuhan gizi harian para pelajar pelajar di daerah tak terkecuali di papua barat daya terlebih ada fakta bahwa banyak anak berangkat sekolah tanpa sarapan hal ini menjadikan program makan bergizi gratis sangat dinantikan setiap hari program ini terbukti bukan hanya menyehatkan tetapi juga mendorong semangat belajar siswa ini kesempatan untuk anak anak tumbuh berkembang dengan sehat dan menjadi generasi yang tangguh menyambut indonesia emas tambah pandu program mbg di smkn dan smpn kota sorong berjalan lancar dan mendapat sambutan hangat siswa sejak mei lebih dari paket makanan bergizi per hari didistribusikan oleh sppg yang berlokasi dekat sekolah siswa menyatakan puas dengan menu yang disajikan meskipun beberapa berharap adanya tambahan sambal salah satu pelajar yang mengaku sangat senang dengan program ini adalah viola siswi smp negeri kota sorong enak senang sekali sangat membantu kata viola berdasarkan data kantor komunikasi kepresidenan secara nasional hingga juli program makan bergizi gratis sudah menyasar penerima manfaat sebanyak dapur satuan pelayanan pemenuhan gizi sppg juga telah beroperasi program ini juga membuat lebih dari tenaga kerja terserap pemantauan tim kemenko polkam juga dilakukan ke dapur penyedia makanan untuk masing masing sekolah guna memastikan kualitas dan kebersihan makanan kedua dapur penyedia menu makan bergizi gratis dinilai memiliki kualitas baik mulai dari kualitas makanan hingga kebersihan tempat dipatok dengan standar tinggi masing masing dapur bahkan sudah dilengkapi ahli gizi,335,siaran pers sp hm polkam polkam sorong kementerian koordinator politik keamanan kemenko polkam pemantauan program prioritas presiden program makan bergizi gratis kota sorong papua barat kamis pemantauan sekolah smkn kota sorong smpn kota sorong asisten deputi koordinasi telekomunikasi informatika marsma tni agus pandu purnama mengecek program makan siang gratis sekolah menurutnya makanan disediakan standar memenuhi kebutuhan gizi harian enak indikatornya makanan habis anak anak sekolah buka makan habis enak terjamin gizinya marsma pandu program makan bergizi gratis bermanfaat kebutuhan gizi harian pelajar pelajar daerah terkecuali papua barat fakta anak berangkat sekolah sarapan menjadikan program makan bergizi gratis dinantikan program terbukti menyehatkan mendorong semangat belajar siswa kesempatan anak anak tumbuh berkembang sehat generasi tangguh menyambut indonesia emas pandu program smkn smpn kota sorong berjalan lancar sambutan hangat siswa mei paket makanan bergizi didistribusikan sppg berlokasi sekolah siswa puas menu disajikan berharap tambahan sambal salah pelajar mengaku senang program viola siswi smp negeri kota sorong enak senang membantu viola data kantor komunikasi kepresidenan nasional juli program makan bergizi gratis menyasar penerima manfaat dapur pelayanan pemenuhan gizi sppg beroperasi program tenaga kerja terserap pemantauan tim kemenko polkam dapur penyedia makanan sekolah kualitas kebersihan makanan dapur penyedia menu makan bergizi gratis dinilai kualitas kualitas makanan kebersihan dipatok standar dapur dilengkapi ahli gizi,208,siar pers sp hm polkam polkam sorong menteri koordinator politik aman kemenko polkam pantau program prioritas presiden program makan gizi gratis kota sorong papua barat kamis pantau sekolah smkn kota sorong smpn kota sorong asisten deputi koordinasi telekomunikasi informatika marsma tni agus pandu purnama ecek program makan siang gratis sekolah turut makan sedia standar penuh butuh gizi hari enak indikator makan habis anak anak sekolah buka makan habis enak jamin gizi marsma pandu program makan gizi gratis manfaat butuh gizi hari ajar ajar daerah kecuali papua barat fakta anak berangkat sekolah sarap jadi program makan gizi gratis nanti program bukti sehat dorong semangat ajar siswa sempat anak anak tumbuh kembang sehat generasi tangguh sambut indonesia emas pandu program smkn smpn kota sorong jalan lancar sambut hangat siswa mei paket makan gizi distribusi sppg lokasi sekolah siswa puas menu saji harap tambah sambal salah ajar aku senang program viola siswi smp negeri kota sorong enak senang bantu viola data kantor komunikasi presiden nasional juli program makan gizi gratis sasar terima manfaat dapur layan penuh gizi sppg operasi program tenaga kerja serap pantau tim kemenko polkam dapur sedia makan sekolah kualitas bersih makan dapur sedia menu makan gizi gratis nilai kualitas kualitas makan bersih patok standar dapur lengkap ahli gizi
MBG,Rektor IPB Respons Positif Dorongan BGN Agar PTN Buka Dapur MBG - CNN Indonesia,"Sat, 02 May 2026 09:05:16 GMT",CNN Indonesia,https://www.cnnindonesia.com,https://news.google.com/rss/articles/CBMixgFBVV95cUxPZXRaS0FrT1lTblFlNy1ySEotWkdRYWQtZUdkSS1idFZHNUlKRFpNRlBub2lYUmdrLUhHUkFWbFp4ZWRSOTY5ZDRJXzE2NHdrY3lacXRvRjR6V0VaLTMxWHhMcVpzZWpOTVNQcXI3TzNSb2hQNFhFSGVGdUFVUEJEZDlPWFlzdWxiNVJJLXl0dE9lWHFwNlVfVm5IRzZYekcxc3g1WF82ZFV5SkZmX3ItMmVOZzdPSFFtSGw0T0M5bGliVjgxLWfSAcsBQVVfeXFMT0NoNHlYOXBTa2FZY0RadTNYdldJeUpOTnpCejhVMGFIOTY3WnJYbDRIQkNhOUk0MWJXYW5NRGxXUU9xS2R0N05RS0FNUlRRZjFOQU5rVnJyR2lueU5kXzdPMW5zM3VaY2FvN3hUZGxVUmhpSlBmckQtU042SXowVHFmLXdmc1hMYi1fXzd5WEduc0RhSzlNajMxRVJ6WEVzRjVONnE4OFFYSjVQMlhRYmFycTdJWmVZbTloT3JtTmE1V21mVjRpRDJCa00?oc=5,https://www.cnnindonesia.com/nasional/20260502144356-20-1354385/rektor-ipb-respons-positif-dorongan-bgn-agar-ptn-buka-dapur-mbg,"Rektor IPB University Alim Setiawan Slamet merespons positif permintaan Badan Gizi Nasional (BGN) agar perguruan tinggi membangun dan mengelola dapur Makan Bergizi Gratis (MBG) atau Satuan Pelayanan Pemenuhan Gizi (SPPG).
Menurut Alim, langkah tersebut menunjukkan keterbukaan pemerintah dalam melibatkan kampus untuk mendukung program MBG.
ADVERTISEMENT
SCROLL TO CONTINUE WITH CONTENT
""Saya kira itu hal yang sangat positif dan patut diapresiasi atas keterbukaan dari BGN karena kampus juga ingin berkontribusi untuk mensukseskan program (MBG),"" kata Alim di Hotel Borobudur, Jakarta, Sabtu (2/5).
Ia menilai peran kampus tidak hanya sebatas mengoperasikan dapur, tetapi juga membangun ekosistem terintegrasi dari hulu hingga hilir.
Jadi, SPPG yang dibangun oleh kampus bisa menjadi satu ekosistem yang terintegrasi melibatkan petani, serta rantai pasok yang disuplai dari sekitarnya.
Ia menjelaskan keterlibatan kampus juga membuka peluang pemanfaatan SPPG sebagai sarana pembelajaran langsung bagi mahasiswa.
Menurut dia, fasilitas tersebut dapat menjadi laboratorium hidup atau living lab, sekaligus wadah experiential learning dan penelitian bagi dosen secara real time.
Berbagai inovasi kampus juga bisa diterapkan, mulai dari efisiensi energi dapur, pengembangan menu, hingga peningkatan standar keamanan dan mutu pangan, termasuk pengelolaan limbah.
Alim mengatakan IPB saat ini tengah membangun SPPG melalui yayasan mereka. Satu unit ditargetkan rampung dibangun pada Mei, disusul satu unit lainnya pada Juni. Keduanya berlokasi di Bogor.
Ia menambahkan sejak tahun lalu IPB telah ditugaskan Badan Perencanaan Pembangunan Nasional (Bappenas) sebagai center of excellence dalam pemenuhan pangan dan gizi untuk program MBG.
""Kita bekerjasama dengan berbagai kementerian dan juga didukung oleh UNICEF dan juga BGN,"" ujar Alim.
Melalui peran tersebut, IPB terlibat dalam pelatihan, penyusunan modul, serta panduan pelaksanaan MBG. Selain itu, kampus juga menjadi mitra BGN dalam melakukan kajian dan riset terkait program tersebut.
Kepala BGN Dadan Handayana meminta langsung I perguruan tinggi membangun dan mengelola dapur SPPG secara mandiri untuk mendukung program MBG.
""Saya kira kampus perlu memahami ini, karena ini peluang besar. Minimal punya satu SPPG dulu, dan kalau bisa pasokannya berasal dari civitas akademika sendiri,"" ujar Dadan dalam keterangan resmi di Makassar, Selasa (28/4).
Dadan mengatakan satu unit SPPG membutuhkan dukungan pasokan bahan pangan dalam jumlah besar. Untuk kebutuhan beras, satu SPPG memerlukan sekitar 8 hektare lahan sawah.
Sementara untuk kebutuhan pakan ternak dibutuhkan sekitar 19 hektare lahan jagung. Selain itu, kebutuhan telur harian untuk satu SPPG juga membutuhkan sekitar 3.700 hingga 4.000 ayam petelur.
""Kalau ingin telurnya dipasok sendiri, maka harus ada sekitar 3.700 sampai 4.000 ayam petelur untuk satu SPPG,"" katanya.
Menurut Dadan, kebutuhan tersebut dapat dipenuhi melalui keterlibatan civitas akademika maupun kerja sama dengan petani, peternak, dan pelaku usaha di sekitar kampus.
Ia menyebut kampus dapat menjadikan pengelolaan SPPG sebagai bagian dari kegiatan praktik lapangan mahasiswa, mulai dari pertanian, peternakan, pengolahan pangan, hingga distribusi.
Dengan demikian, kata dia, SPPG tidak hanya berfungsi sebagai dapur penyedia makanan bergizi, tetapi juga menjadi tempat penerapan kegiatan akademik yang terkait dengan rantai pasok pangan.",,"rektor ipb university alim setiawan slamet merespons positif permintaan badan gizi nasional (bgn) agar perguruan tinggi membangun dan mengelola dapur makan bergizi gratis (mbg) atau satuan pelayanan pemenuhan gizi (sppg).
menurut alim, langkah tersebut menunjukkan keterbukaan pemerintah dalam melibatkan kampus untuk mendukung program mbg.
advertisement
scroll to continue with content
""saya kira itu hal yang sangat positif dan patut diapresiasi atas keterbukaan dari bgn karena kampus juga ingin berkontribusi untuk mensukseskan program (mbg),"" kata alim di hotel borobudur, jakarta, sabtu (2/5).
ia menilai peran kampus tidak hanya sebatas mengoperasikan dapur, tetapi juga membangun ekosistem terintegrasi dari hulu hingga hilir.
jadi, sppg yang dibangun oleh kampus bisa menjadi satu ekosistem yang terintegrasi melibatkan petani, serta rantai pasok yang disuplai dari sekitarnya.
ia menjelaskan keterlibatan kampus juga membuka peluang pemanfaatan sppg sebagai sarana pembelajaran langsung bagi mahasiswa.
menurut dia, fasilitas tersebut dapat menjadi laboratorium hidup atau living lab, sekaligus wadah experiential learning dan penelitian bagi dosen secara real time.
berbagai inovasi kampus juga bisa diterapkan, mulai dari efisiensi energi dapur, pengembangan menu, hingga peningkatan standar keamanan dan mutu pangan, termasuk pengelolaan limbah.
alim mengatakan ipb saat ini tengah membangun sppg melalui yayasan mereka. satu unit ditargetkan rampung dibangun pada mei, disusul satu unit lainnya pada juni. keduanya berlokasi di bogor.
ia menambahkan sejak tahun lalu ipb telah ditugaskan badan perencanaan pembangunan nasional (bappenas) sebagai center of excellence dalam pemenuhan pangan dan gizi untuk program mbg.
""kita bekerjasama dengan berbagai kementerian dan juga didukung oleh unicef dan juga bgn,"" ujar alim.
melalui peran tersebut, ipb terlibat dalam pelatihan, penyusunan modul, serta panduan pelaksanaan mbg. selain itu, kampus juga menjadi mitra bgn dalam melakukan kajian dan riset terkait program tersebut.
kepala bgn dadan handayana meminta langsung i perguruan tinggi membangun dan mengelola dapur sppg secara mandiri untuk mendukung program mbg.
""saya kira kampus perlu memahami ini, karena ini peluang besar. minimal punya satu sppg dulu, dan kalau bisa pasokannya berasal dari civitas akademika sendiri,"" ujar dadan dalam keterangan resmi di makassar, selasa (28/4).
dadan mengatakan satu unit sppg membutuhkan dukungan pasokan bahan pangan dalam jumlah besar. untuk kebutuhan beras, satu sppg memerlukan sekitar 8 hektare lahan sawah.
sementara untuk kebutuhan pakan ternak dibutuhkan sekitar 19 hektare lahan jagung. selain itu, kebutuhan telur harian untuk satu sppg juga membutuhkan sekitar 3.700 hingga 4.000 ayam petelur.
""kalau ingin telurnya dipasok sendiri, maka harus ada sekitar 3.700 sampai 4.000 ayam petelur untuk satu sppg,"" katanya.
menurut dadan, kebutuhan tersebut dapat dipenuhi melalui keterlibatan civitas akademika maupun kerja sama dengan petani, peternak, dan pelaku usaha di sekitar kampus.
ia menyebut kampus dapat menjadikan pengelolaan sppg sebagai bagian dari kegiatan praktik lapangan mahasiswa, mulai dari pertanian, peternakan, pengolahan pangan, hingga distribusi.
dengan demikian, kata dia, sppg tidak hanya berfungsi sebagai dapur penyedia makanan bergizi, tetapi juga menjadi tempat penerapan kegiatan akademik yang terkait dengan rantai pasok pangan.",rektor ipb university alim setiawan slamet merespons positif permintaan badan gizi nasional bgn agar perguruan tinggi membangun dan mengelola dapur makan bergizi gratis mbg atau satuan pelayanan pemenuhan gizi sppg menurut alim langkah tersebut menunjukkan keterbukaan pemerintah dalam melibatkan kampus untuk mendukung program mbg advertisement scroll to continue with content saya kira itu hal yang sangat positif dan patut diapresiasi atas keterbukaan dari bgn karena kampus juga ingin berkontribusi untuk mensukseskan program mbg kata alim di hotel borobudur jakarta sabtu ia menilai peran kampus tidak hanya sebatas mengoperasikan dapur tetapi juga membangun ekosistem terintegrasi dari hulu hingga hilir jadi sppg yang dibangun oleh kampus bisa menjadi satu ekosistem yang terintegrasi melibatkan petani serta rantai pasok yang disuplai dari sekitarnya ia menjelaskan keterlibatan kampus juga membuka peluang pemanfaatan sppg sebagai sarana pembelajaran langsung bagi mahasiswa menurut dia fasilitas tersebut dapat menjadi laboratorium hidup atau living lab sekaligus wadah experiential learning dan penelitian bagi dosen secara real time berbagai inovasi kampus juga bisa diterapkan mulai dari efisiensi energi dapur pengembangan menu hingga peningkatan standar keamanan dan mutu pangan termasuk pengelolaan limbah alim mengatakan ipb saat ini tengah membangun sppg melalui yayasan mereka satu unit ditargetkan rampung dibangun pada mei disusul satu unit lainnya pada juni keduanya berlokasi di bogor ia menambahkan sejak tahun lalu ipb telah ditugaskan badan perencanaan pembangunan nasional bappenas sebagai center of excellence dalam pemenuhan pangan dan gizi untuk program mbg kita bekerjasama dengan berbagai kementerian dan juga didukung oleh unicef dan juga bgn ujar alim melalui peran tersebut ipb terlibat dalam pelatihan penyusunan modul serta panduan pelaksanaan mbg selain itu kampus juga menjadi mitra bgn dalam melakukan kajian dan riset terkait program tersebut kepala bgn dadan handayana meminta langsung perguruan tinggi membangun dan mengelola dapur sppg secara mandiri untuk mendukung program mbg saya kira kampus perlu memahami ini karena ini peluang besar minimal punya satu sppg dulu dan kalau bisa pasokannya berasal dari civitas akademika sendiri ujar dadan dalam keterangan resmi di makassar selasa dadan mengatakan satu unit sppg membutuhkan dukungan pasokan bahan pangan dalam jumlah besar untuk kebutuhan beras satu sppg memerlukan sekitar hektare lahan sawah sementara untuk kebutuhan pakan ternak dibutuhkan sekitar hektare lahan jagung selain itu kebutuhan telur harian untuk satu sppg juga membutuhkan sekitar hingga ayam petelur kalau ingin telurnya dipasok sendiri maka harus ada sekitar sampai ayam petelur untuk satu sppg katanya menurut dadan kebutuhan tersebut dapat dipenuhi melalui keterlibatan civitas akademika maupun kerja sama dengan petani peternak dan pelaku usaha di sekitar kampus ia menyebut kampus dapat menjadikan pengelolaan sppg sebagai bagian dari kegiatan praktik lapangan mahasiswa mulai dari pertanian peternakan pengolahan pangan hingga distribusi dengan demikian kata dia sppg tidak hanya berfungsi sebagai dapur penyedia makanan bergizi tetapi juga menjadi tempat penerapan kegiatan akademik yang terkait dengan rantai pasok pangan,459,rektor ipb university setiawan slamet merespons positif permintaan badan gizi nasional perguruan membangun mengelola dapur makan bergizi gratis pelayanan pemenuhan gizi sppg keterbukaan pemerintah melibatkan kampus program to continue with positif patut diapresiasi keterbukaan kampus berkontribusi mensukseskan program hotel borobudur jakarta sabtu peran kampus sebatas mengoperasikan dapur membangun ekosistem terintegrasi hulu hilir sppg dibangun kampus ekosistem terintegrasi melibatkan petani rantai pasok disuplai kampus membuka peluang pemanfaatan sppg sarana pembelajaran mahasiswa fasilitas laboratorium hidup living lab wadah experiential learning penelitian dosen real time inovasi kampus diterapkan efisiensi energi dapur menu peningkatan standar keamanan mutu pangan pengelolaan limbah ipb membangun sppg yayasan ditargetkan rampung dibangun mei disusul juni berlokasi bogor ipb ditugaskan badan perencanaan pembangunan nasional bappenas center of excellence pemenuhan pangan gizi program bekerjasama kementerian didukung unicef peran ipb terlibat pelatihan penyusunan modul panduan kampus mitra kajian riset program kepala handayana perguruan membangun mengelola dapur sppg mandiri program kampus memahami peluang minimal sppg pasokannya berasal civitas akademika keterangan resmi makassar selasa sppg membutuhkan dukungan pasokan bahan pangan kebutuhan beras sppg hektare lahan sawah kebutuhan pakan ternak dibutuhkan hektare lahan jagung kebutuhan telur harian sppg membutuhkan ayam petelur telurnya dipasok ayam petelur sppg kebutuhan dipenuhi civitas akademika kerja petani peternak pelaku usaha kampus menyebut kampus menjadikan pengelolaan sppg kegiatan praktik lapangan mahasiswa pertanian peternakan pengolahan pangan distribusi sppg berfungsi dapur penyedia makanan bergizi penerapan kegiatan akademik rantai pasok pangan,227,rektor ipb university setiawan slamet respons positif minta badan gizi nasional guru bangun kelola dapur makan gizi gratis layan penuh gizi sppg buka perintah libat kampus program to continue with positif patut apresiasi buka kampus kontribusi sukses program hotel borobudur jakarta sabtu peran kampus batas operasi dapur bangun ekosistem integrasi hulu hilir sppg bangun kampus ekosistem integrasi libat tani rantai pasok suplai kampus buka peluang manfaat sppg sarana ajar mahasiswa fasilitas laboratorium hidup living lab wadah experiential learning teliti dosen real time inovasi kampus terap efisiensi energi dapur menu tingkat standar aman mutu pangan kelola limbah ipb bangun sppg yayasan target rampung bangun mei susul juni lokasi bogor ipb tugas badan rencana bangun nasional bappenas center of excellence penuh pangan gizi program bekerjasama menteri dukung unicef peran ipb libat latih susun modul pandu kampus mitra kaji riset program kepala handayana guru bangun kelola dapur sppg mandiri program kampus paham peluang minimal sppg pasok asal civitas akademika terang resmi makassar selasa sppg butuh dukung pasok bahan pangan butuh beras sppg hektare lahan sawah butuh pakan ternak butuh hektare lahan jagung butuh telur hari sppg butuh ayam telur telur pasok ayam telur sppg butuh penuh civitas akademika kerja tani ternak laku usaha kampus sebut kampus jadi kelola sppg giat praktik lapang mahasiswa tani terna olah pangan distribusi sppg fungsi dapur sedia makan gizi terap giat akademik rantai pasok pangan
MBG,IPB siap bangun SPPG di Bogor Mei ini untuk dukung MBG - ANTARA News,"Sat, 02 May 2026 11:51:21 GMT",ANTARA News,https://www.antaranews.com,https://news.google.com/rss/articles/CBMinAFBVV95cUxPdnVTNjBxeXROazRLdG9ZMC03X21hYk9zN3dsZVZFS3BHZnl0QmdDVmVIcTFZVTRRVUpmSjRWaTdBLVhFc3lxd2JkdjN6VWU3c0EyVS02eFM1MjJERVY0VF9BWEh5WWVDNFNVd01La0VsUndMZnVZb3pDZjVHbHVWaVBBWVltS01hbVZJbmxOclRaQzN3eUJ3VE9KelTSAZ8BQVVfeXFMTWVsa3VHNEJqQ0lqSVJFekRTYmxuWS0wQTVQZG9RRkIwZ0ZEVy1XUnlpOV9nc1Jka2w5QkpjU1dQLTVqdEVNNmxQS3JIby1odTlMY0pjT082Q184eFAydG9yYXRVREpVMW1Zam1KQUs2TVVzdjV4YjVaSEh0QnlDRThVX2Z3NjBwSE90RHdnaUI2S3J0UTZySUE1NmY2M3k4?oc=5,https://www.antaranews.com/berita/5551375/ipb-siap-bangun-sppg-di-bogor-mei-ini-untuk-dukung-mbg,"Jakarta (ANTARA) - Institut Pertanian Bogor (IPB) University menyatakan kesiapannya membangun Satuan Pelayanan Pemenuhan Gizi (SPPG) di Bogor pada Mei ini untuk mendukung pelaksanaan program Makan Bergizi Gratis (MBG).
Rektor IPB University Alim Setiawan Slamet menyebut jumlah SPPG yang akan dibangun dapat lebih dari dua unit, menyesuaikan kesiapan pelaksanaan di lapangan. Lokasi SPPG berada tetap di Bogor agar dekat dengan kampus.
“Kalau di IPB, Insyaallah mungkin Mei, kesatu. Dan mungkin nanti berikutnya di Juni,” kata Alim saat dijumpai wartawan usai acara “Sinergi Alumni IPB untuk Bangsa” di Jakarta, Sabtu.
SPPG yang dibangun IPB nantinya akan menyalurkan makanan bergizi ke sejumlah sekolah di sekitar wilayah Bogor. Namun, Alim belum merinci aspek teknis, termasuk jumlah sekolah sasaran, karena pengelolaannya berada di bawah pihak yayasan.
“Ada (rencana membangun dapur SPPG), dari salah satu yayasan IPB,” ujar Alim.
Secara umum, Alim menyambut positif atas dorongan Badan Gizi Nasional (BGN) agar perguruan tinggi berkontribusi dalam pembangunan SPPG.
Ia memandang keterlibatan kampus tidak hanya sebatas membangun atau mengelola dapur SPPG, tetapi juga dapat membuka model ekosistem yang lebih terintegrasi.
Dalam hal ini, SPPG yang dikelola kampus diharapkan dapat menjadi contoh desain yang melibatkan petani dan rantai pasok lokal.
Model ini diharapkan dapat diadopsi oleh SPPG lain, terutama untuk memastikan pemenuhan kebutuhan bahan pangan berasal dari dalam negeri, bukan impor.
Alim menambahkan, keterlibatan kampus juga menjadi wahana pembelajaran bagi mahasiswa melaluiexperiential learning, sekaligus ruang bagi dosen untuk melakukan riset secarareal time.
Selain itu, inovasi kampus di bidang efisiensi energi dapur, peningkatan keamanan pangan, standar mutu, hingga pengelolaan sampah juga dapat diterapkan.
Alim menyebut pengembangan SPPG oleh kampus juga berpotensi mendorong model ekonomi sirkular dan ramah lingkungan, termasuk dalam pengelolaan limbah, yang relevan dengan isu lingkungan hidup.
Selain pembangunan SPPG, Alim mengatakan bahwa sejak awal pihaknya juga telah ditugaskan oleh Kementerian Perencanaan Pembangunan Nasional/Badan Perencanaan Pembangunan Nasional (Kementerian PPN/Bappenas) sebagaicenter of excellenceuntuk pemenuhan pangan bergizi dalam program MBG.
Dalam peran tersebut, pihak kampus bekerja sama dengan berbagai kementerian, serta didukung oleh UNICEF dan BGN.
Alim mengatakan bahwa IPB telah menyelenggarakan pelatihan atautraining of trainers(TOT), serta menyusun berbagai modul dan panduan pelaksanaan MBG. Di samping itu, IPB juga menjadi mitra BGN dalam melakukan kajian dan riset.
Sebelumnya, BGN menyampaikan bahwa kampus bisa mulai mempertimbangkan untuk memiliki setidaknya satu SPPG guna mendukung program peningkatan gizi nasional.
Hal itu disampaikan Kepala BGN Dadan Hindayana untuk mengingatkan bahwa perguruan tinggi juga memiliki peran strategis dalam mendukung keberhasilan program MBG (MBG).
""Saya kira kampus perlu memahami ini, karena ini peluang besar. Minimal punya satu SPPG dulu, dan kalau bisa pasokannya berasal dari civitas akademika sendiri,"" ujar Dadan dalam keterangan resmi di Jakarta, Rabu (29/4).
Kampus juga didorong untuk membangun dan mengelola SPPG secara mandiri, sekaligus menjadikannya sebagai pusat pembelajaran berbasis praktik.
Menurut Dadan, satu unit SPPG tidak hanya berfungsi sebagai dapur penyedia makanan bergizi, tetapi juga sebagai simpul ekonomi yang membutuhkan dukungan produksi pangan dalam jumlah besar.
Baca juga:Himpunan Alumni IPB kembangkan bisnis rantai pasok untuk MBG
Baca juga:Guru Besar IPB sebut MBG bukan beban sektor pendidikan
Baca juga:Pakar IPB paparkan nutrisi susu untuk tingkatkan gizi pada Program MBG
Pewarta: Rizka KhaerunnisaEditor: Azis KurmalaCopyright © ANTARA 2026
Dilarang keras mengambil konten, melakukan crawling atau pengindeksan otomatis untuk AI di situs web ini tanpa izin tertulis dari Kantor Berita ANTARA.
KirimKomentar menjadi tanggung-jawab Anda sesuai UU ITE.",antaranews.com,"jakarta (antara) - institut pertanian bogor (ipb) university menyatakan kesiapannya membangun satuan pelayanan pemenuhan gizi (sppg) di bogor pada mei ini untuk mendukung pelaksanaan program makan bergizi gratis (mbg).
rektor ipb university alim setiawan slamet menyebut jumlah sppg yang akan dibangun dapat lebih dari dua unit, menyesuaikan kesiapan pelaksanaan di lapangan. lokasi sppg berada tetap di bogor agar dekat dengan kampus.
“kalau di ipb, insyaallah mungkin mei, kesatu. dan mungkin nanti berikutnya di juni,” kata alim saat dijumpai wartawan usai acara “sinergi alumni ipb untuk bangsa” di jakarta, sabtu.
sppg yang dibangun ipb nantinya akan menyalurkan makanan bergizi ke sejumlah sekolah di sekitar wilayah bogor. namun, alim belum merinci aspek teknis, termasuk jumlah sekolah sasaran, karena pengelolaannya berada di bawah pihak yayasan.
“ada (rencana membangun dapur sppg), dari salah satu yayasan ipb,” ujar alim.
secara umum, alim menyambut positif atas dorongan badan gizi nasional (bgn) agar perguruan tinggi berkontribusi dalam pembangunan sppg.
ia memandang keterlibatan kampus tidak hanya sebatas membangun atau mengelola dapur sppg, tetapi juga dapat membuka model ekosistem yang lebih terintegrasi.
dalam hal ini, sppg yang dikelola kampus diharapkan dapat menjadi contoh desain yang melibatkan petani dan rantai pasok lokal.
model ini diharapkan dapat diadopsi oleh sppg lain, terutama untuk memastikan pemenuhan kebutuhan bahan pangan berasal dari dalam negeri, bukan impor.
alim menambahkan, keterlibatan kampus juga menjadi wahana pembelajaran bagi mahasiswa melaluiexperiential learning, sekaligus ruang bagi dosen untuk melakukan riset secarareal time.
selain itu, inovasi kampus di bidang efisiensi energi dapur, peningkatan keamanan pangan, standar mutu, hingga pengelolaan sampah juga dapat diterapkan.
alim menyebut pengembangan sppg oleh kampus juga berpotensi mendorong model ekonomi sirkular dan ramah lingkungan, termasuk dalam pengelolaan limbah, yang relevan dengan isu lingkungan hidup.
selain pembangunan sppg, alim mengatakan bahwa sejak awal pihaknya juga telah ditugaskan oleh kementerian perencanaan pembangunan nasional/badan perencanaan pembangunan nasional (kementerian ppn/bappenas) sebagaicenter of excellenceuntuk pemenuhan pangan bergizi dalam program mbg.
dalam peran tersebut, pihak kampus bekerja sama dengan berbagai kementerian, serta didukung oleh unicef dan bgn.
alim mengatakan bahwa ipb telah menyelenggarakan pelatihan atautraining of trainers(tot), serta menyusun berbagai modul dan panduan pelaksanaan mbg. di samping itu, ipb juga menjadi mitra bgn dalam melakukan kajian dan riset.
sebelumnya, bgn menyampaikan bahwa kampus bisa mulai mempertimbangkan untuk memiliki setidaknya satu sppg guna mendukung program peningkatan gizi nasional.
hal itu disampaikan kepala bgn dadan hindayana untuk mengingatkan bahwa perguruan tinggi juga memiliki peran strategis dalam mendukung keberhasilan program mbg (mbg).
""saya kira kampus perlu memahami ini, karena ini peluang besar. minimal punya satu sppg dulu, dan kalau bisa pasokannya berasal dari civitas akademika sendiri,"" ujar dadan dalam keterangan resmi di jakarta, rabu (29/4).
kampus juga didorong untuk membangun dan mengelola sppg secara mandiri, sekaligus menjadikannya sebagai pusat pembelajaran berbasis praktik.
menurut dadan, satu unit sppg tidak hanya berfungsi sebagai dapur penyedia makanan bergizi, tetapi juga sebagai simpul ekonomi yang membutuhkan dukungan produksi pangan dalam jumlah besar.
baca juga:himpunan alumni ipb kembangkan bisnis rantai pasok untuk mbg
baca juga:guru besar ipb sebut mbg bukan beban sektor pendidikan
baca juga:pakar ipb paparkan nutrisi susu untuk tingkatkan gizi pada program mbg
pewarta: rizka khaerunnisaeditor: azis kurmalacopyright © antara 2026
dilarang keras mengambil konten, melakukan crawling atau pengindeksan otomatis untuk ai di situs web ini tanpa izin tertulis dari kantor berita antara.
kirimkomentar menjadi tanggung-jawab anda sesuai uu ite.",jakarta antara institut pertanian bogor ipb university menyatakan kesiapannya membangun satuan pelayanan pemenuhan gizi sppg di bogor pada mei ini untuk mendukung pelaksanaan program makan bergizi gratis mbg rektor ipb university alim setiawan slamet menyebut jumlah sppg yang akan dibangun dapat lebih dari dua unit menyesuaikan kesiapan pelaksanaan di lapangan lokasi sppg berada tetap di bogor agar dekat dengan kampus kalau di ipb insyaallah mungkin mei kesatu dan mungkin nanti berikutnya di juni kata alim saat dijumpai wartawan usai acara sinergi alumni ipb untuk bangsa di jakarta sabtu sppg yang dibangun ipb nantinya akan menyalurkan makanan bergizi ke sejumlah sekolah di sekitar wilayah bogor namun alim belum merinci aspek teknis termasuk jumlah sekolah sasaran karena pengelolaannya berada di bawah pihak yayasan ada rencana membangun dapur sppg dari salah satu yayasan ipb ujar alim secara umum alim menyambut positif atas dorongan badan gizi nasional bgn agar perguruan tinggi berkontribusi dalam pembangunan sppg ia memandang keterlibatan kampus tidak hanya sebatas membangun atau mengelola dapur sppg tetapi juga dapat membuka model ekosistem yang lebih terintegrasi dalam hal ini sppg yang dikelola kampus diharapkan dapat menjadi contoh desain yang melibatkan petani dan rantai pasok lokal model ini diharapkan dapat diadopsi oleh sppg lain terutama untuk memastikan pemenuhan kebutuhan bahan pangan berasal dari dalam negeri bukan impor alim menambahkan keterlibatan kampus juga menjadi wahana pembelajaran bagi mahasiswa melaluiexperiential learning sekaligus ruang bagi dosen untuk melakukan riset secarareal time selain itu inovasi kampus di bidang efisiensi energi dapur peningkatan keamanan pangan standar mutu hingga pengelolaan sampah juga dapat diterapkan alim menyebut pengembangan sppg oleh kampus juga berpotensi mendorong model ekonomi sirkular dan ramah lingkungan termasuk dalam pengelolaan limbah yang relevan dengan isu lingkungan hidup selain pembangunan sppg alim mengatakan bahwa sejak awal pihaknya juga telah ditugaskan oleh kementerian perencanaan pembangunan nasional badan perencanaan pembangunan nasional kementerian ppn bappenas sebagaicenter of excellenceuntuk pemenuhan pangan bergizi dalam program mbg dalam peran tersebut pihak kampus bekerja sama dengan berbagai kementerian serta didukung oleh unicef dan bgn alim mengatakan bahwa ipb telah menyelenggarakan pelatihan atautraining of trainers tot serta menyusun berbagai modul dan panduan pelaksanaan mbg di samping itu ipb juga menjadi mitra bgn dalam melakukan kajian dan riset sebelumnya bgn menyampaikan bahwa kampus bisa mulai mempertimbangkan untuk memiliki setidaknya satu sppg guna mendukung program peningkatan gizi nasional hal itu disampaikan kepala bgn dadan hindayana untuk mengingatkan bahwa perguruan tinggi juga memiliki peran strategis dalam mendukung keberhasilan program mbg mbg saya kira kampus perlu memahami ini karena ini peluang besar minimal punya satu sppg dulu dan kalau bisa pasokannya berasal dari civitas akademika sendiri ujar dadan dalam keterangan resmi di jakarta rabu kampus juga didorong untuk membangun dan mengelola sppg secara mandiri sekaligus menjadikannya sebagai pusat pembelajaran berbasis praktik menurut dadan satu unit sppg tidak hanya berfungsi sebagai dapur penyedia makanan bergizi tetapi juga sebagai simpul ekonomi yang membutuhkan dukungan produksi pangan dalam jumlah besar baca juga himpunan alumni ipb kembangkan bisnis rantai pasok untuk mbg baca juga guru besar ipb sebut mbg bukan beban sektor pendidikan baca juga pakar ipb paparkan nutrisi susu untuk tingkatkan gizi pada program mbg pewarta rizka khaerunnisaeditor azis kurmalacopyright antara dilarang keras mengambil konten melakukan crawling atau pengindeksan otomatis untuk ai di situs web ini tanpa izin tertulis dari kantor berita antara kirimkomentar menjadi tanggung jawab anda sesuai uu ite,546,jakarta institut pertanian bogor ipb university kesiapannya membangun pelayanan pemenuhan gizi sppg bogor mei program makan bergizi gratis rektor ipb university setiawan slamet menyebut sppg dibangun menyesuaikan kesiapan lapangan lokasi sppg bogor kampus ipb insyaallah mei kesatu juni dijumpai wartawan acara sinergi alumni ipb bangsa jakarta sabtu sppg dibangun ipb menyalurkan makanan bergizi sekolah wilayah bogor merinci aspek teknis sekolah sasaran pengelolaannya yayasan rencana membangun dapur sppg salah yayasan ipb menyambut positif dorongan badan gizi nasional perguruan berkontribusi pembangunan sppg memandang kampus sebatas membangun mengelola dapur sppg membuka model ekosistem terintegrasi sppg dikelola kampus diharapkan contoh desain melibatkan petani rantai pasok lokal model diharapkan diadopsi sppg pemenuhan kebutuhan bahan pangan berasal negeri impor kampus wahana pembelajaran mahasiswa melaluiexperiential learning ruang dosen riset secarareal time inovasi kampus efisiensi energi dapur peningkatan keamanan pangan standar mutu pengelolaan sampah diterapkan menyebut sppg kampus berpotensi mendorong model ekonomi sirkular ramah lingkungan pengelolaan limbah relevan lingkungan hidup pembangunan sppg ditugaskan kementerian perencanaan pembangunan nasional badan perencanaan pembangunan nasional kementerian ppn bappenas sebagaicenter of excellenceuntuk pemenuhan pangan bergizi program peran kampus kementerian didukung unicef ipb menyelenggarakan pelatihan atautraining of trainers tot menyusun modul panduan samping ipb mitra kajian riset kampus mempertimbangkan sppg program peningkatan gizi nasional kepala perguruan peran strategis keberhasilan program kampus memahami peluang minimal sppg pasokannya berasal civitas akademika keterangan resmi jakarta rabu kampus didorong membangun mengelola sppg mandiri menjadikannya pusat pembelajaran berbasis praktik sppg berfungsi dapur penyedia makanan bergizi simpul ekonomi membutuhkan dukungan produksi pangan himpunan alumni ipb kembangkan bisnis rantai pasok guru ipb beban pendidikan pakar ipb paparkan nutrisi susu tingkatkan gizi program pewarta rizka khaerunnisaeditor azis kurmalacopyright dilarang keras mengambil konten crawling pengindeksan otomatis ai situs web izin tertulis kantor berita kirimkomentar tanggung uu ite,284,jakarta institut tani bogor ipb university kesiap bangun layan penuh gizi sppg bogor mei program makan gizi gratis rektor ipb university setiawan slamet sebut sppg bangun sesuai kesiap lapang lokasi sppg bogor kampus ipb insyaallah mei satu juni jumpa wartawan acara sinergi alumni ipb bangsa jakarta sabtu sppg bangun ipb salur makan gizi sekolah wilayah bogor merinci aspek teknis sekolah sasar kelola yayasan rencana bangun dapur sppg salah yayasan ipb sambut positif dorong badan gizi nasional guru kontribusi bangun sppg pandang kampus batas bangun kelola dapur sppg buka model ekosistem integrasi sppg kelola kampus harap contoh desain libat tani rantai pasok lokal model harap adopsi sppg penuh butuh bahan pangan asal negeri impor kampus wahana ajar mahasiswa melaluiexperiential learning ruang dosen riset secarareal time inovasi kampus efisiensi energi dapur tingkat aman pangan standar mutu kelola sampah terap sebut sppg kampus potensi dorong model ekonomi sirkular ramah lingkung kelola limbah relevan lingkung hidup bangun sppg tugas menteri rencana bangun nasional badan rencana bangun nasional menteri ppn bappenas sebagaicenter of excellenceuntuk penuh pangan gizi program peran kampus menteri dukung unicef ipb selenggara latih atautraining of trainers tot susun modul pandu samping ipb mitra kaji riset kampus timbang sppg program tingkat gizi nasional kepala guru peran strategis hasil program kampus paham peluang minimal sppg pasok asal civitas akademika terang resmi jakarta rabu kampus dorong bangun kelola sppg mandiri jadi pusat ajar bas praktik sppg fungsi dapur sedia makan gizi simpul ekonomi butuh dukung produksi pangan himpun alumni ipb kembang bisnis rantai pasok guru ipb beban didik pakar ipb papar nutrisi susu tingkat gizi program warta rizka khaerunnisaeditor azis kurmalacopyright larang keras ambil konten crawling indeks otomatis ai situs web izin tulis kantor berita kirimkomentar tanggung uu ite
MBG,Prabowo di Depan Massa Buruh: MBG Bermanfaat atau Tidak? - Kompas.com,"Fri, 01 May 2026 03:16:00 GMT",Kompas.com,https://nasional.kompas.com,https://news.google.com/rss/articles/CBMiqwFBVV95cUxOWUZUY3RCQllfUHMyUGpvNE5vQkt0U1Rydy1sLVVtMzFpMUx0bE1SRy1fSzc1dUZPaXhMSE5jal9LemJTNmx6NXhUcWVOZzBvbU1JVTlGZ2J3SWVPQ0RZQWdkLXNhR2VCWm5RME1tV0hDMFJwNFEzMVhQRm9KTGFvX2J6TURQNzNMZkpub2FSMnEzZ2hkekg1Z05vV0pDZUlwWGV4NHVfRjlrQUk?oc=5,https://nasional.kompas.com/read/2026/05/01/10163541/prabowo-di-depan-massa-buruh-mbg-bermanfaat-atau-tidak,"Prabowo di Depan Massa Buruh: MBG Bermanfaat atau Tidak?
Tim Redaksi
JAKARTA, KOMPAS.com- Di panggung perayaan May Day 2026, Presiden RI Prabowo Subianto menegaskan program Makan Bergizi Gratis (MBG) sangat penting bagi masyarakat Indonesia, khususnya anak-anak.
""Saya bertanya kepada saudara-saudara,MBGbermanfaat atau tidak? MBG itu sangat penting untuk anak-anak kita,"" kata Prabowo dalam acara Hari Buruh Internasional di Lapangan Monas, Jakarta, Jumat (1/5/2026).
Baca juga:Prabowo Janjikan Rumah untuk Buruh, Cicilan hingga 40 Tahun
Banyak buruh menjawab beragam respons.
Prabowo mengatakan banyak anak Indonesia hingga kini masih kurang gizi.
""Saudara-saudara sekalian, anak-anak kita banyak yang mengalami kurang gizi. Badannya kecil, selnya tidak berkembang ya,"" ucapnya.
Baca juga:Prabowo: Potongan Ojol Harus di Bawah 10 Persen
Selain itu, MBG juga menghidupkan ekonomi masyarakat, termasuk petani.
""Dengan MBG ekonomi kita hidup di mana-mana saudara-saudara sekalian. rakyat butuh telur, rakyat butuh daging, rakyat butuh sayur, susu, ikan. Ekonomi kita hidup, petani-petani kita dapat penghasilan saudara-saudara sekalian,"" tuturnya.
Ekonomi di Indonesia juga berputar karena program MBG.
Baca juga:Guyoni Fahri Hamzah, Prabowo: Kalau Sudah Berdiri 3 Juta Rumah, Boleh Senyum-senyum
""Uang ini semua beredar, Indonesia tambah kuat, Indonesia tambah sejahtera saudara-saudara sekalian"" tuturnya.
Perayaan May Day tahun ini kembali digelar di lapangan Monas, seperti perayaan tahun sebelumnya.
Prabowo Subiantohadir naik ke mimbar pidato, didampingi oleh elite organisasi buruh, yakni Said Iqbal, Andi Gani Nena Wea, Jumhur Hidayat yang juga Menteri Lingkungan Hidup, dan Elly Rosita Silaban.
Baca juga:Ingatkan Ancaman Perang, Prabowo: Jangan Lengah, 40 Persen Jalur Perdagangan Lewat Indonesia
Para menteri, pimpinan lembaga tinggi negara, kepala lembaga negara, Gubernur Jakarta Pramono Anung, hingga Kapolri Jenderal Listyo Sigit Prabowo dan Panglima TNI Jenderal Agus Subianto hadir di acara ini.
Keterangan:
Isi berita ini mengalami perubahan pada Jumat (1/5/2026) pukul 16.22 WIB.
News
BrandzView
News
Bola
Travel
News
BrandzView
News
News
News
News
News
News
News
Copyright 2008 - 2026 PT. Kompas Cyber Media (Kompas Gramedia Digital Group). All Rights Reserved.",Kompas Cyber Media,"prabowo di depan massa buruh: mbg bermanfaat atau tidak?
tim redaksi
jakarta, kompas.com- di panggung perayaan may day 2026, presiden ri prabowo subianto menegaskan program makan bergizi gratis (mbg) sangat penting bagi masyarakat indonesia, khususnya anak-anak.
""saya bertanya kepada saudara-saudara,mbgbermanfaat atau tidak? mbg itu sangat penting untuk anak-anak kita,"" kata prabowo dalam acara hari buruh internasional di lapangan monas, jakarta, jumat (1/5/2026).
baca juga:prabowo janjikan rumah untuk buruh, cicilan hingga 40 tahun
banyak buruh menjawab beragam respons.
prabowo mengatakan banyak anak indonesia hingga kini masih kurang gizi.
""saudara-saudara sekalian, anak-anak kita banyak yang mengalami kurang gizi. badannya kecil, selnya tidak berkembang ya,"" ucapnya.
baca juga:prabowo: potongan ojol harus di bawah 10 persen
selain itu, mbg juga menghidupkan ekonomi masyarakat, termasuk petani.
""dengan mbg ekonomi kita hidup di mana-mana saudara-saudara sekalian. rakyat butuh telur, rakyat butuh daging, rakyat butuh sayur, susu, ikan. ekonomi kita hidup, petani-petani kita dapat penghasilan saudara-saudara sekalian,"" tuturnya.
ekonomi di indonesia juga berputar karena program mbg.
baca juga:guyoni fahri hamzah, prabowo: kalau sudah berdiri 3 juta rumah, boleh senyum-senyum
""uang ini semua beredar, indonesia tambah kuat, indonesia tambah sejahtera saudara-saudara sekalian"" tuturnya.
perayaan may day tahun ini kembali digelar di lapangan monas, seperti perayaan tahun sebelumnya.
prabowo subiantohadir naik ke mimbar pidato, didampingi oleh elite organisasi buruh, yakni said iqbal, andi gani nena wea, jumhur hidayat yang juga menteri lingkungan hidup, dan elly rosita silaban.
baca juga:ingatkan ancaman perang, prabowo: jangan lengah, 40 persen jalur perdagangan lewat indonesia
para menteri, pimpinan lembaga tinggi negara, kepala lembaga negara, gubernur jakarta pramono anung, hingga kapolri jenderal listyo sigit prabowo dan panglima tni jenderal agus subianto hadir di acara ini.
keterangan:
isi berita ini mengalami perubahan pada jumat (1/5/2026) pukul 16.22 wib.
news
brandzview
news
bola
travel
news
brandzview
news
news
news
news
news
news
news
copyright 2008 - 2026 pt. kompas cyber media (kompas gramedia digital group). all rights reserved.",prabowo di depan massa buruh mbg bermanfaat atau tidak tim redaksi jakarta kompas com di panggung perayaan may day presiden ri prabowo subianto menegaskan program makan bergizi gratis mbg sangat penting bagi masyarakat indonesia khususnya anak anak saya bertanya kepada saudara saudara mbgbermanfaat atau tidak mbg itu sangat penting untuk anak anak kita kata prabowo dalam acara hari buruh internasional di lapangan monas jakarta jumat baca juga prabowo janjikan rumah untuk buruh cicilan hingga tahun banyak buruh menjawab beragam respons prabowo mengatakan banyak anak indonesia hingga kini masih kurang gizi saudara saudara sekalian anak anak kita banyak yang mengalami kurang gizi badannya kecil selnya tidak berkembang ya ucapnya baca juga prabowo potongan ojol harus di bawah persen selain itu mbg juga menghidupkan ekonomi masyarakat termasuk petani dengan mbg ekonomi kita hidup di mana mana saudara saudara sekalian rakyat butuh telur rakyat butuh daging rakyat butuh sayur susu ikan ekonomi kita hidup petani petani kita dapat penghasilan saudara saudara sekalian tuturnya ekonomi di indonesia juga berputar karena program mbg baca juga guyoni fahri hamzah prabowo kalau sudah berdiri juta rumah boleh senyum senyum uang ini semua beredar indonesia tambah kuat indonesia tambah sejahtera saudara saudara sekalian tuturnya perayaan may day tahun ini kembali digelar di lapangan monas seperti perayaan tahun sebelumnya prabowo subiantohadir naik ke mimbar pidato didampingi oleh elite organisasi buruh yakni said iqbal andi gani nena wea jumhur hidayat yang juga menteri lingkungan hidup dan elly rosita silaban baca juga ingatkan ancaman perang prabowo jangan lengah persen jalur perdagangan lewat indonesia para menteri pimpinan lembaga tinggi negara kepala lembaga negara gubernur jakarta pramono anung hingga kapolri jenderal listyo sigit prabowo dan panglima tni jenderal agus subianto hadir di acara ini keterangan isi berita ini mengalami perubahan pada jumat pukul wib news brandzview news bola travel news brandzview news news news news news news news copyright pt kompas cyber media kompas gramedia digital group all rights reserved,317,prabowo massa buruh bermanfaat tim redaksi jakarta kompas com panggung perayaan may day presiden prabowo subianto program makan bergizi gratis masyarakat indonesia anak anak mbgbermanfaat anak anak prabowo acara buruh internasional lapangan monas jakarta jumat prabowo janjikan rumah buruh cicilan buruh beragam respons prabowo anak indonesia gizi anak anak gizi badannya selnya berkembang ya prabowo potongan ojol persen menghidupkan ekonomi masyarakat petani ekonomi hidup rakyat butuh telur rakyat butuh daging rakyat butuh sayur susu ikan ekonomi hidup petani petani penghasilan ekonomi indonesia berputar program guyoni fahri hamzah prabowo berdiri rumah senyum senyum uang beredar indonesia kuat indonesia sejahtera perayaan may day digelar lapangan monas perayaan prabowo subiantohadir mimbar pidato didampingi elite organisasi buruh said iqbal andi gani nena wea jumhur hidayat menteri lingkungan hidup elly rosita silaban ingatkan ancaman perang prabowo lengah persen jalur perdagangan indonesia menteri pimpinan lembaga negara kepala lembaga negara gubernur jakarta pramono anung kapolri jenderal listyo sigit prabowo panglima tni jenderal agus subianto hadir acara keterangan isi berita perubahan jumat wib copyright kompas cyber media kompas gramedia digital group all rights reserved,176,prabowo massa buruh manfaat tim redaksi jakarta kompas com panggung raya may day presiden prabowo subianto program makan gizi gratis masyarakat indonesia anak anak mbgbermanfaat anak anak prabowo acara buruh internasional lapang monas jakarta jumat prabowo janji rumah buruh cicil buruh agam respons prabowo anak indonesia gizi anak anak gizi badan sel kembang ya prabowo potong ojol persen hidup ekonomi masyarakat tani ekonomi hidup rakyat butuh telur rakyat butuh daging rakyat butuh sayur susu ikan ekonomi hidup tani tani hasil ekonomi indonesia putar program guyon fahri hamzah prabowo diri rumah senyum senyum uang edar indonesia kuat indonesia sejahtera raya may day gelar lapang monas raya prabowo subiantohadir mimbar pidato damping elite organisasi buruh said iqbal andi gani nena wea jumhur hidayat menteri lingkung hidup elly rosita silaban ingat ancam perang prabowo lengah persen jalur dagang indonesia menteri pimpin lembaga negara kepala lembaga negara gubernur jakarta pramono anung kapolri jenderal listyo sigit prabowo panglima tni jenderal agus subianto hadir acara terang isi berita ubah jumat wib copyright kompas cyber media kompas gramedia digital group all rights reserved
Program Makan Gratis Pemerintah,"Makan Bergizi Gratis (MBG) Bukan Sekadar Pangan, Tapi Strategi Ekonomi Rakyat - Bali Tribune","Sat, 02 May 2026 23:52:28 GMT",Bali Tribune,https://balitribune.co.id,https://news.google.com/rss/articles/CBMirAFBVV95cUxQZjd1QXVKZlIwSGFseXZNcFFQc2N5V0MzcjZnbVk2YmVySC1ZNWZESW1KOUg0Z2FVdEU4QmZQSDBDZTd6NklBVGh0QVFvSnBMZGhBWnlsV0lfU2tJblFKMUJvXzZxSWk3WFdEcEh4Y1FFQkZSZ2pJYVZEU1FVWTdFOUJndFZyaFBrWUNyMlVxX3FaV0Q4TXBqNndPa0I3elJzbVBUSFZQQm1fcFFP?oc=5,https://balitribune.co.id/content/makan-bergizi-gratis-mbg-bukan-sekadar-pangan-tapi-strategi-ekonomi-rakyat,"balitribune.co.id | Denpasar- Program Makan Bergizi Gratis (MGB) yang digulirkan pemerintah sejak awal 2025 terus mengalami penyempurnaan. Anggota Komisi IX DPR RI, Tutik Kusuma Wardani, SE., MM., M.Kes.,  menegaskan bahwa program ini masih dalam tahap evaluasi agar implementasinya semakin optimal dan merata di seluruh daerah, termasuk Bali.
“Program ini sedang disempurnakan. Data dan sistemnya masih terus diperbaiki sebelum nantinya dibuka lebih luas,” ujar Tutuik saat ditemui di Rumah Aspirasi, Kamis (30/4/2026).
Sejak diluncurkan pada 6 Januari 2025, MGB telah menggelontorkan dana besar ke daerah. Di Bali saja, perputaran anggaran pada Januari 2025 tercatat mencapai sekitar Rp1,39 triliun. Angka ini dinilai memberikan dampak langsung terhadap perekonomian masyarakat, khususnya kelompok kecil. Tak hanya menyasar pemenuhan gizi, program ini juga berdampak pada penyerapan tenaga kerja. Hingga April 2026, tercatat sebanyak 228 Satuan Pelayanan Pemenuhan Gizi (SPPG) telah beroperasi di Bali, melayani sekitar 462.139 penerima manfaat dari kalangan peserta didik, serta 30.275 penerima non-peserta didik seperti balita.
""Selain itu, program ini juga menyerap sekitar 11.786 tenaga kerja melalui dapur-dapur penyedia makanan. “Ini bukan sekadar program makan, tapi juga menggerakkan ekonomi desa. Petani, peternak, dan nelayan sekarang punya pasar yang jelas karena hasil produksinya langsung diserap,” jelasnya.
Menurut Tutik, kehadiran dapur MGB telah memotong rantai distribusi yang selama ini membebani produsen di desa. Jika sebelumnya mereka harus menjual hasil panen ke pasar dengan risiko tidak laku, kini produk mereka langsung dibeli oleh pengelola dapur. Namun, ia mengakui program ini belum sepenuhnya merata. Dari kebutuhan sekitar 400 SPPG di Bali, saat ini baru terealisasi 228 unit. Kondisi ini memicu potensi kecemburuan sosial di masyarakat yang belum tersentuh program.
“Masih banyak wilayah yang belum terlayani. Ini jadi tantangan ke depan agar distribusinya lebih adil,” katanya.
Selain pemerataan, tantangan lain juga datang dari faktor geografis dan infrastruktur, terutama di wilayah seperti Nusa Penida. Kondisi jalan yang sempit dan rusak, keterbatasan air bersih, hingga gangguan hama seperti monyet menjadi kendala dalam pengembangan pertanian dan distribusi bahan pangan. Tutik juga mendorong adanya sinergi lintas kementerian, khususnya dengan Kementerian Ketenagakerjaan, untuk mengarahkan pelatihan kerja ke sektor pertanian modern. Menurutnya, sektor ini memiliki potensi besar karena mampu menyerap hingga 40 persen tenaga kerja.
“Anak muda harus didorong kembali ke desa dengan keterampilan pertanian modern. Kalau ini berhasil, ketahanan pangan kita bisa kuat tanpa bergantung pada impor,” tegasnya.
Di sisi lain, ia menilai pola pelatihan kerja juga perlu diubah. Program job fair dinilai kurang efektif dan sebaiknya diganti dengan sistem magang yang lebih fokus pada peningkatan keterampilan praktis. Dalam aspek edukasi, MGB juga diharapkan mampu mengubah pola konsumsi masyarakat, terutama anak-anak. Program ini mendorong konsumsi makanan sehat dan bergizi, bukan makanan instan yang cenderung minim nutrisi.
“Gemuk itu belum tentu sehat. Yang penting adalah asupan gizinya seimbang,” ujarnya.
Meski masih menghadapi berbagai tantangan, Tutik menegaskan bahwa program MGB menunjukkan dampak positif yang signifikan, baik dari sisi kesehatan, ekonomi, maupun sosial. Ke depan, keberhasilan program ini sangat bergantung pada kolaborasi antara pemerintah dan masyarakat, termasuk dalam penyediaan infrastruktur dan investasi dapur. Pemerintah, kata dia, akan menyewa fasilitas yang disiapkan masyarakat, sehingga tercipta model gotong royong dalam pelaksanaan program.
“Ini program besar yang butuh waktu untuk sempurna. Tapi manfaatnya sudah mulai dirasakan nyata oleh masyarakat,” pungkasnya.",,"balitribune.co.id | denpasar- program makan bergizi gratis (mgb) yang digulirkan pemerintah sejak awal 2025 terus mengalami penyempurnaan. anggota komisi ix dpr ri, tutik kusuma wardani, se., mm., m.kes.,  menegaskan bahwa program ini masih dalam tahap evaluasi agar implementasinya semakin optimal dan merata di seluruh daerah, termasuk bali.
“program ini sedang disempurnakan. data dan sistemnya masih terus diperbaiki sebelum nantinya dibuka lebih luas,” ujar tutuik saat ditemui di rumah aspirasi, kamis (30/4/2026).
sejak diluncurkan pada 6 januari 2025, mgb telah menggelontorkan dana besar ke daerah. di bali saja, perputaran anggaran pada januari 2025 tercatat mencapai sekitar rp1,39 triliun. angka ini dinilai memberikan dampak langsung terhadap perekonomian masyarakat, khususnya kelompok kecil. tak hanya menyasar pemenuhan gizi, program ini juga berdampak pada penyerapan tenaga kerja. hingga april 2026, tercatat sebanyak 228 satuan pelayanan pemenuhan gizi (sppg) telah beroperasi di bali, melayani sekitar 462.139 penerima manfaat dari kalangan peserta didik, serta 30.275 penerima non-peserta didik seperti balita.
""selain itu, program ini juga menyerap sekitar 11.786 tenaga kerja melalui dapur-dapur penyedia makanan. “ini bukan sekadar program makan, tapi juga menggerakkan ekonomi desa. petani, peternak, dan nelayan sekarang punya pasar yang jelas karena hasil produksinya langsung diserap,” jelasnya.
menurut tutik, kehadiran dapur mgb telah memotong rantai distribusi yang selama ini membebani produsen di desa. jika sebelumnya mereka harus menjual hasil panen ke pasar dengan risiko tidak laku, kini produk mereka langsung dibeli oleh pengelola dapur. namun, ia mengakui program ini belum sepenuhnya merata. dari kebutuhan sekitar 400 sppg di bali, saat ini baru terealisasi 228 unit. kondisi ini memicu potensi kecemburuan sosial di masyarakat yang belum tersentuh program.
“masih banyak wilayah yang belum terlayani. ini jadi tantangan ke depan agar distribusinya lebih adil,” katanya.
selain pemerataan, tantangan lain juga datang dari faktor geografis dan infrastruktur, terutama di wilayah seperti nusa penida. kondisi jalan yang sempit dan rusak, keterbatasan air bersih, hingga gangguan hama seperti monyet menjadi kendala dalam pengembangan pertanian dan distribusi bahan pangan. tutik juga mendorong adanya sinergi lintas kementerian, khususnya dengan kementerian ketenagakerjaan, untuk mengarahkan pelatihan kerja ke sektor pertanian modern. menurutnya, sektor ini memiliki potensi besar karena mampu menyerap hingga 40 persen tenaga kerja.
“anak muda harus didorong kembali ke desa dengan keterampilan pertanian modern. kalau ini berhasil, ketahanan pangan kita bisa kuat tanpa bergantung pada impor,” tegasnya.
di sisi lain, ia menilai pola pelatihan kerja juga perlu diubah. program job fair dinilai kurang efektif dan sebaiknya diganti dengan sistem magang yang lebih fokus pada peningkatan keterampilan praktis. dalam aspek edukasi, mgb juga diharapkan mampu mengubah pola konsumsi masyarakat, terutama anak-anak. program ini mendorong konsumsi makanan sehat dan bergizi, bukan makanan instan yang cenderung minim nutrisi.
“gemuk itu belum tentu sehat. yang penting adalah asupan gizinya seimbang,” ujarnya.
meski masih menghadapi berbagai tantangan, tutik menegaskan bahwa program mgb menunjukkan dampak positif yang signifikan, baik dari sisi kesehatan, ekonomi, maupun sosial. ke depan, keberhasilan program ini sangat bergantung pada kolaborasi antara pemerintah dan masyarakat, termasuk dalam penyediaan infrastruktur dan investasi dapur. pemerintah, kata dia, akan menyewa fasilitas yang disiapkan masyarakat, sehingga tercipta model gotong royong dalam pelaksanaan program.
“ini program besar yang butuh waktu untuk sempurna. tapi manfaatnya sudah mulai dirasakan nyata oleh masyarakat,” pungkasnya.",balitribune co id denpasar program makan bergizi gratis mgb yang digulirkan pemerintah sejak awal terus mengalami penyempurnaan anggota komisi ix dpr ri tutik kusuma wardani se mm kes menegaskan bahwa program ini masih dalam tahap evaluasi agar implementasinya semakin optimal dan merata di seluruh daerah termasuk bali program ini sedang disempurnakan data dan sistemnya masih terus diperbaiki sebelum nantinya dibuka lebih luas ujar tutuik saat ditemui di rumah aspirasi kamis sejak diluncurkan pada januari mgb telah menggelontorkan dana besar ke daerah di bali saja perputaran anggaran pada januari tercatat mencapai sekitar rp triliun angka ini dinilai memberikan dampak langsung terhadap perekonomian masyarakat khususnya kelompok kecil tak hanya menyasar pemenuhan gizi program ini juga berdampak pada penyerapan tenaga kerja hingga april tercatat sebanyak satuan pelayanan pemenuhan gizi sppg telah beroperasi di bali melayani sekitar penerima manfaat dari kalangan peserta didik serta penerima non peserta didik seperti balita selain itu program ini juga menyerap sekitar tenaga kerja melalui dapur dapur penyedia makanan ini bukan sekadar program makan tapi juga menggerakkan ekonomi desa petani peternak dan nelayan sekarang punya pasar yang jelas karena hasil produksinya langsung diserap jelasnya menurut tutik kehadiran dapur mgb telah memotong rantai distribusi yang selama ini membebani produsen di desa jika sebelumnya mereka harus menjual hasil panen ke pasar dengan risiko tidak laku kini produk mereka langsung dibeli oleh pengelola dapur namun ia mengakui program ini belum sepenuhnya merata dari kebutuhan sekitar sppg di bali saat ini baru terealisasi unit kondisi ini memicu potensi kecemburuan sosial di masyarakat yang belum tersentuh program masih banyak wilayah yang belum terlayani ini jadi tantangan ke depan agar distribusinya lebih adil katanya selain pemerataan tantangan lain juga datang dari faktor geografis dan infrastruktur terutama di wilayah seperti nusa penida kondisi jalan yang sempit dan rusak keterbatasan air bersih hingga gangguan hama seperti monyet menjadi kendala dalam pengembangan pertanian dan distribusi bahan pangan tutik juga mendorong adanya sinergi lintas kementerian khususnya dengan kementerian ketenagakerjaan untuk mengarahkan pelatihan kerja ke sektor pertanian modern menurutnya sektor ini memiliki potensi besar karena mampu menyerap hingga persen tenaga kerja anak muda harus didorong kembali ke desa dengan keterampilan pertanian modern kalau ini berhasil ketahanan pangan kita bisa kuat tanpa bergantung pada impor tegasnya di sisi lain ia menilai pola pelatihan kerja juga perlu diubah program job fair dinilai kurang efektif dan sebaiknya diganti dengan sistem magang yang lebih fokus pada peningkatan keterampilan praktis dalam aspek edukasi mgb juga diharapkan mampu mengubah pola konsumsi masyarakat terutama anak anak program ini mendorong konsumsi makanan sehat dan bergizi bukan makanan instan yang cenderung minim nutrisi gemuk itu belum tentu sehat yang penting adalah asupan gizinya seimbang ujarnya meski masih menghadapi berbagai tantangan tutik menegaskan bahwa program mgb menunjukkan dampak positif yang signifikan baik dari sisi kesehatan ekonomi maupun sosial ke depan keberhasilan program ini sangat bergantung pada kolaborasi antara pemerintah dan masyarakat termasuk dalam penyediaan infrastruktur dan investasi dapur pemerintah kata dia akan menyewa fasilitas yang disiapkan masyarakat sehingga tercipta model gotong royong dalam pelaksanaan program ini program besar yang butuh waktu untuk sempurna tapi manfaatnya sudah mulai dirasakan nyata oleh masyarakat pungkasnya,512,balitribune co id denpasar program makan bergizi gratis mgb digulirkan pemerintah penyempurnaan anggota komisi ix dpr tutik kusuma wardani mm kes program tahap evaluasi implementasinya optimal merata daerah bali program disempurnakan data sistemnya diperbaiki dibuka luas tutuik ditemui rumah aspirasi kamis diluncurkan januari mgb menggelontorkan dana daerah bali perputaran anggaran januari tercatat mencapai triliun angka dinilai dampak perekonomian masyarakat kelompok menyasar pemenuhan gizi program berdampak penyerapan tenaga kerja april tercatat pelayanan pemenuhan gizi sppg beroperasi bali melayani penerima manfaat kalangan peserta didik penerima non peserta didik balita program menyerap tenaga kerja dapur dapur penyedia makanan program makan menggerakkan ekonomi desa petani peternak nelayan pasar hasil produksinya diserap tutik kehadiran dapur mgb memotong rantai distribusi membebani produsen desa menjual hasil panen pasar risiko laku produk dibeli pengelola dapur mengakui program sepenuhnya merata kebutuhan sppg bali terealisasi kondisi memicu potensi kecemburuan sosial masyarakat tersentuh program wilayah terlayani tantangan distribusinya adil pemerataan tantangan faktor geografis infrastruktur wilayah nusa penida kondisi jalan sempit rusak keterbatasan air bersih gangguan hama monyet kendala pertanian distribusi bahan pangan tutik mendorong sinergi lintas kementerian kementerian ketenagakerjaan mengarahkan pelatihan kerja pertanian modern menurutnya potensi menyerap persen tenaga kerja anak muda didorong desa keterampilan pertanian modern berhasil ketahanan pangan kuat bergantung impor sisi pola pelatihan kerja diubah program job fair dinilai efektif diganti magang fokus peningkatan keterampilan praktis aspek edukasi mgb diharapkan mengubah pola konsumsi masyarakat anak anak program mendorong konsumsi makanan sehat bergizi makanan instan cenderung minim nutrisi gemuk sehat asupan gizinya seimbang menghadapi tantangan tutik program mgb dampak positif signifikan sisi kesehatan ekonomi sosial keberhasilan program bergantung kolaborasi pemerintah masyarakat penyediaan infrastruktur investasi dapur pemerintah menyewa fasilitas disiapkan masyarakat tercipta model gotong royong program program butuh sempurna manfaatnya dirasakan nyata masyarakat pungkasnya,284,balitribune co id denpasar program makan gizi gratis mgb gulir perintah sempurna anggota komisi ix dpr tutik kusuma wardani mm kes program tahap evaluasi implementasi optimal rata daerah bal program sempurna data sistem baik buka luas tutuik temu rumah aspirasi kamis luncur januari mgb gelontor dana daerah bal putar anggar januari catat capai triliun angka nilai dampak ekonomi masyarakat kelompok sasar penuh gizi program dampak serap tenaga kerja april catat layan penuh gizi sppg operasi bal layan terima manfaat kalang serta didik terima non serta didik balita program serap tenaga kerja dapur dapur sedia makan program makan gerak ekonomi desa tani ternak nelayan pasar hasil produksi serap tutik hadir dapur mgb potong rantai distribusi beban produsen desa jual hasil panen pasar risiko laku produk beli kelola dapur aku program sepenuh rata butuh sppg bal realisasi kondisi picu potensi cemburu sosial masyarakat sentuh program wilayah layan tantang distribusi adil perata tantang faktor geografis infrastruktur wilayah nusa penida kondisi jalan sempit rusak batas air bersih ganggu hama monyet kendala tani distribusi bahan pangan tutik dorong sinergi lintas menteri menteri ketenagakerjaan arah latih kerja tani modern turut potensi serap persen tenaga kerja anak muda dorong desa terampil tani modern hasil tahan pangan kuat gantung impor sisi pola latih kerja ubah program job fair nilai efektif ganti magang fokus tingkat terampil praktis aspek edukasi mgb harap ubah pola konsumsi masyarakat anak anak program dorong konsumsi makan sehat gizi makan instan cenderung minim nutrisi gemuk sehat asupan gizi imbang hadap tantang tutik program mgb dampak positif signifikan sisi sehat ekonomi sosial hasil program gantung kolaborasi perintah masyarakat sedia infrastruktur investasi dapur perintah sewa fasilitas siap masyarakat cipta model gotong royong program program butuh sempurna manfaat rasa nyata masyarakat pungkas
Program Makan Gratis Pemerintah,"Launching Dapur MBG SPPG Cikitu dan Maruyung, Dukung Program Makan Bergizi Gratis di Pacet - jurnalpolisi.co.id","Sun, 03 May 2026 06:14:26 GMT",jurnalpolisi.co.id,https://jurnalpolisi.co.id,https://news.google.com/rss/articles/CBMiuAFBVV95cUxNcjNCX3ZWcGtuaTA0RlA5TzdyWjNvOVdPYkZJVmRzSG5YYWVRY0RmaVdabjR0eGV2akU3VGZ6SGFUdHFSbUFkd0lPVVEtcmQ5eklUbmpLSFhFVW1TQ3h3SGM5czZrQ3A5VW9janFqQUk2RXZoTHlQZWdxanRNcDVQYmdLc0VNbTlEVUJBd19FN3hvYWkxejRlUWh4djZNYkZRd1NzakQ1WFlRQkFkR2JNb0pZSnhfd20w?oc=5,https://jurnalpolisi.co.id/launching-dapur-mbg-sppg-cikitu-dan-maruyung-dukung-program-makan-bergizi-gratis-di-pacet/,"Polresta Bandung – Dalam rangka mendukung program pemerintah terkait penyediaan makan bergizi gratis, telah dilaksanakan kegiatan launching Dapur Makan Bergizi Gratis (MBG) SPPG Cikitu 01 dan Maruyung 04 yang berlokasi di wilayah Kecamatan Pacet, Kabupaten Bandung.
Kegiatan tersebut berlangsung pada Minggu, 03 Mei 2026, mulai pukul 13.50 WIB hingga 15.45 WIB, bertempat di Dapur MBG SPPG Bandung Cikitu, tepatnya di Jl. Raya Pacet, Kampung Cibutak RT 003 RW 001, Desa Cikitu, Kecamatan Pacet. Launching ini berada di bawah tanggung jawab Sdr. Doiful Mubdi, SH.
Acara dihadiri oleh berbagai unsur pemerintahan dan masyarakat, di antaranya perwakilan Kecamatan Pacet, unsur Polsek dan Koramil Pacet, Bhabinkamtibmas, perwakilan Puskesmas, perangkat desa, Ketua RT/RW, serta para relawan dapur MBG dan tamu undangan lainnya.
Rangkaian kegiatan diawali dengan pembukaan, dilanjutkan pembacaan ayat suci Al-Qur’an, sambutan-sambutan, hingga kegiatan sosial berupa pemberian bingkisan kepada anak yatim di sekitar Desa Cikitu dan Maruyung. Acara kemudian ditutup dengan doa bersama.
Kegiatan ini menjadi wujud nyata sinergitas antara pemerintah, aparat keamanan, dan masyarakat dalam mendukung program peningkatan gizi masyarakat, khususnya bagi anak-anak. Tutupnya.***
(Humas Polsek Pacet)
Red (JP).",,"polresta bandung – dalam rangka mendukung program pemerintah terkait penyediaan makan bergizi gratis, telah dilaksanakan kegiatan launching dapur makan bergizi gratis (mbg) sppg cikitu 01 dan maruyung 04 yang berlokasi di wilayah kecamatan pacet, kabupaten bandung.
kegiatan tersebut berlangsung pada minggu, 03 mei 2026, mulai pukul 13.50 wib hingga 15.45 wib, bertempat di dapur mbg sppg bandung cikitu, tepatnya di jl. raya pacet, kampung cibutak rt 003 rw 001, desa cikitu, kecamatan pacet. launching ini berada di bawah tanggung jawab sdr. doiful mubdi, sh.
acara dihadiri oleh berbagai unsur pemerintahan dan masyarakat, di antaranya perwakilan kecamatan pacet, unsur polsek dan koramil pacet, bhabinkamtibmas, perwakilan puskesmas, perangkat desa, ketua rt/rw, serta para relawan dapur mbg dan tamu undangan lainnya.
rangkaian kegiatan diawali dengan pembukaan, dilanjutkan pembacaan ayat suci al-qur’an, sambutan-sambutan, hingga kegiatan sosial berupa pemberian bingkisan kepada anak yatim di sekitar desa cikitu dan maruyung. acara kemudian ditutup dengan doa bersama.
kegiatan ini menjadi wujud nyata sinergitas antara pemerintah, aparat keamanan, dan masyarakat dalam mendukung program peningkatan gizi masyarakat, khususnya bagi anak-anak. tutupnya.***
(humas polsek pacet)
red (jp).",polresta bandung dalam rangka mendukung program pemerintah terkait penyediaan makan bergizi gratis telah dilaksanakan kegiatan launching dapur makan bergizi gratis mbg sppg cikitu dan maruyung yang berlokasi di wilayah kecamatan pacet kabupaten bandung kegiatan tersebut berlangsung pada minggu mei mulai pukul wib hingga wib bertempat di dapur mbg sppg bandung cikitu tepatnya di jl raya pacet kampung cibutak rt rw desa cikitu kecamatan pacet launching ini berada di bawah tanggung jawab sdr doiful mubdi sh acara dihadiri oleh berbagai unsur pemerintahan dan masyarakat di antaranya perwakilan kecamatan pacet unsur polsek dan koramil pacet bhabinkamtibmas perwakilan puskesmas perangkat desa ketua rt rw serta para relawan dapur mbg dan tamu undangan lainnya rangkaian kegiatan diawali dengan pembukaan dilanjutkan pembacaan ayat suci al qur an sambutan sambutan hingga kegiatan sosial berupa pemberian bingkisan kepada anak yatim di sekitar desa cikitu dan maruyung acara kemudian ditutup dengan doa bersama kegiatan ini menjadi wujud nyata sinergitas antara pemerintah aparat keamanan dan masyarakat dalam mendukung program peningkatan gizi masyarakat khususnya bagi anak anak tutupnya humas polsek pacet red jp,173,polresta bandung rangka program pemerintah penyediaan makan bergizi gratis dilaksanakan kegiatan launching dapur makan bergizi gratis sppg cikitu maruyung berlokasi wilayah kecamatan pacet kabupaten bandung kegiatan minggu mei wib wib bertempat dapur sppg bandung cikitu tepatnya jl raya pacet kampung cibutak rt rw desa cikitu kecamatan pacet launching tanggung sdr doiful mubdi sh acara dihadiri unsur pemerintahan masyarakat perwakilan kecamatan pacet unsur polsek koramil pacet bhabinkamtibmas perwakilan puskesmas perangkat desa ketua rt rw relawan dapur tamu undangan rangkaian kegiatan diawali pembukaan dilanjutkan pembacaan ayat suci al qur an sambutan sambutan kegiatan sosial pemberian bingkisan anak yatim desa cikitu maruyung acara doa kegiatan wujud nyata sinergitas pemerintah aparat keamanan masyarakat program peningkatan gizi masyarakat anak anak tutupnya humas polsek pacet red jp,121,polresta bandung rangka program perintah sedia makan gizi gratis laksana giat launching dapur makan gizi gratis sppg cikitu maruyung lokasi wilayah camat pacet kabupaten bandung giat minggu mei wib wib tempat dapur sppg bandung cikitu tepat jl raya pacet kampung cibutak rt rw desa cikitu camat pacet launching tanggung sdr doiful mubdi sh acara hadir unsur perintah masyarakat wakil camat pacet unsur polsek koramil pacet bhabinkamtibmas wakil puskesmas perangkat desa ketua rt rw rawan dapur tamu undang rangkai giat awal buka lanjut baca ayat suci al qur an sambut sambut giat sosial beri bingkis anak yatim desa cikitu maruyung acara doa giat wujud nyata sinergitas perintah aparat aman masyarakat program tingkat gizi masyarakat anak anak tutup humas polsek pacet red jp
Program Makan Gratis Pemerintah,Efektivitas Program Makan Bergizi Gratis Tekan Kemiskinan Mulai Diuji - Babel Insight,"Thu, 30 Apr 2026 07:59:19 GMT",Babel Insight,https://www.babelinsight.id,https://news.google.com/rss/articles/CBMie0FVX3lxTE5hWTFtbWtENUFTZENVY2NLNlJqVE1OVlZOcXNvUUdiS2IxTHJZRTdtUkg4ZFp0dHhUYWdPeHdVSzRtSU1aczl6OVZhN1paNktFellFS2xWNUJack9RQUlITzR3NktVNW9xcG5MS0NnT2tEOW9iUHZ4aFZaQQ?oc=5,https://www.babelinsight.id/efektivitas-makan-bergizi-gratis-kemiskinan,"Efektivitas ProgramMakan Bergizi Gratis(MBG) sebagai instrumen utama pemerintah dalam menekan angkakemiskinanekstrem mulai mendapatkan sorotan tajam pada Senin (27/4/2026). Program prioritas ini dinilai memiliki dampak ekonomi yang bersifat tidak langsung, terbatas, serta berisiko menimbulkan distorsi pada ekosistem usaha lokal.
Menteri Koordinator Pemberdayaan Masyarakat Muhaimin Iskandar menyatakan bahwa program tersebut menjadi salah satu intervensi yang paling berpengaruh dalam upaya menurunkan angka kemiskinan ekstrem secara nasional. Penurunan tersebut merujuk pada data kemiskinan ekstrem yang tercatat sebesar 1,26 persen pada Maret 2024 menjadi 0,78 persen pada September 2025.
""Yang paling berdampak tentu program makan bergizi gratis,"" ujarnya usai rapat evaluasi pengentasan kemiskinan di Jakarta, Senin (27/4/2026).
Data pemerintah menunjukkan jumlah penduduk miskin ekstrem mengalami penyusutan dari 3,56 juta orang menjadi 2,2 juta orang dalam periode tersebut. Namun, dilansir dari Ekonomi, sejumlah pakar menilai klaim dampak langsung program MBG terhadap indikator kemiskinan tidak sepenuhnya akurat secara metodologis.
Direktur Center of Economic and Law Studies (CELIOS) Nailul Huda memberikan pandangan berbeda terkait pencatatan statistik kemiskinan yang berbasis pada pengeluaran rumah tangga. Menurut penjelasannya, program ini lebih merupakan belanja negara dibandingkan peningkatan daya beli langsung masyarakat.
""Makan bergizi gratis itu tidak masuk dalam pengeluaran rumah tangga karena yang membayar negara,"" ujarnya kepada Bisnis, Selasa (28/4/2026).
Huda juga menyoroti bahwa sasaran program bersifat umum bagi pelajar dan ibu hamil, sehingga tidak secara spesifik menyasar penduduk dalam kategori miskin ekstrem. Ia menegaskan bahwa kelompok tersebut lebih membutuhkan dukungan finansial langsung untuk kebutuhan dasar.
""Program ini diberikan ke anak sekolah, balita, ibu hamil, bukan spesifik ke orang miskin ekstrem,"" katanya.
Kapasitas ekonomi masyarakat miskin ekstrem dinilai tidak akan meningkat secara signifikan hanya melalui pemberian makanan tanpa adanya stimulus modal. Dukungan berupa uang tunai dianggap lebih relevan untuk kelompok rentan tersebut.
""Orang miskin ekstrem butuh cash transfer, bukan makanan,"" ujarnya.
Kesenjangan alokasi nilai ekonomi antara penerima manfaat dan pengelola program juga menjadi poin kritik dalam distribusi anggaran program ini. Huda membandingkan nilai bantuan harian yang diterima individu dengan potensi pendapatan pemilik dapur pengelola.
""Penerima bantuan hanya Rp10.000 per hari, pemilik dapur bisa Rp6 juta per bulan. Timpang,"" katanya.
Kekhawatiran serupa disampaikan oleh pengamat kebijakan publik Agus Pambagio mengenai potensi dampak negatif terhadap pelaku usaha mikro di lingkungan sekolah. Pengalihan konsumsi ke sistem distribusi terpusat dikhawatirkan mematikan pendapatan pedagang pasar tradisional.
""Pedagang di pasar pelanggannya turun karena semua ke MBG. Yang untung supplier besar,"" ujarnya.
Agus menilai desain program saat ini belum sepenuhnya mengintegrasikan kekuatan ekosistem ekonomi lokal yang sudah ada sebelumnya. Hal ini berdampak langsung pada hilangnya mata pencaharian bagi pengelola kantin sekolah yang tidak terlibat dalam skema program.
""Yang kaya supplier-nya, bukan pedagang. Yang ngelola kantin sekarang menganggur,"" katanya.
Ia berpendapat bahwa solusi jangka panjang untuk kemiskinan tetap harus berfokus pada pembukaan lapangan kerja yang luas bagi masyarakat. Kemandirian ekonomi melalui pekerjaan formal dinilai lebih stabil dalam menjamin kecukupan pangan keluarga.
""Orang dengan pekerjaan bisa hidup dan kasih makan keluarganya,"" katanya.
Kajian dari Institute for Development of Economics and Finance (Indef) memperkuat indikasi bahwa dampak makroekonomi program MBG baru akan terasa secara bertahap dalam waktu lama. Simulasi menunjukkan peningkatan produktivitas tenaga kerja baru mulai terlihat antara dua hingga enam tahun mendatang.
Produktivitas melalui sektor kesehatan diprediksi meningkat 0,2 persen dalam dua tahun, sementara melalui pendidikan meningkat 0,5 persen dalam enam tahun. Dampak terhadap produk domestik bruto diperkirakan hanya mencapai puncaknya pada level 0,15 hingga 0,17 persen pada awal tahun 2040-an.
Indef mencatat kenaikan konsumsi justru lebih banyak dinikmati oleh kelompok menengah ke atas, dengan porsi tertinggi pada kelompok satu persen terkaya. Lembaga tersebut menyimpulkan bahwa MBG merupakan investasi modal manusia jangka panjang daripada penggerak pertumbuhan ekonomi instan.
""Dampak makroekonomi positif, tetapi kecil dan transisional,"" demikian hasil kajian tersebut.",Babel Insight,"efektivitas programmakan bergizi gratis(mbg) sebagai instrumen utama pemerintah dalam menekan angkakemiskinanekstrem mulai mendapatkan sorotan tajam pada senin (27/4/2026). program prioritas ini dinilai memiliki dampak ekonomi yang bersifat tidak langsung, terbatas, serta berisiko menimbulkan distorsi pada ekosistem usaha lokal.
menteri koordinator pemberdayaan masyarakat muhaimin iskandar menyatakan bahwa program tersebut menjadi salah satu intervensi yang paling berpengaruh dalam upaya menurunkan angka kemiskinan ekstrem secara nasional. penurunan tersebut merujuk pada data kemiskinan ekstrem yang tercatat sebesar 1,26 persen pada maret 2024 menjadi 0,78 persen pada september 2025.
""yang paling berdampak tentu program makan bergizi gratis,"" ujarnya usai rapat evaluasi pengentasan kemiskinan di jakarta, senin (27/4/2026).
data pemerintah menunjukkan jumlah penduduk miskin ekstrem mengalami penyusutan dari 3,56 juta orang menjadi 2,2 juta orang dalam periode tersebut. namun, dilansir dari ekonomi, sejumlah pakar menilai klaim dampak langsung program mbg terhadap indikator kemiskinan tidak sepenuhnya akurat secara metodologis.
direktur center of economic and law studies (celios) nailul huda memberikan pandangan berbeda terkait pencatatan statistik kemiskinan yang berbasis pada pengeluaran rumah tangga. menurut penjelasannya, program ini lebih merupakan belanja negara dibandingkan peningkatan daya beli langsung masyarakat.
""makan bergizi gratis itu tidak masuk dalam pengeluaran rumah tangga karena yang membayar negara,"" ujarnya kepada bisnis, selasa (28/4/2026).
huda juga menyoroti bahwa sasaran program bersifat umum bagi pelajar dan ibu hamil, sehingga tidak secara spesifik menyasar penduduk dalam kategori miskin ekstrem. ia menegaskan bahwa kelompok tersebut lebih membutuhkan dukungan finansial langsung untuk kebutuhan dasar.
""program ini diberikan ke anak sekolah, balita, ibu hamil, bukan spesifik ke orang miskin ekstrem,"" katanya.
kapasitas ekonomi masyarakat miskin ekstrem dinilai tidak akan meningkat secara signifikan hanya melalui pemberian makanan tanpa adanya stimulus modal. dukungan berupa uang tunai dianggap lebih relevan untuk kelompok rentan tersebut.
""orang miskin ekstrem butuh cash transfer, bukan makanan,"" ujarnya.
kesenjangan alokasi nilai ekonomi antara penerima manfaat dan pengelola program juga menjadi poin kritik dalam distribusi anggaran program ini. huda membandingkan nilai bantuan harian yang diterima individu dengan potensi pendapatan pemilik dapur pengelola.
""penerima bantuan hanya rp10.000 per hari, pemilik dapur bisa rp6 juta per bulan. timpang,"" katanya.
kekhawatiran serupa disampaikan oleh pengamat kebijakan publik agus pambagio mengenai potensi dampak negatif terhadap pelaku usaha mikro di lingkungan sekolah. pengalihan konsumsi ke sistem distribusi terpusat dikhawatirkan mematikan pendapatan pedagang pasar tradisional.
""pedagang di pasar pelanggannya turun karena semua ke mbg. yang untung supplier besar,"" ujarnya.
agus menilai desain program saat ini belum sepenuhnya mengintegrasikan kekuatan ekosistem ekonomi lokal yang sudah ada sebelumnya. hal ini berdampak langsung pada hilangnya mata pencaharian bagi pengelola kantin sekolah yang tidak terlibat dalam skema program.
""yang kaya supplier-nya, bukan pedagang. yang ngelola kantin sekarang menganggur,"" katanya.
ia berpendapat bahwa solusi jangka panjang untuk kemiskinan tetap harus berfokus pada pembukaan lapangan kerja yang luas bagi masyarakat. kemandirian ekonomi melalui pekerjaan formal dinilai lebih stabil dalam menjamin kecukupan pangan keluarga.
""orang dengan pekerjaan bisa hidup dan kasih makan keluarganya,"" katanya.
kajian dari institute for development of economics and finance (indef) memperkuat indikasi bahwa dampak makroekonomi program mbg baru akan terasa secara bertahap dalam waktu lama. simulasi menunjukkan peningkatan produktivitas tenaga kerja baru mulai terlihat antara dua hingga enam tahun mendatang.
produktivitas melalui sektor kesehatan diprediksi meningkat 0,2 persen dalam dua tahun, sementara melalui pendidikan meningkat 0,5 persen dalam enam tahun. dampak terhadap produk domestik bruto diperkirakan hanya mencapai puncaknya pada level 0,15 hingga 0,17 persen pada awal tahun 2040-an.
indef mencatat kenaikan konsumsi justru lebih banyak dinikmati oleh kelompok menengah ke atas, dengan porsi tertinggi pada kelompok satu persen terkaya. lembaga tersebut menyimpulkan bahwa mbg merupakan investasi modal manusia jangka panjang daripada penggerak pertumbuhan ekonomi instan.
""dampak makroekonomi positif, tetapi kecil dan transisional,"" demikian hasil kajian tersebut.",efektivitas programmakan bergizi gratis mbg sebagai instrumen utama pemerintah dalam menekan angkakemiskinanekstrem mulai mendapatkan sorotan tajam pada senin program prioritas ini dinilai memiliki dampak ekonomi yang bersifat tidak langsung terbatas serta berisiko menimbulkan distorsi pada ekosistem usaha lokal menteri koordinator pemberdayaan masyarakat muhaimin iskandar menyatakan bahwa program tersebut menjadi salah satu intervensi yang paling berpengaruh dalam upaya menurunkan angka kemiskinan ekstrem secara nasional penurunan tersebut merujuk pada data kemiskinan ekstrem yang tercatat sebesar persen pada maret menjadi persen pada september yang paling berdampak tentu program makan bergizi gratis ujarnya usai rapat evaluasi pengentasan kemiskinan di jakarta senin data pemerintah menunjukkan jumlah penduduk miskin ekstrem mengalami penyusutan dari juta orang menjadi juta orang dalam periode tersebut namun dilansir dari ekonomi sejumlah pakar menilai klaim dampak langsung program mbg terhadap indikator kemiskinan tidak sepenuhnya akurat secara metodologis direktur center of economic and law studies celios nailul huda memberikan pandangan berbeda terkait pencatatan statistik kemiskinan yang berbasis pada pengeluaran rumah tangga menurut penjelasannya program ini lebih merupakan belanja negara dibandingkan peningkatan daya beli langsung masyarakat makan bergizi gratis itu tidak masuk dalam pengeluaran rumah tangga karena yang membayar negara ujarnya kepada bisnis selasa huda juga menyoroti bahwa sasaran program bersifat umum bagi pelajar dan ibu hamil sehingga tidak secara spesifik menyasar penduduk dalam kategori miskin ekstrem ia menegaskan bahwa kelompok tersebut lebih membutuhkan dukungan finansial langsung untuk kebutuhan dasar program ini diberikan ke anak sekolah balita ibu hamil bukan spesifik ke orang miskin ekstrem katanya kapasitas ekonomi masyarakat miskin ekstrem dinilai tidak akan meningkat secara signifikan hanya melalui pemberian makanan tanpa adanya stimulus modal dukungan berupa uang tunai dianggap lebih relevan untuk kelompok rentan tersebut orang miskin ekstrem butuh cash transfer bukan makanan ujarnya kesenjangan alokasi nilai ekonomi antara penerima manfaat dan pengelola program juga menjadi poin kritik dalam distribusi anggaran program ini huda membandingkan nilai bantuan harian yang diterima individu dengan potensi pendapatan pemilik dapur pengelola penerima bantuan hanya rp per hari pemilik dapur bisa rp juta per bulan timpang katanya kekhawatiran serupa disampaikan oleh pengamat kebijakan publik agus pambagio mengenai potensi dampak negatif terhadap pelaku usaha mikro di lingkungan sekolah pengalihan konsumsi ke sistem distribusi terpusat dikhawatirkan mematikan pendapatan pedagang pasar tradisional pedagang di pasar pelanggannya turun karena semua ke mbg yang untung supplier besar ujarnya agus menilai desain program saat ini belum sepenuhnya mengintegrasikan kekuatan ekosistem ekonomi lokal yang sudah ada sebelumnya hal ini berdampak langsung pada hilangnya mata pencaharian bagi pengelola kantin sekolah yang tidak terlibat dalam skema program yang kaya supplier nya bukan pedagang yang ngelola kantin sekarang menganggur katanya ia berpendapat bahwa solusi jangka panjang untuk kemiskinan tetap harus berfokus pada pembukaan lapangan kerja yang luas bagi masyarakat kemandirian ekonomi melalui pekerjaan formal dinilai lebih stabil dalam menjamin kecukupan pangan keluarga orang dengan pekerjaan bisa hidup dan kasih makan keluarganya katanya kajian dari institute for development of economics and finance indef memperkuat indikasi bahwa dampak makroekonomi program mbg baru akan terasa secara bertahap dalam waktu lama simulasi menunjukkan peningkatan produktivitas tenaga kerja baru mulai terlihat antara dua hingga enam tahun mendatang produktivitas melalui sektor kesehatan diprediksi meningkat persen dalam dua tahun sementara melalui pendidikan meningkat persen dalam enam tahun dampak terhadap produk domestik bruto diperkirakan hanya mencapai puncaknya pada level hingga persen pada awal tahun an indef mencatat kenaikan konsumsi justru lebih banyak dinikmati oleh kelompok menengah ke atas dengan porsi tertinggi pada kelompok satu persen terkaya lembaga tersebut menyimpulkan bahwa mbg merupakan investasi modal manusia jangka panjang daripada penggerak pertumbuhan ekonomi instan dampak makroekonomi positif tetapi kecil dan transisional demikian hasil kajian tersebut,587,efektivitas programmakan bergizi gratis instrumen pemerintah menekan angkakemiskinanekstrem sorotan tajam senin program prioritas dinilai dampak ekonomi bersifat terbatas berisiko menimbulkan distorsi ekosistem usaha lokal menteri koordinator pemberdayaan masyarakat muhaimin iskandar program salah intervensi berpengaruh upaya menurunkan angka kemiskinan ekstrem nasional penurunan merujuk data kemiskinan ekstrem tercatat persen maret persen september berdampak program makan bergizi gratis rapat evaluasi pengentasan kemiskinan jakarta senin data pemerintah penduduk miskin ekstrem penyusutan orang orang periode dilansir ekonomi pakar klaim dampak program indikator kemiskinan sepenuhnya akurat metodologis direktur center of economic and law studies celios nailul huda pandangan berbeda pencatatan statistik kemiskinan berbasis pengeluaran rumah tangga penjelasannya program belanja negara dibandingkan peningkatan beli masyarakat makan bergizi gratis masuk pengeluaran rumah tangga membayar negara bisnis selasa huda menyoroti sasaran program bersifat pelajar hamil spesifik menyasar penduduk kategori miskin ekstrem kelompok membutuhkan dukungan finansial kebutuhan dasar program anak sekolah balita hamil spesifik orang miskin ekstrem kapasitas ekonomi masyarakat miskin ekstrem dinilai meningkat signifikan pemberian makanan stimulus modal dukungan uang tunai relevan kelompok rentan orang miskin ekstrem butuh cash transfer makanan kesenjangan alokasi nilai ekonomi penerima manfaat pengelola program poin kritik distribusi anggaran program huda membandingkan nilai bantuan harian diterima individu potensi pendapatan pemilik dapur pengelola penerima bantuan pemilik dapur timpang kekhawatiran pengamat kebijakan publik agus pambagio potensi dampak negatif pelaku usaha mikro lingkungan sekolah pengalihan konsumsi distribusi terpusat dikhawatirkan mematikan pendapatan pedagang pasar tradisional pedagang pasar pelanggannya turun untung supplier agus desain program sepenuhnya mengintegrasikan kekuatan ekosistem ekonomi lokal berdampak hilangnya mata pencaharian pengelola kantin sekolah terlibat skema program kaya supplier nya pedagang ngelola kantin menganggur berpendapat solusi jangka kemiskinan berfokus pembukaan lapangan kerja luas masyarakat kemandirian ekonomi pekerjaan formal dinilai stabil menjamin kecukupan pangan keluarga orang pekerjaan hidup kasih makan keluarganya kajian institute for development of economics and finance indef memperkuat indikasi dampak makroekonomi program bertahap simulasi peningkatan produktivitas tenaga kerja enam produktivitas kesehatan diprediksi meningkat persen pendidikan meningkat persen enam dampak produk domestik bruto mencapai puncaknya level persen an indef mencatat kenaikan konsumsi dinikmati kelompok menengah porsi tertinggi kelompok persen terkaya lembaga menyimpulkan investasi modal manusia jangka penggerak pertumbuhan ekonomi instan dampak makroekonomi positif transisional hasil kajian,351,efektivitas programmakan gizi gratis instrumen perintah tekan angkakemiskinanekstrem sorot tajam senin program prioritas nilai dampak ekonomi sifat batas risiko timbul distorsi ekosistem usaha lokal menteri koordinator daya masyarakat muhaimin iskandar program salah intervensi pengaruh upaya turun angka miskin ekstrem nasional turun rujuk data miskin ekstrem catat persen maret persen september dampak program makan gizi gratis rapat evaluasi entas miskin jakarta senin data perintah duduk miskin ekstrem susut orang orang periode lansir ekonomi pakar klaim dampak program indikator miskin sepenuh akurat metodologis direktur center of economic and law studies celios nailul huda pandang beda catat statistik miskin bas keluar rumah tangga jelas program belanja negara banding tingkat beli masyarakat makan gizi gratis masuk keluar rumah tangga bayar negara bisnis selasa huda sorot sasar program sifat ajar hamil spesifik sasar duduk kategori miskin ekstrem kelompok butuh dukung finansial butuh dasar program anak sekolah balita hamil spesifik orang miskin ekstrem kapasitas ekonomi masyarakat miskin ekstrem nilai tingkat signifikan beri makan stimulus modal dukung uang tunai relevan kelompok rentan orang miskin ekstrem butuh cash transfer makan senjang alokasi nilai ekonomi terima manfaat kelola program poin kritik distribusi anggar program huda banding nilai bantu hari terima individu potensi dapat milik dapur kelola terima bantu milik dapur timpang khawatir amat bijak publik agus pambagio potensi dampak negatif laku usaha mikro lingkung sekolah alih konsumsi distribusi pusat khawatir mati dapat dagang pasar tradisional dagang pasar langgan turun untung supplier agus desain program sepenuh integrasi kuat ekosistem ekonomi lokal dampak hilang mata cahari kelola kantin sekolah libat skema program kaya supplier nya dagang ngelola kantin anggur dapat solusi jangka miskin fokus buka lapang kerja luas masyarakat mandiri ekonomi kerja formal nilai stabil jamin cukup pangan keluarga orang kerja hidup kasih makan keluarga kaji institute for development of economics and finance indef kuat indikasi dampak makroekonomi program tahap simulasi tingkat produktivitas tenaga kerja enam produktivitas sehat prediksi tingkat persen didik tingkat persen enam dampak produk domestik bruto capai puncak level persen an indef catat naik konsumsi nikmat kelompok tengah porsi tinggi kelompok persen kaya lembaga simpul investasi modal manusia jangka gerak tumbuh ekonomi instan dampak makroekonomi positif transisional hasil kaji
Badan Gizi Nasional,Bilamana SPPG Tak Dapat Insentif Rp 6 Juta per Hari? - Kompas.com,"Thu, 30 Apr 2026 01:54:00 GMT",Kompas.com,https://nasional.kompas.com,https://news.google.com/rss/articles/CBMiswFBVV95cUxPWW5tV285R3doT3E3YVJVQ3dYb0kwYWNWcDh2ZDhkZlgzSE1SbGpiSVljaEo1TlJMSlpwcEFabWFweUNVaU8zeUhuYWFmMmNpbFBWZVB2NFFyV2JLdWRJdjMwU0JaWl9sV2cwWHZvcE1SSkp1aWdYb2pKMWJvSUtuZlRqYl9zUF9fY2VaX0prWXp6VjUtZE5YUnpEbmlneGpFRkxNZmdxbUpINmNsbnh6aFkxZw?oc=5,https://nasional.kompas.com/read/2026/04/30/08544411/bilamana-sppg-tak-dapat-insentif-rp-6-juta-per-hari?page=all,"Bilamana SPPG Tak Dapat Insentif Rp 6 Juta per Hari?
Tim Redaksi
JAKARTA, KOMPAS.com- Kebijakan Badan Gizi Nasional (BGN) terkait insentif untuk Satuan Pelayanan Pemenuhan Gizi (SPPG) atau dapur Makan Bergizi Gratis, menuai sorotan publik.
Dalam Keputusan Kepala BGN Nomor 401.1 Tahun 2025 tentang Petunjuk Teknis (Juknis) Tata Kelola Penyelenggaraan Program MBG Tahun Anggaran 2026, insentif fasilitasSPPGditetapkan Rp 6 juta per hari.
Penerimanya dalah mitra penyedia fasilitas SPPG. Mitra adalah perorangan atau badan hukum yang menyediakan fasilitas untuk MBG, bisa berupa kolaborasi antara yayasan dengan perorangan atau badan hukum.
Baca juga:Kepala BGN Sarankan Kampus Punya Minimal Satu SPPG
Juknis menyebut, insentif Rp 6 juta diberikan per hari yakni selama enam hari dalam sepekan, atau 12 hari dalam 2 minggu.
""Berlaku untuk periode 2 (dua) tahun sejak SPPG mulai beroperasi, selanjutnya akan dilakukan evaluasi,"" tertulis isi Juknis itu.
Namun, baru-baru ini BGN mengungkapkan bahwa mereka tetap memberikan insentif kepada 1.720 SPPG yang masih ditutup sementara akibat persoalan sanitasi.
Kepala BGN Dadan Hindayana mengatakan, insentif tersebut diberikan karena SPPG yang ditutup tetap memiliki sejumlah kewajiban yang harus dipenuhi.
""Untuk yang (ditutup) sementara itu tetap diberi (insentif). Karena dia harus mengurus yang lain-lain,"" ujar Dadan, di Makassar, dikutip dari Kompas.com, Selasa (28/4/2026).
Menurut dia, dana tersebut digunakan untuk mendukung berbagai kebutuhan, seperti pelatihan karyawan serta pemenuhan standar operasional yang ditetapkan pemerintah sebelum dapur kembali beroperasi.
Sebagian besar SPPG tersebut ditutup sementara lantaran belum memiliki sistem instalasi pengolahan air limbah (IPAS), serta belum mengantongi Sertifikat Laik Higiene Sanitasi (SLHS).
Adapun, penutupan akan dicabut setelah seluruh persyaratan tersebut terpenuhi.
""Jadi ini IPAL-nya sudah ada. Saya sudah ceklist. Ada yang tidak daftar SLHS belum. Begitu daftar SLHS-nya langsung dibuka. Nah, ini yang ini sudah daftar,"" kata Dadan.
Dadan mengatakan, insentif Rp 6 juta dinilai jauh lebih efisien dibandingkan jika MBG harus membuat semua fasilitas SPPG dari awal atau dari nol.
""Biaya yang diberikan jauh lebih efisien bila BGN membangun sendiri semua fasilitas dan infrastrukturnya,"" kata Dadan, saat dikonfirmasi Kompas.com, Rabu (18/2/2026).
Ia melanjutkan, pemberian insentif harian itu juga sebagai bentuk penghargaan negara kepada semua pihak yang ikut kontribusi dalam percepatan pelaksanaan MBG.
""Insentif dasar diberikan sebagai bentuk penghargaan negara kepada semua pihak yang telah berkontribusi terhadap percepatan pembangunan SPPG yang telah dilakukan,"" ungkap dia.
Dadan menyatakan, aspek kecepatan waktu serta ketersediaan fasilitas SPPG adalah hal krusial dalam percepatan program MBG.
Dengan pertimbangan aspek kecepatan itu, pemerintah memberikan insentif.
Dadan mengatakan, status pemberian insentif kepada SPPG ditentukan berdasarkan penyebab dan tingkat pelanggaran yang terjadi.
Oleh karena itu, dapur MBG tetap bisa mendapatkan masih dapat menerima insentif meski berstatus suspend atau disetop sementara operasionalnya.
""Jika KLB terjadi akibat kesalahan teknis di tingkat pelaksana dapur, misalnya tidak menjalankan standar operasional prosedur (SOP) seperti proses memasak yang terlalu cepat, maka SPPG masih dapat menerima insentif meskipun berstatus suspend,"" kata Dadan, dalam keterangan pers, Rabu (29/4/2026).
Baca juga:Anggota DPR Pertanyakan SPPG Ditutup Masih Dapat Insentif
Dalam hal ini, kata Dadan, kesalahan dinilai bersifat operasional dan masih dapat diperbaiki tanpa indikasi pelanggaran sistemik.
Lain halnya apabila kasus KLB terjadi akibat kelalaian mitra atau yayasan, seperti fasilitas dapur yang tidak layak atau tidak memenuhi standar.
""Maka, SPPG tersebut tidak berhak mendapatkan insentif,"" tegas Dadan.
Hal serupa berlaku jika insiden keamanan pangan dipicu oleh bahan baku yang tidak segar atau kesalahan dari mitra sebagai penyedia bahan baku.
""Termasuk jika ada praktik tidak sehat seperti monopoli supplier atau permainan harga, itu jelas tidak dapat insentif,"" tutur dia.
Insentif juga tidak akan dibayarkan apabila SPPG diberhentikan secara permanen atau mengalami penghentian sementara akibat tidak terpenuhinya kondisi standby readiness.
""Contohnya adalah ketika terjadi renovasi besar atau perbaikan mayor yang membuat SPPG tidak dapat menjalankan fungsinya secara normal,"" ujar Dadan.
Wakil Ketua Komisi IX DPR RI Charles Honoris mempertanyakan kebijakan BGN tetap memberikan insentif kepada SPPG yang ditutup sementara itu bukan hanya mengherankan, tetapi juga bermasalah dari segi moral dalam penggunaan anggaran negara.
Charles mengingatkan, kebijakan pemberian insentif terhadap SPPG yang ditutup sementara, berpotensi mengakibatkan pemborosan anggaran dalam jumlah besar apabila tetap dilaksanakan.
Baca juga:Kepala Bappisus Sebut 1.700 SPPG Kurangi Porsi MBG, Ayam Dipotong 20 Bagian
""Dana itu seharusnya bisa digunakan untuk program pendidikan atau meningkatkan kesejahteraan tenaga kesehatan di garda terdepan, bukan malah dibuang percuma untuk membayar unit yang sedang disanksi,"" kata dia.
Politikus PDI-P itu menilai, kebijakan tersebut bertentangan dengan narasi efisiensi anggaran yang selama ini digaungkan pemerintah.
Di satu sisi, kata Charles, pemerintah mendorong penghematan di berbagai sektor, namun di sisi lain tetap mengucurkan anggaran untuk unit yang tidak beroperasi.
""Uang negara justru dihamburkan secara brutal untuk membiayai unit-unit yang sedang tidak beroperasi karena melakukan pelanggaran,"" imbuh Charles.
Tekno
BrandzView
News
Properti
News
News
BrandzView
News
Regional
Regional
Regional
Regional
News
News
Copyright 2008 - 2026 PT. Kompas Cyber Media (Kompas Gramedia Digital Group). All Rights Reserved.",Kompas Cyber Media,"bilamana sppg tak dapat insentif rp 6 juta per hari?
tim redaksi
jakarta, kompas.com- kebijakan badan gizi nasional (bgn) terkait insentif untuk satuan pelayanan pemenuhan gizi (sppg) atau dapur makan bergizi gratis, menuai sorotan publik.
dalam keputusan kepala bgn nomor 401.1 tahun 2025 tentang petunjuk teknis (juknis) tata kelola penyelenggaraan program mbg tahun anggaran 2026, insentif fasilitassppgditetapkan rp 6 juta per hari.
penerimanya dalah mitra penyedia fasilitas sppg. mitra adalah perorangan atau badan hukum yang menyediakan fasilitas untuk mbg, bisa berupa kolaborasi antara yayasan dengan perorangan atau badan hukum.
baca juga:kepala bgn sarankan kampus punya minimal satu sppg
juknis menyebut, insentif rp 6 juta diberikan per hari yakni selama enam hari dalam sepekan, atau 12 hari dalam 2 minggu.
""berlaku untuk periode 2 (dua) tahun sejak sppg mulai beroperasi, selanjutnya akan dilakukan evaluasi,"" tertulis isi juknis itu.
namun, baru-baru ini bgn mengungkapkan bahwa mereka tetap memberikan insentif kepada 1.720 sppg yang masih ditutup sementara akibat persoalan sanitasi.
kepala bgn dadan hindayana mengatakan, insentif tersebut diberikan karena sppg yang ditutup tetap memiliki sejumlah kewajiban yang harus dipenuhi.
""untuk yang (ditutup) sementara itu tetap diberi (insentif). karena dia harus mengurus yang lain-lain,"" ujar dadan, di makassar, dikutip dari kompas.com, selasa (28/4/2026).
menurut dia, dana tersebut digunakan untuk mendukung berbagai kebutuhan, seperti pelatihan karyawan serta pemenuhan standar operasional yang ditetapkan pemerintah sebelum dapur kembali beroperasi.
sebagian besar sppg tersebut ditutup sementara lantaran belum memiliki sistem instalasi pengolahan air limbah (ipas), serta belum mengantongi sertifikat laik higiene sanitasi (slhs).
adapun, penutupan akan dicabut setelah seluruh persyaratan tersebut terpenuhi.
""jadi ini ipal-nya sudah ada. saya sudah ceklist. ada yang tidak daftar slhs belum. begitu daftar slhs-nya langsung dibuka. nah, ini yang ini sudah daftar,"" kata dadan.
dadan mengatakan, insentif rp 6 juta dinilai jauh lebih efisien dibandingkan jika mbg harus membuat semua fasilitas sppg dari awal atau dari nol.
""biaya yang diberikan jauh lebih efisien bila bgn membangun sendiri semua fasilitas dan infrastrukturnya,"" kata dadan, saat dikonfirmasi kompas.com, rabu (18/2/2026).
ia melanjutkan, pemberian insentif harian itu juga sebagai bentuk penghargaan negara kepada semua pihak yang ikut kontribusi dalam percepatan pelaksanaan mbg.
""insentif dasar diberikan sebagai bentuk penghargaan negara kepada semua pihak yang telah berkontribusi terhadap percepatan pembangunan sppg yang telah dilakukan,"" ungkap dia.
dadan menyatakan, aspek kecepatan waktu serta ketersediaan fasilitas sppg adalah hal krusial dalam percepatan program mbg.
dengan pertimbangan aspek kecepatan itu, pemerintah memberikan insentif.
dadan mengatakan, status pemberian insentif kepada sppg ditentukan berdasarkan penyebab dan tingkat pelanggaran yang terjadi.
oleh karena itu, dapur mbg tetap bisa mendapatkan masih dapat menerima insentif meski berstatus suspend atau disetop sementara operasionalnya.
""jika klb terjadi akibat kesalahan teknis di tingkat pelaksana dapur, misalnya tidak menjalankan standar operasional prosedur (sop) seperti proses memasak yang terlalu cepat, maka sppg masih dapat menerima insentif meskipun berstatus suspend,"" kata dadan, dalam keterangan pers, rabu (29/4/2026).
baca juga:anggota dpr pertanyakan sppg ditutup masih dapat insentif
dalam hal ini, kata dadan, kesalahan dinilai bersifat operasional dan masih dapat diperbaiki tanpa indikasi pelanggaran sistemik.
lain halnya apabila kasus klb terjadi akibat kelalaian mitra atau yayasan, seperti fasilitas dapur yang tidak layak atau tidak memenuhi standar.
""maka, sppg tersebut tidak berhak mendapatkan insentif,"" tegas dadan.
hal serupa berlaku jika insiden keamanan pangan dipicu oleh bahan baku yang tidak segar atau kesalahan dari mitra sebagai penyedia bahan baku.
""termasuk jika ada praktik tidak sehat seperti monopoli supplier atau permainan harga, itu jelas tidak dapat insentif,"" tutur dia.
insentif juga tidak akan dibayarkan apabila sppg diberhentikan secara permanen atau mengalami penghentian sementara akibat tidak terpenuhinya kondisi standby readiness.
""contohnya adalah ketika terjadi renovasi besar atau perbaikan mayor yang membuat sppg tidak dapat menjalankan fungsinya secara normal,"" ujar dadan.
wakil ketua komisi ix dpr ri charles honoris mempertanyakan kebijakan bgn tetap memberikan insentif kepada sppg yang ditutup sementara itu bukan hanya mengherankan, tetapi juga bermasalah dari segi moral dalam penggunaan anggaran negara.
charles mengingatkan, kebijakan pemberian insentif terhadap sppg yang ditutup sementara, berpotensi mengakibatkan pemborosan anggaran dalam jumlah besar apabila tetap dilaksanakan.
baca juga:kepala bappisus sebut 1.700 sppg kurangi porsi mbg, ayam dipotong 20 bagian
""dana itu seharusnya bisa digunakan untuk program pendidikan atau meningkatkan kesejahteraan tenaga kesehatan di garda terdepan, bukan malah dibuang percuma untuk membayar unit yang sedang disanksi,"" kata dia.
politikus pdi-p itu menilai, kebijakan tersebut bertentangan dengan narasi efisiensi anggaran yang selama ini digaungkan pemerintah.
di satu sisi, kata charles, pemerintah mendorong penghematan di berbagai sektor, namun di sisi lain tetap mengucurkan anggaran untuk unit yang tidak beroperasi.
""uang negara justru dihamburkan secara brutal untuk membiayai unit-unit yang sedang tidak beroperasi karena melakukan pelanggaran,"" imbuh charles.
tekno
brandzview
news
properti
news
news
brandzview
news
regional
regional
regional
regional
news
news
copyright 2008 - 2026 pt. kompas cyber media (kompas gramedia digital group). all rights reserved.",bilamana sppg tak dapat insentif rp juta per hari tim redaksi jakarta kompas com kebijakan badan gizi nasional bgn terkait insentif untuk satuan pelayanan pemenuhan gizi sppg atau dapur makan bergizi gratis menuai sorotan publik dalam keputusan kepala bgn nomor tahun tentang petunjuk teknis juknis tata kelola penyelenggaraan program mbg tahun anggaran insentif fasilitassppgditetapkan rp juta per hari penerimanya dalah mitra penyedia fasilitas sppg mitra adalah perorangan atau badan hukum yang menyediakan fasilitas untuk mbg bisa berupa kolaborasi antara yayasan dengan perorangan atau badan hukum baca juga kepala bgn sarankan kampus punya minimal satu sppg juknis menyebut insentif rp juta diberikan per hari yakni selama enam hari dalam sepekan atau hari dalam minggu berlaku untuk periode dua tahun sejak sppg mulai beroperasi selanjutnya akan dilakukan evaluasi tertulis isi juknis itu namun baru baru ini bgn mengungkapkan bahwa mereka tetap memberikan insentif kepada sppg yang masih ditutup sementara akibat persoalan sanitasi kepala bgn dadan hindayana mengatakan insentif tersebut diberikan karena sppg yang ditutup tetap memiliki sejumlah kewajiban yang harus dipenuhi untuk yang ditutup sementara itu tetap diberi insentif karena dia harus mengurus yang lain lain ujar dadan di makassar dikutip dari kompas com selasa menurut dia dana tersebut digunakan untuk mendukung berbagai kebutuhan seperti pelatihan karyawan serta pemenuhan standar operasional yang ditetapkan pemerintah sebelum dapur kembali beroperasi sebagian besar sppg tersebut ditutup sementara lantaran belum memiliki sistem instalasi pengolahan air limbah ipas serta belum mengantongi sertifikat laik higiene sanitasi slhs adapun penutupan akan dicabut setelah seluruh persyaratan tersebut terpenuhi jadi ini ipal nya sudah ada saya sudah ceklist ada yang tidak daftar slhs belum begitu daftar slhs nya langsung dibuka nah ini yang ini sudah daftar kata dadan dadan mengatakan insentif rp juta dinilai jauh lebih efisien dibandingkan jika mbg harus membuat semua fasilitas sppg dari awal atau dari nol biaya yang diberikan jauh lebih efisien bila bgn membangun sendiri semua fasilitas dan infrastrukturnya kata dadan saat dikonfirmasi kompas com rabu ia melanjutkan pemberian insentif harian itu juga sebagai bentuk penghargaan negara kepada semua pihak yang ikut kontribusi dalam percepatan pelaksanaan mbg insentif dasar diberikan sebagai bentuk penghargaan negara kepada semua pihak yang telah berkontribusi terhadap percepatan pembangunan sppg yang telah dilakukan ungkap dia dadan menyatakan aspek kecepatan waktu serta ketersediaan fasilitas sppg adalah hal krusial dalam percepatan program mbg dengan pertimbangan aspek kecepatan itu pemerintah memberikan insentif dadan mengatakan status pemberian insentif kepada sppg ditentukan berdasarkan penyebab dan tingkat pelanggaran yang terjadi oleh karena itu dapur mbg tetap bisa mendapatkan masih dapat menerima insentif meski berstatus suspend atau disetop sementara operasionalnya jika klb terjadi akibat kesalahan teknis di tingkat pelaksana dapur misalnya tidak menjalankan standar operasional prosedur sop seperti proses memasak yang terlalu cepat maka sppg masih dapat menerima insentif meskipun berstatus suspend kata dadan dalam keterangan pers rabu baca juga anggota dpr pertanyakan sppg ditutup masih dapat insentif dalam hal ini kata dadan kesalahan dinilai bersifat operasional dan masih dapat diperbaiki tanpa indikasi pelanggaran sistemik lain halnya apabila kasus klb terjadi akibat kelalaian mitra atau yayasan seperti fasilitas dapur yang tidak layak atau tidak memenuhi standar maka sppg tersebut tidak berhak mendapatkan insentif tegas dadan hal serupa berlaku jika insiden keamanan pangan dipicu oleh bahan baku yang tidak segar atau kesalahan dari mitra sebagai penyedia bahan baku termasuk jika ada praktik tidak sehat seperti monopoli supplier atau permainan harga itu jelas tidak dapat insentif tutur dia insentif juga tidak akan dibayarkan apabila sppg diberhentikan secara permanen atau mengalami penghentian sementara akibat tidak terpenuhinya kondisi standby readiness contohnya adalah ketika terjadi renovasi besar atau perbaikan mayor yang membuat sppg tidak dapat menjalankan fungsinya secara normal ujar dadan wakil ketua komisi ix dpr ri charles honoris mempertanyakan kebijakan bgn tetap memberikan insentif kepada sppg yang ditutup sementara itu bukan hanya mengherankan tetapi juga bermasalah dari segi moral dalam penggunaan anggaran negara charles mengingatkan kebijakan pemberian insentif terhadap sppg yang ditutup sementara berpotensi mengakibatkan pemborosan anggaran dalam jumlah besar apabila tetap dilaksanakan baca juga kepala bappisus sebut sppg kurangi porsi mbg ayam dipotong bagian dana itu seharusnya bisa digunakan untuk program pendidikan atau meningkatkan kesejahteraan tenaga kesehatan di garda terdepan bukan malah dibuang percuma untuk membayar unit yang sedang disanksi kata dia politikus pdi itu menilai kebijakan tersebut bertentangan dengan narasi efisiensi anggaran yang selama ini digaungkan pemerintah di satu sisi kata charles pemerintah mendorong penghematan di berbagai sektor namun di sisi lain tetap mengucurkan anggaran untuk unit yang tidak beroperasi uang negara justru dihamburkan secara brutal untuk membiayai unit unit yang sedang tidak beroperasi karena melakukan pelanggaran imbuh charles tekno brandzview news properti news news brandzview news regional regional regional regional news news copyright pt kompas cyber media kompas gramedia digital group all rights reserved,774,bilamana sppg insentif tim redaksi jakarta kompas com kebijakan badan gizi nasional insentif pelayanan pemenuhan gizi sppg dapur makan bergizi gratis menuai sorotan publik keputusan kepala petunjuk teknis juknis tata kelola penyelenggaraan program anggaran insentif fasilitassppgditetapkan penerimanya dalah mitra penyedia fasilitas sppg mitra perorangan badan hukum menyediakan fasilitas kolaborasi yayasan perorangan badan hukum kepala sarankan kampus minimal sppg juknis menyebut insentif enam sepekan minggu berlaku periode sppg beroperasi evaluasi tertulis isi juknis insentif sppg akibat sanitasi kepala insentif sppg kewajiban dipenuhi insentif mengurus makassar dikutip kompas com selasa dana kebutuhan pelatihan karyawan pemenuhan standar operasional ditetapkan pemerintah dapur beroperasi sppg lantaran instalasi pengolahan air limbah ipas mengantongi sertifikat laik higiene sanitasi slhs penutupan dicabut persyaratan terpenuhi ipal nya ceklist daftar slhs daftar slhs nya dibuka daftar insentif dinilai efisien dibandingkan fasilitas sppg nol biaya efisien membangun fasilitas infrastrukturnya dikonfirmasi kompas com rabu melanjutkan pemberian insentif harian bentuk penghargaan negara kontribusi percepatan insentif dasar bentuk penghargaan negara berkontribusi percepatan pembangunan sppg aspek kecepatan ketersediaan fasilitas sppg krusial percepatan program pertimbangan aspek kecepatan pemerintah insentif status pemberian insentif sppg ditentukan penyebab tingkat pelanggaran dapur menerima insentif berstatus suspend disetop operasionalnya klb akibat kesalahan teknis tingkat pelaksana dapur menjalankan standar operasional prosedur sop proses memasak cepat sppg menerima insentif berstatus suspend keterangan pers rabu anggota dpr sppg insentif kesalahan dinilai bersifat operasional diperbaiki indikasi pelanggaran sistemik halnya klb akibat kelalaian mitra yayasan fasilitas dapur layak memenuhi standar sppg berhak insentif berlaku insiden keamanan pangan dipicu bahan baku segar kesalahan mitra penyedia bahan baku praktik sehat monopoli supplier permainan harga insentif insentif dibayarkan sppg diberhentikan permanen penghentian akibat terpenuhinya kondisi standby readiness contohnya renovasi perbaikan mayor sppg menjalankan fungsinya normal wakil ketua komisi ix dpr charles honoris kebijakan insentif sppg mengherankan bermasalah segi moral penggunaan anggaran negara charles kebijakan pemberian insentif sppg berpotensi mengakibatkan pemborosan anggaran dilaksanakan kepala bappisus sppg kurangi porsi ayam dipotong dana program pendidikan meningkatkan kesejahteraan tenaga kesehatan garda terdepan dibuang membayar disanksi politikus pdi kebijakan bertentangan narasi efisiensi anggaran digaungkan pemerintah sisi charles pemerintah mendorong penghematan sisi mengucurkan anggaran beroperasi uang negara dihamburkan brutal membiayai beroperasi pelanggaran imbuh charles copyright kompas cyber media kompas gramedia digital group all rights reserved,360,bilamana sppg insentif tim redaksi jakarta kompas com bijak badan gizi nasional insentif layan penuh gizi sppg dapur makan gizi gratis tuai sorot publik putus kepala tunjuk teknis juknis tata kelola selenggara program anggar insentif fasilitassppgditetapkan terima dalah mitra sedia fasilitas sppg mitra orang badan hukum sedia fasilitas kolaborasi yayasan orang badan hukum kepala saran kampus minimal sppg juknis sebut insentif enam pek minggu laku periode sppg operasi evaluasi tulis isi juknis insentif sppg akibat sanitasi kepala insentif sppg wajib penuh insentif urus makassar kutip kompas com selasa dana butuh latih karyawan penuh standar operasional tetap perintah dapur operasi sppg lantar instalasi olah air limbah ipas kantong sertifikat laik higiene sanitasi slhs tutup cabut syarat penuh ipal nya ceklist daftar slhs daftar slhs nya buka daftar insentif nilai efisien banding fasilitas sppg nol biaya efisien bangun fasilitas infrastruktur konfirmasi kompas com rabu lanjut beri insentif hari bentuk harga negara kontribusi cepat insentif dasar bentuk harga negara kontribusi cepat bangun sppg aspek cepat sedia fasilitas sppg krusial cepat program timbang aspek cepat perintah insentif status beri insentif sppg tentu sebab tingkat langgar dapur terima insentif status suspend setop operasional klb akibat salah teknis tingkat laksana dapur jalan standar operasional prosedur sop proses masak cepat sppg terima insentif status suspend terang pers rabu anggota dpr sppg insentif salah nilai sifat operasional baik indikasi langgar sistemik hal klb akibat lalai mitra yayasan fasilitas dapur layak penuh standar sppg hak insentif laku insiden aman pangan picu bahan baku segar salah mitra sedia bahan baku praktik sehat monopoli supplier main harga insentif insentif bayar sppg henti permanen henti akibat penuh kondisi standby readiness contoh renovasi baik mayor sppg jalan fungsi normal wakil ketua komisi ix dpr charles honor bijak insentif sppg heran masalah segi moral guna anggar negara charles bijak beri insentif sppg potensi akibat boros anggar laksana kepala bappisus sppg kurang porsi ayam potong dana program didik tingkat sejahtera tenaga sehat garda depan buang bayar sanksi politikus pdi bijak tentang narasi efisiensi anggar gaung perintah sisi charles perintah dorong hemat sisi kucur anggar operasi uang negara hambur brutal biaya operasi langgar imbuh charles copyright kompas cyber media kompas gramedia digital group all rights reserved
Badan Gizi Nasional,BGN Nabire: Pendidikan dan gizi dua hal yang tak terpisahkan - ANTARA News Papua Tengah,"Sat, 02 May 2026 12:03:46 GMT",ANTARA News Papua Tengah,https://papuatengah.antaranews.com,https://news.google.com/rss/articles/CBMiqwFBVV95cUxPU1FONnNCbEpnTHF3aEhfNmN3WWhOdVFlZXRlQ1JBVm5pSTdkc3M4emlHUkZhRGRVOEJPYkpQU3ZzWGE4aVp5UWQ1VzdVbnZLWWRTeEd5eVFiZzF5alppdEw3YUc0NGhnYUpXZGRXaXhoemQ1U3RlOFpsalJLdlVzaFZwUFVncjRlR05raTFrNzk0bWdldEhKUWFrZmdwcWtuZGZYSkxxVW8xaFHSAbABQVVfeXFMTjFadnNRY0xjOGNZX1FvT1pMQ1JKZU90aVNXcHl0UUw0M1NONXk4UDlZMDJEZlh2RWZaVG9JZmJTTE5aY3h3R0VhVGtmaEhkTkliMEY0dVZqeEVXcWdGU0FmTHpHVGZ3SzN6Vzk1VzN0eDRKNVNlOTJiMDB4RHM3M211Zk1mMWkzeHZiVXB4NFJHNXhWWDVlTnRTdE1Qc0NUZG5pclFlRHgyMnVkSFhzVzY?oc=5,https://papuatengah.antaranews.com/berita/82380/bgn-nabire-pendidikan-dan-gizi-dua-hal-yang-tak-terpisahkan,"Nabire (ANTARA) - Badan Gizi Nasional (BGN) Kabupaten Nabire menyatakan pemenuhan gizi dan proses pendidikan merupakan dua aspek yang saling berkaitan dalam membentuk sumber daya manusia (SDM) unggul di Papua.Koordinator Wilayah BGN Nabire Marsel Asyerem di Nabire, Sabtu, mengatakan peringatan Hari Pendidikan Nasional (Hardiknas) 2026 semestinya menjadi momentum refleksi untuk memperkuat fondasi pembangunan manusia sejak usia sekolah.“Kualitas pembelajaran tidak bisa dilepaskan dari kesiapan fisik peserta didik. Guru membentuk pola pikir, tetapi asupan bergizi membentuk daya pikir. Keduanya saling melengkapi,” ujarnya.Menurut dia, upaya menyiapkan generasi emas Papua harus diawali dari pembenahan pola konsumsi anak di lingkungan pendidikan.Karena itu, pihaknya mendorong penguatan literasi gizi agar sekolah tidak hanya menjadi ruang transfer ilmu, tetapi juga pusat pembiasaan hidup sehat.Ia menjelaskan, pemahaman mengenai makanan bergizi perlu ditanamkan sejak dini agar siswa menyadari pentingnya nutrisi bagi pertumbuhan dan kemampuan kognitif.“Anak yang terpenuhi kebutuhan gizinya memiliki konsentrasi lebih baik, lebih aktif, dan lebih siap meraih prestasi,” katanya.Selain edukasi, BGN Nabire memperluas jangkauan layanan melalui program Makan Bergizi Gratis (MBG) guna memastikan akses pangan sehat menjangkau wilayah pesisir hingga pegunungan.Marsel menekankan tidak boleh ada anak di Kabupaten Nabire yang mengalami hambatan belajar akibat kekurangan asupan makanan karena faktor ekonomi maupun geografis.“Jangan sampai mereka tidak optimal mengikuti pelajaran karena lapar atau kondisi tubuh yang tidak prima,” tegasnya.Ia menambahkan, keberhasilan peningkatan kualitas SDM tidak dapat dicapai secara parsial, melainkan membutuhkan kolaborasi pemerintah daerah, tenaga pendidik, serta orang tua.Melalui sinergi lintas sektor, Marsel berharap literasi gizi menjadi budaya baru di satuan pendidikan sehingga pembangunan manusia menuju Indonesia Emas 2045 dapat diwujudkan dari wilayah timur tanah air itu.
Pewarta: Ali Nur IchsanEditor  : Evarianus SuparCOPYRIGHT © ANTARA 2026",ANTARA News Agency,"nabire (antara) - badan gizi nasional (bgn) kabupaten nabire menyatakan pemenuhan gizi dan proses pendidikan merupakan dua aspek yang saling berkaitan dalam membentuk sumber daya manusia (sdm) unggul di papua.koordinator wilayah bgn nabire marsel asyerem di nabire, sabtu, mengatakan peringatan hari pendidikan nasional (hardiknas) 2026 semestinya menjadi momentum refleksi untuk memperkuat fondasi pembangunan manusia sejak usia sekolah.“kualitas pembelajaran tidak bisa dilepaskan dari kesiapan fisik peserta didik. guru membentuk pola pikir, tetapi asupan bergizi membentuk daya pikir. keduanya saling melengkapi,” ujarnya.menurut dia, upaya menyiapkan generasi emas papua harus diawali dari pembenahan pola konsumsi anak di lingkungan pendidikan.karena itu, pihaknya mendorong penguatan literasi gizi agar sekolah tidak hanya menjadi ruang transfer ilmu, tetapi juga pusat pembiasaan hidup sehat.ia menjelaskan, pemahaman mengenai makanan bergizi perlu ditanamkan sejak dini agar siswa menyadari pentingnya nutrisi bagi pertumbuhan dan kemampuan kognitif.“anak yang terpenuhi kebutuhan gizinya memiliki konsentrasi lebih baik, lebih aktif, dan lebih siap meraih prestasi,” katanya.selain edukasi, bgn nabire memperluas jangkauan layanan melalui program makan bergizi gratis (mbg) guna memastikan akses pangan sehat menjangkau wilayah pesisir hingga pegunungan.marsel menekankan tidak boleh ada anak di kabupaten nabire yang mengalami hambatan belajar akibat kekurangan asupan makanan karena faktor ekonomi maupun geografis.“jangan sampai mereka tidak optimal mengikuti pelajaran karena lapar atau kondisi tubuh yang tidak prima,” tegasnya.ia menambahkan, keberhasilan peningkatan kualitas sdm tidak dapat dicapai secara parsial, melainkan membutuhkan kolaborasi pemerintah daerah, tenaga pendidik, serta orang tua.melalui sinergi lintas sektor, marsel berharap literasi gizi menjadi budaya baru di satuan pendidikan sehingga pembangunan manusia menuju indonesia emas 2045 dapat diwujudkan dari wilayah timur tanah air itu.
pewarta: ali nur ichsaneditor  : evarianus suparcopyright © antara 2026",nabire antara badan gizi nasional bgn kabupaten nabire menyatakan pemenuhan gizi dan proses pendidikan merupakan dua aspek yang saling berkaitan dalam membentuk sumber daya manusia sdm unggul di papua koordinator wilayah bgn nabire marsel asyerem di nabire sabtu mengatakan peringatan hari pendidikan nasional hardiknas semestinya menjadi momentum refleksi untuk memperkuat fondasi pembangunan manusia sejak usia sekolah kualitas pembelajaran tidak bisa dilepaskan dari kesiapan fisik peserta didik guru membentuk pola pikir tetapi asupan bergizi membentuk daya pikir keduanya saling melengkapi ujarnya menurut dia upaya menyiapkan generasi emas papua harus diawali dari pembenahan pola konsumsi anak di lingkungan pendidikan karena itu pihaknya mendorong penguatan literasi gizi agar sekolah tidak hanya menjadi ruang transfer ilmu tetapi juga pusat pembiasaan hidup sehat ia menjelaskan pemahaman mengenai makanan bergizi perlu ditanamkan sejak dini agar siswa menyadari pentingnya nutrisi bagi pertumbuhan dan kemampuan kognitif anak yang terpenuhi kebutuhan gizinya memiliki konsentrasi lebih baik lebih aktif dan lebih siap meraih prestasi katanya selain edukasi bgn nabire memperluas jangkauan layanan melalui program makan bergizi gratis mbg guna memastikan akses pangan sehat menjangkau wilayah pesisir hingga pegunungan marsel menekankan tidak boleh ada anak di kabupaten nabire yang mengalami hambatan belajar akibat kekurangan asupan makanan karena faktor ekonomi maupun geografis jangan sampai mereka tidak optimal mengikuti pelajaran karena lapar atau kondisi tubuh yang tidak prima tegasnya ia menambahkan keberhasilan peningkatan kualitas sdm tidak dapat dicapai secara parsial melainkan membutuhkan kolaborasi pemerintah daerah tenaga pendidik serta orang tua melalui sinergi lintas sektor marsel berharap literasi gizi menjadi budaya baru di satuan pendidikan sehingga pembangunan manusia menuju indonesia emas dapat diwujudkan dari wilayah timur tanah air itu pewarta ali nur ichsaneditor evarianus suparcopyright antara,272,nabire badan gizi nasional kabupaten nabire pemenuhan gizi proses pendidikan aspek berkaitan membentuk manusia sdm unggul papua koordinator wilayah nabire marsel asyerem nabire sabtu peringatan pendidikan nasional hardiknas semestinya momentum refleksi memperkuat fondasi pembangunan manusia usia sekolah kualitas pembelajaran dilepaskan kesiapan fisik peserta didik guru membentuk pola pikir asupan bergizi membentuk pikir melengkapi upaya generasi emas papua diawali pembenahan pola konsumsi anak lingkungan pendidikan mendorong penguatan literasi gizi sekolah ruang transfer ilmu pusat pembiasaan hidup sehat pemahaman makanan bergizi ditanamkan siswa menyadari nutrisi pertumbuhan kemampuan kognitif anak terpenuhi kebutuhan gizinya konsentrasi aktif meraih prestasi edukasi nabire memperluas jangkauan layanan program makan bergizi gratis akses pangan sehat menjangkau wilayah pesisir pegunungan marsel menekankan anak kabupaten nabire hambatan belajar akibat kekurangan asupan makanan faktor ekonomi geografis optimal mengikuti pelajaran lapar kondisi tubuh prima keberhasilan peningkatan kualitas sdm dicapai parsial membutuhkan kolaborasi pemerintah daerah tenaga pendidik orang tua sinergi lintas marsel berharap literasi gizi budaya pendidikan pembangunan manusia indonesia emas diwujudkan wilayah timur tanah air pewarta ali nur ichsaneditor evarianus suparcopyright,168,nabire badan gizi nasional kabupaten nabire penuh gizi proses didik aspek kait bentuk manusia sdm unggul papua koordinator wilayah nabire marsel asyerem nabire sabtu ingat didik nasional hardiknas mesti momentum refleksi kuat fondasi bangun manusia usia sekolah kualitas ajar lepas kesiap fisik serta didik guru bentuk pola pikir asupan gizi bentuk pikir lengkap upaya generasi emas papua awal benah pola konsumsi anak lingkung didik dorong kuat literasi gizi sekolah ruang transfer ilmu pusat biasa hidup sehat paham makan gizi tanam siswa sadar nutrisi tumbuh mampu kognitif anak penuh butuh gizi konsentrasi aktif raih prestasi edukasi nabire luas jangkau layan program makan gizi gratis akses pangan sehat jangkau wilayah pesisir gunung marsel tekan anak kabupaten nabire hambat ajar akibat kurang asupan makan faktor ekonomi geografis optimal ikut ajar lapar kondisi tubuh prima hasil tingkat kualitas sdm capai parsial butuh kolaborasi perintah daerah tenaga didik orang tua sinergi lintas marsel harap literasi gizi budaya didik bangun manusia indonesia emas wujud wilayah timur tanah air warta ali nur ichsaneditor evarianus suparcopyright
Badan Gizi Nasional,Respons UI dan UNJ soal Usulan SPPG di Kampus - Gaya Hidup - Bloomberg Technoz,"Fri, 01 May 2026 02:48:47 GMT",Bloomberg Technoz,https://www.bloombergtechnoz.com,https://news.google.com/rss/articles/CBMioAFBVV95cUxQVjRNT181YmlDb0taV1phNnd1TjFvcWJWTmdwZXZjSUxyalhVbWlmWUlHZDRyWFU3Z2RDcFhkbFhGX3NqaFdNeEk2WGt2bE5OX0ZlZXYxS3NkcGFjYzJwWTl2TUIyZXNreTRLWXdVUHQyVEMtVDlZUzdrb21wMExyTGNHYTdmMkwxbWZYTmk3ZnZBc3U1dXhocDFfQXF3ZHFV?oc=5,https://www.bloombergtechnoz.com/detail-news/107734/respons-ui-dan-unj-soal-usulan-sppg-di-kampus/2,"Sementara itu, Universitas Negeri Jakarta juga belum mengambil langkah konkret. Wakil Rektor UNJ Bidang Kerja Sama dan Bisnis, Andy Hadiyanto, menyampaikan bahwa pihaknya masih menunggu arahan dari forum pihak kampus.
""Terkait dengan SPPG kampus, UNJ belum membuat tim atau persiapan khusus. UNJ hanya menunggu instruksi dari forum PTNBH terkait keikutsertaan dalam pembuatan SPPG,""tambahnya.
Di sisi lain, Kepala Kantor Humas dan Informasi Publik UNJ, Syaifudin, menjelaskan bahwa UNJ telah memulai kajian awal terkait program MBG.
Ia menyebut kampus saat ini masih berada pada tahap awal dan belum masuk ke tahap operasional karena masih menunggu pedoman teknis dari pemerintah.
Ia menambahkan bahwa kajian yang dilakukan mencakup berbagai aspek, mulai dari kesiapan kelembagaan hingga potensi risiko implementasi di lingkungan perguruan tinggi, sebagai bentuk kehati-hatian dalam mengambil kebijakan.
""Hingga saat ini, UNJ belum mengambil langkah operasional karena masih menunggu arahan resmi dan pedoman teknis dari Kemdiktisaintek. Sikap ini mencerminkan kehati-hatian UNJ dalam memastikan bahwa setiap kebijakan yang diadopsi selaras dengan regulasi nasional, kebutuhan akademik, serta prinsip tata kelola perguruan tinggi yang baik dan berkelanjutan di masa depan,"" katanya.
Sebelumnya, Kepala Badan Gizi Nasional (BGN), Dadan Hindayana, menekankan bahwa perguruan tinggi memiliki peran strategis dalam mendukung keberhasilan program MBG dan didorong untuk membangun SPPG secara mandiri.
“Saya kira kampus perlu memahami ini, karena peluang ini besar. Minimal punya satu SPPG dulu, dan kalau bisa pasokannya berasal dari civitas akademika sendiri,” ujar Dadan dalam Forum U25 Perguruan Tinggi Negeri Badan Hukum (PTN-BH) di Makassar, Selasa (28/4).
(dec)",,"sementara itu, universitas negeri jakarta juga belum mengambil langkah konkret. wakil rektor unj bidang kerja sama dan bisnis, andy hadiyanto, menyampaikan bahwa pihaknya masih menunggu arahan dari forum pihak kampus.
""terkait dengan sppg kampus, unj belum membuat tim atau persiapan khusus. unj hanya menunggu instruksi dari forum ptnbh terkait keikutsertaan dalam pembuatan sppg,""tambahnya.
di sisi lain, kepala kantor humas dan informasi publik unj, syaifudin, menjelaskan bahwa unj telah memulai kajian awal terkait program mbg.
ia menyebut kampus saat ini masih berada pada tahap awal dan belum masuk ke tahap operasional karena masih menunggu pedoman teknis dari pemerintah.
ia menambahkan bahwa kajian yang dilakukan mencakup berbagai aspek, mulai dari kesiapan kelembagaan hingga potensi risiko implementasi di lingkungan perguruan tinggi, sebagai bentuk kehati-hatian dalam mengambil kebijakan.
""hingga saat ini, unj belum mengambil langkah operasional karena masih menunggu arahan resmi dan pedoman teknis dari kemdiktisaintek. sikap ini mencerminkan kehati-hatian unj dalam memastikan bahwa setiap kebijakan yang diadopsi selaras dengan regulasi nasional, kebutuhan akademik, serta prinsip tata kelola perguruan tinggi yang baik dan berkelanjutan di masa depan,"" katanya.
sebelumnya, kepala badan gizi nasional (bgn), dadan hindayana, menekankan bahwa perguruan tinggi memiliki peran strategis dalam mendukung keberhasilan program mbg dan didorong untuk membangun sppg secara mandiri.
“saya kira kampus perlu memahami ini, karena peluang ini besar. minimal punya satu sppg dulu, dan kalau bisa pasokannya berasal dari civitas akademika sendiri,” ujar dadan dalam forum u25 perguruan tinggi negeri badan hukum (ptn-bh) di makassar, selasa (28/4).
(dec)",sementara itu universitas negeri jakarta juga belum mengambil langkah konkret wakil rektor unj bidang kerja sama dan bisnis andy hadiyanto menyampaikan bahwa pihaknya masih menunggu arahan dari forum pihak kampus terkait dengan sppg kampus unj belum membuat tim atau persiapan khusus unj hanya menunggu instruksi dari forum ptnbh terkait keikutsertaan dalam pembuatan sppg tambahnya di sisi lain kepala kantor humas dan informasi publik unj syaifudin menjelaskan bahwa unj telah memulai kajian awal terkait program mbg ia menyebut kampus saat ini masih berada pada tahap awal dan belum masuk ke tahap operasional karena masih menunggu pedoman teknis dari pemerintah ia menambahkan bahwa kajian yang dilakukan mencakup berbagai aspek mulai dari kesiapan kelembagaan hingga potensi risiko implementasi di lingkungan perguruan tinggi sebagai bentuk kehati hatian dalam mengambil kebijakan hingga saat ini unj belum mengambil langkah operasional karena masih menunggu arahan resmi dan pedoman teknis dari kemdiktisaintek sikap ini mencerminkan kehati hatian unj dalam memastikan bahwa setiap kebijakan yang diadopsi selaras dengan regulasi nasional kebutuhan akademik serta prinsip tata kelola perguruan tinggi yang baik dan berkelanjutan di masa depan katanya sebelumnya kepala badan gizi nasional bgn dadan hindayana menekankan bahwa perguruan tinggi memiliki peran strategis dalam mendukung keberhasilan program mbg dan didorong untuk membangun sppg secara mandiri saya kira kampus perlu memahami ini karena peluang ini besar minimal punya satu sppg dulu dan kalau bisa pasokannya berasal dari civitas akademika sendiri ujar dadan dalam forum perguruan tinggi negeri badan hukum ptn bh di makassar selasa dec,243,universitas negeri jakarta mengambil konkret wakil rektor unj kerja bisnis andy hadiyanto menunggu arahan forum kampus sppg kampus unj tim persiapan khusus unj menunggu instruksi forum ptnbh keikutsertaan pembuatan sppg sisi kepala kantor humas informasi publik unj syaifudin unj kajian program menyebut kampus tahap masuk tahap operasional menunggu pedoman teknis pemerintah kajian mencakup aspek kesiapan kelembagaan potensi risiko lingkungan perguruan bentuk kehati hatian mengambil kebijakan unj mengambil operasional menunggu arahan resmi pedoman teknis kemdiktisaintek sikap mencerminkan kehati hatian unj kebijakan diadopsi selaras regulasi nasional kebutuhan akademik prinsip tata kelola perguruan berkelanjutan kepala badan gizi nasional menekankan perguruan peran strategis keberhasilan program didorong membangun sppg mandiri kampus memahami peluang minimal sppg pasokannya berasal civitas akademika forum perguruan negeri badan hukum ptn bh makassar selasa dec,124,universitas negeri jakarta ambil konkret wakil rektor unj kerja bisnis andy hadiyanto tunggu arah forum kampus sppg kampus unj tim siap khusus unj tunggu instruksi forum ptnbh keikutsertaan buat sppg sisi kepala kantor humas informasi publik unj syaifudin unj kaji program sebut kampus tahap masuk tahap operasional tunggu pedoman teknis perintah kaji cakup aspek kesiap lembaga potensi risiko lingkung guru bentuk hati hati ambil bijak unj ambil operasional tunggu arah resmi pedoman teknis kemdiktisaintek sikap cermin hati hati unj bijak adopsi selaras regulasi nasional butuh akademik prinsip tata kelola guru lanjut kepala badan gizi nasional tekan guru peran strategis hasil program dorong bangun sppg mandiri kampus paham peluang minimal sppg pasok asal civitas akademika forum guru negeri badan hukum ptn bh makassar selasa dec
Satuan Pelayanan Pemenuhan Gizi,HAK JAWAB: KLARIFIKASI RESMI SATUAN PELAYANAN PEMENUHAN GIZI (SPPG) NEGLASARI TERKAIT PEMBERITAAN “DUGAAN PELANGGARAN PROSEDUR PENGOLAHAN LIMBAH” - investigasi bhayangkara indonesia,"Sat, 02 May 2026 17:44:24 GMT",investigasi bhayangkara indonesia,https://investigasibhayangkara.com,https://news.google.com/rss/articles/CBMihwJBVV95cUxQS1UyaEY0M1dsX1hBbThjbTdiTUZZaTA1ekVBeE9CdGF5R0NaMHRkNENvRURpNlhvOUh6LXQ2d1V2S1FZQWcxRXItOXBoWnJiSXRZMTJyOU83OGRvdy1USEhRd1FuOFcySjlJQ2EyREQ3SVYtLUtXd3lXSFFvbGVBSFdfbGlLZnhiSWpad21TRWtfS1h6STVkeDVQX28tV1U0S0tTQlMwUXllSTl5M2I2dTJpSGlTT2JpN1pLVVFuRFVMY09fbUp2ZTdHRmhIRV9odkMwMjdXWWRialpKaW8zUERnV2gzR2xFaGxaSFhMdHh0WnI1dVQ2dE4wWUlpeG1nNXVBMjJLSQ?oc=5,https://investigasibhayangkara.com/hak-jawab-klarifikasi-resmi-satuan-pelayanan-pemenuhan-gizi-sppg-neglasari-terkait-pemberitaan-dugaan-pelanggaran-prosedur-pengolahan-limbah/,Sepertinya tidak ada yang ditemukan di lokasi ini. Mungkin coba salah satu tautan di bawah ini atau cari?,,sepertinya tidak ada yang ditemukan di lokasi ini. mungkin coba salah satu tautan di bawah ini atau cari?,sepertinya tidak ada yang ditemukan di lokasi ini mungkin coba salah satu tautan di bawah ini atau cari,18,ditemukan lokasi coba salah tautan cari,6,temu lokasi coba salah taut cari
Satuan Pelayanan Pemenuhan Gizi,BGN Dorong Perguruan Tinggi Kelola Satuan Pelayanan Pemenuhan Gizi - Babel Insight,"Thu, 30 Apr 2026 05:12:15 GMT",Babel Insight,https://www.babelinsight.id,https://news.google.com/rss/articles/CBMiaEFVX3lxTE5oRkF1dnlLRjRlZWhOeU1udEZWUnVhbjB4T3lSOTgwYkpRYjVrTklrTWhPV3pZbFZ5VEZPYnNqbjd2cnpOOXVtZnJKS0xRU2lFSTdrZ1RnY0Q0SWtoNUNkZ2RxVHl1RTA2?oc=5,https://www.babelinsight.id/bgn-dorong-kampus-kelola-sppg,"Kepala Badan GiziNasional(BGN) Dadan Hindayana mendorong keterlibatan perguruan tinggi secara aktif dalam pelaksanaan program Makan Bergizi Gratis (MBG) melalui pembentukan Satuan Pelayanan Pemenuhan Gizi (SPPG) di lingkungan kampus pada Rabu (29/4/2026).
Langkah ini dinilai sebagai peluang strategis bagi sivitas akademika untuk berkontribusi langsung pada keberhasilan program nasional tersebut. Dilansir dari Kompas, keterlibatan institusipendidikantinggi diharapkan mampu memperkuat rantai pasok kebutuhan gizi masyarakat.
""Saya kira kampus perlu memahami ini, karena ini peluang besar. Minimal punya satu SPPG dulu, dan kalau bisa pasokannya berasal dari sivitas akademika sendiri,"" kata Dadan Hindayana, Kepala Badan Gizi Nasional.
Dadan menjelaskan bahwa SPPG yang dikelola secara mandiri oleh perguruan tinggi dapat berfungsi ganda sebagai pusat pembelajaran praktis bagi mahasiswa. Unit ini tidak hanya berperan sebagai dapur penyedia makanan, tetapi juga menjadi simpul ekonomi yang memerlukan dukungan produksipanganskala besar.
Penyediaan satu unit SPPG membutuhkan lahan pertanian yang luas, termasuk delapan hektare sawah untuk suplai beras. Selain itu, diperlukan lahan jagung seluas 19 hektare guna memenuhi kebutuhan pakan ternak dalam rantai produksi tersebut.
Sektor peternakan juga memegang peranan krusial, di mana satu unit SPPG memerlukan setidaknya 4.000 ekor ayam petelur demi menjamin ketersediaan protein hewani bagi peserta program.
""Kalau ingin telurnya dipasok sendiri, maka harus ada sekitar 3.700 sampai 4.000 ayam petelur untuk satu SPPG,"" kata Dadan Hindayana dikutip Antara.
Pengembangan SPPG di lingkungan kampus membuka kesempatan bagi mahasiswa untuk terjun langsung dalam manajemen distribusi pangan, pertanian, hingga peternakan. Dadan menegaskan bahwa kehadiran unit ini akan menjadi laboratorium hidup bagi pengembangan riset dan teknologi pengolahan pangan di tanah air.",Babel Insight,"kepala badan gizinasional(bgn) dadan hindayana mendorong keterlibatan perguruan tinggi secara aktif dalam pelaksanaan program makan bergizi gratis (mbg) melalui pembentukan satuan pelayanan pemenuhan gizi (sppg) di lingkungan kampus pada rabu (29/4/2026).
langkah ini dinilai sebagai peluang strategis bagi sivitas akademika untuk berkontribusi langsung pada keberhasilan program nasional tersebut. dilansir dari kompas, keterlibatan institusipendidikantinggi diharapkan mampu memperkuat rantai pasok kebutuhan gizi masyarakat.
""saya kira kampus perlu memahami ini, karena ini peluang besar. minimal punya satu sppg dulu, dan kalau bisa pasokannya berasal dari sivitas akademika sendiri,"" kata dadan hindayana, kepala badan gizi nasional.
dadan menjelaskan bahwa sppg yang dikelola secara mandiri oleh perguruan tinggi dapat berfungsi ganda sebagai pusat pembelajaran praktis bagi mahasiswa. unit ini tidak hanya berperan sebagai dapur penyedia makanan, tetapi juga menjadi simpul ekonomi yang memerlukan dukungan produksipanganskala besar.
penyediaan satu unit sppg membutuhkan lahan pertanian yang luas, termasuk delapan hektare sawah untuk suplai beras. selain itu, diperlukan lahan jagung seluas 19 hektare guna memenuhi kebutuhan pakan ternak dalam rantai produksi tersebut.
sektor peternakan juga memegang peranan krusial, di mana satu unit sppg memerlukan setidaknya 4.000 ekor ayam petelur demi menjamin ketersediaan protein hewani bagi peserta program.
""kalau ingin telurnya dipasok sendiri, maka harus ada sekitar 3.700 sampai 4.000 ayam petelur untuk satu sppg,"" kata dadan hindayana dikutip antara.
pengembangan sppg di lingkungan kampus membuka kesempatan bagi mahasiswa untuk terjun langsung dalam manajemen distribusi pangan, pertanian, hingga peternakan. dadan menegaskan bahwa kehadiran unit ini akan menjadi laboratorium hidup bagi pengembangan riset dan teknologi pengolahan pangan di tanah air.",kepala badan gizinasional bgn dadan hindayana mendorong keterlibatan perguruan tinggi secara aktif dalam pelaksanaan program makan bergizi gratis mbg melalui pembentukan satuan pelayanan pemenuhan gizi sppg di lingkungan kampus pada rabu langkah ini dinilai sebagai peluang strategis bagi sivitas akademika untuk berkontribusi langsung pada keberhasilan program nasional tersebut dilansir dari kompas keterlibatan institusipendidikantinggi diharapkan mampu memperkuat rantai pasok kebutuhan gizi masyarakat saya kira kampus perlu memahami ini karena ini peluang besar minimal punya satu sppg dulu dan kalau bisa pasokannya berasal dari sivitas akademika sendiri kata dadan hindayana kepala badan gizi nasional dadan menjelaskan bahwa sppg yang dikelola secara mandiri oleh perguruan tinggi dapat berfungsi ganda sebagai pusat pembelajaran praktis bagi mahasiswa unit ini tidak hanya berperan sebagai dapur penyedia makanan tetapi juga menjadi simpul ekonomi yang memerlukan dukungan produksipanganskala besar penyediaan satu unit sppg membutuhkan lahan pertanian yang luas termasuk delapan hektare sawah untuk suplai beras selain itu diperlukan lahan jagung seluas hektare guna memenuhi kebutuhan pakan ternak dalam rantai produksi tersebut sektor peternakan juga memegang peranan krusial di mana satu unit sppg memerlukan setidaknya ekor ayam petelur demi menjamin ketersediaan protein hewani bagi peserta program kalau ingin telurnya dipasok sendiri maka harus ada sekitar sampai ayam petelur untuk satu sppg kata dadan hindayana dikutip antara pengembangan sppg di lingkungan kampus membuka kesempatan bagi mahasiswa untuk terjun langsung dalam manajemen distribusi pangan pertanian hingga peternakan dadan menegaskan bahwa kehadiran unit ini akan menjadi laboratorium hidup bagi pengembangan riset dan teknologi pengolahan pangan di tanah air,246,kepala badan gizinasional mendorong perguruan aktif program makan bergizi gratis pembentukan pelayanan pemenuhan gizi sppg lingkungan kampus rabu dinilai peluang strategis sivitas akademika berkontribusi keberhasilan program nasional dilansir kompas institusipendidikantinggi diharapkan memperkuat rantai pasok kebutuhan gizi masyarakat kampus memahami peluang minimal sppg pasokannya berasal sivitas akademika kepala badan gizi nasional sppg dikelola mandiri perguruan berfungsi ganda pusat pembelajaran praktis mahasiswa berperan dapur penyedia makanan simpul ekonomi dukungan produksipanganskala penyediaan sppg membutuhkan lahan pertanian luas delapan hektare sawah suplai beras lahan jagung seluas hektare memenuhi kebutuhan pakan ternak rantai produksi peternakan memegang peranan krusial sppg ekor ayam petelur menjamin ketersediaan protein hewani peserta program telurnya dipasok ayam petelur sppg dikutip sppg lingkungan kampus membuka kesempatan mahasiswa terjun manajemen distribusi pangan pertanian peternakan kehadiran laboratorium hidup riset teknologi pengolahan pangan tanah air,130,kepala badan gizinasional dorong guru aktif program makan gizi gratis bentuk layan penuh gizi sppg lingkung kampus rabu nilai peluang strategis sivitas akademika kontribusi hasil program nasional lansir kompas institusipendidikantinggi harap kuat rantai pasok butuh gizi masyarakat kampus paham peluang minimal sppg pasok asal sivitas akademika kepala badan gizi nasional sppg kelola mandiri guru fungsi ganda pusat ajar praktis mahasiswa peran dapur sedia makan simpul ekonomi dukung produksipanganskala sedia sppg butuh lahan tani luas delapan hektare sawah suplai beras lahan jagung luas hektare penuh butuh pakan ternak rantai produksi terna pegang peran krusial sppg ekor ayam telur jamin sedia protein hewani serta program telur pasok ayam telur sppg kutip sppg lingkung kampus buka sempat mahasiswa terjun manajemen distribusi pangan tani terna hadir laboratorium hidup riset teknologi olah pangan tanah air
Satuan Pelayanan Pemenuhan Gizi,Badan Gizi Nasional Tegaskan Undangan Bimtek Pengelolaan SPPG 2026 Adalah Dokumen Palsu - InvestorTrust,"Fri, 01 May 2026 16:52:52 GMT",InvestorTrust,https://investortrust.id,https://news.google.com/rss/articles/CBMixwFBVV95cUxQaFV2N3ZsazU4R1JiTVZkenZPdE5MM0M0TGZUcXBGYW0ydm0zUWZjSkVYZEtFeHl5OHd4M1ZNOVllSmloTGRmRGVWeGtTQjA5azlIamJmLUhraDJJQlBQbDFJRXY0WkdGQWJLWmswVF9YQ3ZTYWRQQjJhdWRtXzZWZVNMbUFUY2M4SFFpTUJ3bjVYQnZjOFo3R3pXV0Z5NHVjUFhzbkExTWJQU28tX0NrdTVkQXVOcEVJelRmSW43Z3d4MUFTVDVz?oc=5,https://investortrust.id/national/102025/badan-gizi-nasional-tegaskan-undangan-bimtek-pengelolaan-sppg-2026-adalah-dokumen-palsu,"JAKARTA, Investortrust.id— Badan Gizi Nasional (BGN) secara resmi memberikan klarifikasi terkait beredarnya dokumen undangan kegiatan bimbingan teknis (bimtek) pengelolaan Satuan Pelayanan Pemenuhan Gizi (SPPG) nasional tahun 2026 yang mencatut nama institusi serta Sekretaris Utama BGN.
Dalam keterangan resmi yang diterbitkan di Jakarta pada Jumat (1/5/2026), BGN menyatakan bahwa surat tersebut sama sekali tidak benar dan bukan merupakan dokumen resmi negara. Berdasarkan hasil penelusuran internal, dokumen tersebut tidak pernah diterbitkan oleh Sekretariat Utama maupun unit kerja mana pun di lingkungan BGN, sehingga segala bentuk kegiatan yang mengatasnamakan undangan tersebut berada di luar tanggung jawab lembaga.
Menyikapi temuan ini, Biro Hukum dan Humas BGN mengeluarkan peringatan keras guna mencegah terjadinya penipuan terhadap masyarakat maupun pemangku kepentingan.
""BGN mengimbau kepada seluruh pihak untuk meningkatkan kewaspadaan terhadap potensi penyalahgunaan nama instansi pemerintah. Masyarakat dan pemangku kepentingan diharapkan tidak menindaklanjuti undangan dimaksud serta lebih cermat dalam memverifikasi keabsahan dokumen yang beredar,"" bunyi imbauan resmi tersebut sebagaimana dikutipAntara.
Bappisus Tegaskan Anggaran Motor Listrik BGN Sudah Terukur, Bantah Kritik Publik
Sebagai langkah antisipatif, BGN mengingatkan agar setiap informasi atau undangan yang mengatasnamakan lembaga selalu dikonfirmasi terlebih dahulu melalui kanal komunikasi resmi guna menghindari potensi kerugian material maupun immaterial.
Guna menjaga integritas Program Makan Bergizi Gratis (MBG), BGN menyediakan layanan pengaduan bagi masyarakat yang mendapati informasi mencurigakan melaluicall center127 yang dikenal sebagai Sentra Aduan Gizi Interaktif (SAGI).
Kanal ini disiapkan untuk melayani kritik, saran, maupun aduan demi perbaikan tata kelola program di masa depan.
Sebelumnya, sebuah surat palsu beredar luas yang mengundang pengelola SPPG dan mitra untuk menghadiri acara di Balai Sudirman, Jakarta, pada Senin, 4 Mei 2026 mendatang. BGN kembali menegaskan bahwa surat tersebut adalah murni tindakan penipuan dan meminta masyarakat untuk sepenuhnya mengabaikan informasi menyesatkan tersebut.","Editor |Fajar WidhiyantoSABTU, 2 MEI 2026, 07.37 WIB","jakarta, investortrust.id— badan gizi nasional (bgn) secara resmi memberikan klarifikasi terkait beredarnya dokumen undangan kegiatan bimbingan teknis (bimtek) pengelolaan satuan pelayanan pemenuhan gizi (sppg) nasional tahun 2026 yang mencatut nama institusi serta sekretaris utama bgn.
dalam keterangan resmi yang diterbitkan di jakarta pada jumat (1/5/2026), bgn menyatakan bahwa surat tersebut sama sekali tidak benar dan bukan merupakan dokumen resmi negara. berdasarkan hasil penelusuran internal, dokumen tersebut tidak pernah diterbitkan oleh sekretariat utama maupun unit kerja mana pun di lingkungan bgn, sehingga segala bentuk kegiatan yang mengatasnamakan undangan tersebut berada di luar tanggung jawab lembaga.
menyikapi temuan ini, biro hukum dan humas bgn mengeluarkan peringatan keras guna mencegah terjadinya penipuan terhadap masyarakat maupun pemangku kepentingan.
""bgn mengimbau kepada seluruh pihak untuk meningkatkan kewaspadaan terhadap potensi penyalahgunaan nama instansi pemerintah. masyarakat dan pemangku kepentingan diharapkan tidak menindaklanjuti undangan dimaksud serta lebih cermat dalam memverifikasi keabsahan dokumen yang beredar,"" bunyi imbauan resmi tersebut sebagaimana dikutipantara.
bappisus tegaskan anggaran motor listrik bgn sudah terukur, bantah kritik publik
sebagai langkah antisipatif, bgn mengingatkan agar setiap informasi atau undangan yang mengatasnamakan lembaga selalu dikonfirmasi terlebih dahulu melalui kanal komunikasi resmi guna menghindari potensi kerugian material maupun immaterial.
guna menjaga integritas program makan bergizi gratis (mbg), bgn menyediakan layanan pengaduan bagi masyarakat yang mendapati informasi mencurigakan melaluicall center127 yang dikenal sebagai sentra aduan gizi interaktif (sagi).
kanal ini disiapkan untuk melayani kritik, saran, maupun aduan demi perbaikan tata kelola program di masa depan.
sebelumnya, sebuah surat palsu beredar luas yang mengundang pengelola sppg dan mitra untuk menghadiri acara di balai sudirman, jakarta, pada senin, 4 mei 2026 mendatang. bgn kembali menegaskan bahwa surat tersebut adalah murni tindakan penipuan dan meminta masyarakat untuk sepenuhnya mengabaikan informasi menyesatkan tersebut.",jakarta investortrust id badan gizi nasional bgn secara resmi memberikan klarifikasi terkait beredarnya dokumen undangan kegiatan bimbingan teknis bimtek pengelolaan satuan pelayanan pemenuhan gizi sppg nasional tahun yang mencatut nama institusi serta sekretaris utama bgn dalam keterangan resmi yang diterbitkan di jakarta pada jumat bgn menyatakan bahwa surat tersebut sama sekali tidak benar dan bukan merupakan dokumen resmi negara berdasarkan hasil penelusuran internal dokumen tersebut tidak pernah diterbitkan oleh sekretariat utama maupun unit kerja mana pun di lingkungan bgn sehingga segala bentuk kegiatan yang mengatasnamakan undangan tersebut berada di luar tanggung jawab lembaga menyikapi temuan ini biro hukum dan humas bgn mengeluarkan peringatan keras guna mencegah terjadinya penipuan terhadap masyarakat maupun pemangku kepentingan bgn mengimbau kepada seluruh pihak untuk meningkatkan kewaspadaan terhadap potensi penyalahgunaan nama instansi pemerintah masyarakat dan pemangku kepentingan diharapkan tidak menindaklanjuti undangan dimaksud serta lebih cermat dalam memverifikasi keabsahan dokumen yang beredar bunyi imbauan resmi tersebut sebagaimana dikutipantara bappisus tegaskan anggaran motor listrik bgn sudah terukur bantah kritik publik sebagai langkah antisipatif bgn mengingatkan agar setiap informasi atau undangan yang mengatasnamakan lembaga selalu dikonfirmasi terlebih dahulu melalui kanal komunikasi resmi guna menghindari potensi kerugian material maupun immaterial guna menjaga integritas program makan bergizi gratis mbg bgn menyediakan layanan pengaduan bagi masyarakat yang mendapati informasi mencurigakan melaluicall center yang dikenal sebagai sentra aduan gizi interaktif sagi kanal ini disiapkan untuk melayani kritik saran maupun aduan demi perbaikan tata kelola program di masa depan sebelumnya sebuah surat palsu beredar luas yang mengundang pengelola sppg dan mitra untuk menghadiri acara di balai sudirman jakarta pada senin mei mendatang bgn kembali menegaskan bahwa surat tersebut adalah murni tindakan penipuan dan meminta masyarakat untuk sepenuhnya mengabaikan informasi menyesatkan tersebut,277,jakarta investortrust id badan gizi nasional resmi klarifikasi beredarnya dokumen undangan kegiatan bimbingan teknis bimtek pengelolaan pelayanan pemenuhan gizi sppg nasional mencatut nama institusi sekretaris keterangan resmi diterbitkan jakarta jumat surat dokumen resmi negara hasil penelusuran internal dokumen diterbitkan sekretariat kerja lingkungan bentuk kegiatan mengatasnamakan undangan tanggung lembaga menyikapi temuan biro hukum humas mengeluarkan peringatan keras mencegah penipuan masyarakat pemangku kepentingan mengimbau meningkatkan kewaspadaan potensi penyalahgunaan nama instansi pemerintah masyarakat pemangku kepentingan diharapkan menindaklanjuti undangan cermat memverifikasi keabsahan dokumen beredar bunyi imbauan resmi dikutipantara bappisus tegaskan anggaran motor listrik terukur bantah kritik publik antisipatif informasi undangan mengatasnamakan lembaga dikonfirmasi kanal komunikasi resmi menghindari potensi kerugian material immaterial menjaga integritas program makan bergizi gratis menyediakan layanan pengaduan masyarakat mendapati informasi mencurigakan melaluicall center dikenal sentra aduan gizi interaktif sagi kanal disiapkan melayani kritik saran aduan perbaikan tata kelola program surat palsu beredar luas mengundang pengelola sppg mitra menghadiri acara balai sudirman jakarta senin mei surat murni tindakan penipuan masyarakat sepenuhnya mengabaikan informasi menyesatkan,162,jakarta investortrust id badan gizi nasional resmi klarifikasi edar dokumen undang giat bimbing teknis bimtek kelola layan penuh gizi sppg nasional catut nama institusi sekretaris terang resmi terbit jakarta jumat surat dokumen resmi negara hasil telusur internal dokumen terbit sekretariat kerja lingkung bentuk giat mengatasnamakan undang tanggung lembaga sikap temu biro hukum humas keluar ingat keras cegah tipu masyarakat mang penting imbau tingkat waspada potensi penyalahgunaan nama instansi perintah masyarakat mang penting harap menindaklanjuti undang cermat verifikasi absah dokumen edar bunyi imbau resmi dikutipantara bappisus tegas anggar motor listrik ukur bantah kritik publik antisipatif informasi undang mengatasnamakan lembaga konfirmasi kanal komunikasi resmi hindar potensi rugi material immaterial jaga integritas program makan gizi gratis sedia layan adu masyarakat dapat informasi curiga melaluicall center kenal sentra adu gizi interaktif sagi kanal siap layan kritik saran adu baik tata kelola program surat palsu edar luas undang kelola sppg mitra hadir acara balai sudirman jakarta senin mei surat murni tindak tipu masyarakat sepenuh abai informasi sesat
Satuan Pelayanan Pemenuhan Gizi,"Anggaran MBG Hanya Rp8.000–10.000 per Porsi, Dapur Berusaha Sajikan Menu Terbaik - RRI.co.id","Sun, 03 May 2026 07:15:01 GMT",RRI.co.id,https://rri.co.id,https://news.google.com/rss/articles/CBMivwFBVV95cUxPQkxseU5RQkJaVG1YWFY0bWVoNU16ZlNZWkppUHBab2dDal9zbkJmekxQa0Y5R3lSbzNqSjV1RnZyZUMyajZ4R2s5UzBoZEJ2QVNXdjRBaVZCYXkyTW5Tbl9OQU4waUF4MFpaY0ZRMGwxUUxHai1YX05XSlJPSWRUckh3bVhoTk1GU19tRmlfYmstdWdKZU5IclBXdVMwUFYyeUNPS2g2U1BmTWgtVUZWdlpkcjdZRmo1eEF6RXBDRQ?oc=5,https://rri.co.id/takengon/asta-cita/2385299/anggaran-mbg-hanya-rp8000-10000-per-porsi-dapur-berusaha-sajikan-menu-terbaik,"RRI.CO.ID, Takengon – Fakta mengejutkan terungkap dalam program siaran RRI Takengon, Sabtu, 2 Mei 2026. Anggaran bahan baku Program Makan Bergizi Gratis (MBG) per orang ternyata hanya berkisar Rp8.000 hingga Rp10.000. Meski terbatas, dapur MBG tetap dituntut menghadirkan makanan yang sehat, bergizi, dan disukai siswa.
Hal ini disampaikan Kepala Satuan Pelayanan Pemenuhan Gizi (SPPG) Pinangan, Ilham Firmanda, S.AP. Ia meluruskan anggapan masyarakat yang selama ini mengira anggaran MBG mencapai Rp15.000 per porsi.
“Rp15.000 itu bukan semuanya untuk makanan. Ada Rp2.000 untuk sewa dapur dan Rp3.000 untuk operasional. Jadi bahan baku murninya memang Rp8.000 sampai Rp10.000,” jelasnya.
Meski dengan anggaran minim, Ilham menegaskan kebutuhan gizi tetap terpenuhi karena menu dirancang langsung oleh ahli gizi. Tim dapur bekerja sama dengan bagian keuangan untuk menyesuaikan komposisi makanan berdasarkan kebutuhan nutrisi, bukan sekadar harga bahan.
Proses penyajian MBG pun tidak sederhana. Bahan makanan dibeli setiap hari demi menjaga kesegaran. Setelah melewati proses pengecekan kualitas, tim dapur mulai memasak sejak tengah malam.
“Jam 12 malam sudah mulai masak, subuh mulai packing, pagi langsung didistribusikan ke sekolah,” ungkap Ilham.
Setiap tahap diawasi ketat, termasuk pengecekan suhu makanan sebelum dikemas. Bahkan, satu dapur bisa melayani lebih dari 2.000 penerima manfaat dari berbagai jenjang pendidikan.
Di sisi lain, tantangan besar juga dihadapi, mulai dari harga bahan pangan yang fluktuatif hingga ketersediaan barang di pasar yang tidak menentu.
“Kalau bahan utama tidak tersedia, kami harus cepat mencari alternatif. Jadi harus selalu ada rencana cadangan,” katanya.
Selain itu, kondisi infrastruktur dan distribusi di Aceh Tengah turut memengaruhi kelancaran program. Namun demikian, dapur MBG tetap berupaya maksimal agar makanan yang disajikan tetap berkualitas.
Menariknya, sisa makanan siswa juga menjadi bahan evaluasi bagi tim dapur. Dari situ, mereka menilai tingkat kesukaan anak terhadap menu yang disajikan.
Ke depan, pihak SPPG berharap adanya penyesuaian anggaran seiring kenaikan harga bahan pokok, agar kualitas layanan tetap terjaga.
Program MBG pun diharapkan tidak hanya dipahami sebagai bantuan makanan, tetapi sebagai upaya serius pemerintah dalam memenuhi kebutuhan gizi masyarakat, khususnya anak-anak, meski dengan keterbatasan anggaran.
Memuat rekomendasi berita...",Nur Hasanah,"rri.co.id, takengon – fakta mengejutkan terungkap dalam program siaran rri takengon, sabtu, 2 mei 2026. anggaran bahan baku program makan bergizi gratis (mbg) per orang ternyata hanya berkisar rp8.000 hingga rp10.000. meski terbatas, dapur mbg tetap dituntut menghadirkan makanan yang sehat, bergizi, dan disukai siswa.
hal ini disampaikan kepala satuan pelayanan pemenuhan gizi (sppg) pinangan, ilham firmanda, s.ap. ia meluruskan anggapan masyarakat yang selama ini mengira anggaran mbg mencapai rp15.000 per porsi.
“rp15.000 itu bukan semuanya untuk makanan. ada rp2.000 untuk sewa dapur dan rp3.000 untuk operasional. jadi bahan baku murninya memang rp8.000 sampai rp10.000,” jelasnya.
meski dengan anggaran minim, ilham menegaskan kebutuhan gizi tetap terpenuhi karena menu dirancang langsung oleh ahli gizi. tim dapur bekerja sama dengan bagian keuangan untuk menyesuaikan komposisi makanan berdasarkan kebutuhan nutrisi, bukan sekadar harga bahan.
proses penyajian mbg pun tidak sederhana. bahan makanan dibeli setiap hari demi menjaga kesegaran. setelah melewati proses pengecekan kualitas, tim dapur mulai memasak sejak tengah malam.
“jam 12 malam sudah mulai masak, subuh mulai packing, pagi langsung didistribusikan ke sekolah,” ungkap ilham.
setiap tahap diawasi ketat, termasuk pengecekan suhu makanan sebelum dikemas. bahkan, satu dapur bisa melayani lebih dari 2.000 penerima manfaat dari berbagai jenjang pendidikan.
di sisi lain, tantangan besar juga dihadapi, mulai dari harga bahan pangan yang fluktuatif hingga ketersediaan barang di pasar yang tidak menentu.
“kalau bahan utama tidak tersedia, kami harus cepat mencari alternatif. jadi harus selalu ada rencana cadangan,” katanya.
selain itu, kondisi infrastruktur dan distribusi di aceh tengah turut memengaruhi kelancaran program. namun demikian, dapur mbg tetap berupaya maksimal agar makanan yang disajikan tetap berkualitas.
menariknya, sisa makanan siswa juga menjadi bahan evaluasi bagi tim dapur. dari situ, mereka menilai tingkat kesukaan anak terhadap menu yang disajikan.
ke depan, pihak sppg berharap adanya penyesuaian anggaran seiring kenaikan harga bahan pokok, agar kualitas layanan tetap terjaga.
program mbg pun diharapkan tidak hanya dipahami sebagai bantuan makanan, tetapi sebagai upaya serius pemerintah dalam memenuhi kebutuhan gizi masyarakat, khususnya anak-anak, meski dengan keterbatasan anggaran.
memuat rekomendasi berita...",rri co id takengon fakta mengejutkan terungkap dalam program siaran rri takengon sabtu mei anggaran bahan baku program makan bergizi gratis mbg per orang ternyata hanya berkisar rp hingga rp meski terbatas dapur mbg tetap dituntut menghadirkan makanan yang sehat bergizi dan disukai siswa hal ini disampaikan kepala satuan pelayanan pemenuhan gizi sppg pinangan ilham firmanda ap ia meluruskan anggapan masyarakat yang selama ini mengira anggaran mbg mencapai rp per porsi rp itu bukan semuanya untuk makanan ada rp untuk sewa dapur dan rp untuk operasional jadi bahan baku murninya memang rp sampai rp jelasnya meski dengan anggaran minim ilham menegaskan kebutuhan gizi tetap terpenuhi karena menu dirancang langsung oleh ahli gizi tim dapur bekerja sama dengan bagian keuangan untuk menyesuaikan komposisi makanan berdasarkan kebutuhan nutrisi bukan sekadar harga bahan proses penyajian mbg pun tidak sederhana bahan makanan dibeli setiap hari demi menjaga kesegaran setelah melewati proses pengecekan kualitas tim dapur mulai memasak sejak tengah malam jam malam sudah mulai masak subuh mulai packing pagi langsung didistribusikan ke sekolah ungkap ilham setiap tahap diawasi ketat termasuk pengecekan suhu makanan sebelum dikemas bahkan satu dapur bisa melayani lebih dari penerima manfaat dari berbagai jenjang pendidikan di sisi lain tantangan besar juga dihadapi mulai dari harga bahan pangan yang fluktuatif hingga ketersediaan barang di pasar yang tidak menentu kalau bahan utama tidak tersedia kami harus cepat mencari alternatif jadi harus selalu ada rencana cadangan katanya selain itu kondisi infrastruktur dan distribusi di aceh tengah turut memengaruhi kelancaran program namun demikian dapur mbg tetap berupaya maksimal agar makanan yang disajikan tetap berkualitas menariknya sisa makanan siswa juga menjadi bahan evaluasi bagi tim dapur dari situ mereka menilai tingkat kesukaan anak terhadap menu yang disajikan ke depan pihak sppg berharap adanya penyesuaian anggaran seiring kenaikan harga bahan pokok agar kualitas layanan tetap terjaga program mbg pun diharapkan tidak hanya dipahami sebagai bantuan makanan tetapi sebagai upaya serius pemerintah dalam memenuhi kebutuhan gizi masyarakat khususnya anak anak meski dengan keterbatasan anggaran memuat rekomendasi berita,329,rri co id takengon fakta mengejutkan terungkap program siaran rri takengon sabtu mei anggaran bahan baku program makan bergizi gratis orang berkisar terbatas dapur dituntut menghadirkan makanan sehat bergizi disukai siswa kepala pelayanan pemenuhan gizi sppg pinangan ilham firmanda ap meluruskan anggapan masyarakat anggaran mencapai porsi makanan sewa dapur operasional bahan baku murninya anggaran minim ilham kebutuhan gizi terpenuhi menu dirancang ahli gizi tim dapur keuangan menyesuaikan komposisi makanan kebutuhan nutrisi harga bahan proses penyajian sederhana bahan makanan dibeli menjaga kesegaran melewati proses pengecekan kualitas tim dapur memasak malam jam malam masak subuh packing pagi didistribusikan sekolah ilham tahap diawasi ketat pengecekan suhu makanan dikemas dapur melayani penerima manfaat jenjang pendidikan sisi tantangan dihadapi harga bahan pangan fluktuatif ketersediaan barang pasar menentu bahan tersedia cepat mencari alternatif rencana cadangan kondisi infrastruktur distribusi aceh memengaruhi kelancaran program dapur berupaya maksimal makanan disajikan berkualitas menariknya sisa makanan siswa bahan evaluasi tim dapur situ tingkat kesukaan anak menu disajikan sppg berharap penyesuaian anggaran seiring kenaikan harga bahan pokok kualitas layanan terjaga program diharapkan dipahami bantuan makanan upaya serius pemerintah memenuhi kebutuhan gizi masyarakat anak anak keterbatasan anggaran memuat berita,186,rri co id takengon fakta kejut ungkap program siar rri takengon sabtu mei anggar bahan baku program makan gizi gratis orang kisar batas dapur tuntut hadir makan sehat gizi suka siswa kepala layan penuh gizi sppg pinang ilham firmanda ap lurus anggap masyarakat anggar capai porsi makan sewa dapur operasional bahan baku murni anggar minim ilham butuh gizi penuh menu rancang ahli gizi tim dapur uang sesuai komposisi makan butuh nutrisi harga bahan proses saji sederhana bahan makan beli jaga segar lewat proses kece kualitas tim dapur masak malam jam malam masak subuh packing pagi distribusi sekolah ilham tahap awas ketat kece suhu makan kemas dapur layan terima manfaat jenjang didik sisi tantang hadap harga bahan pangan fluktuatif sedia barang pasar tentu bahan sedia cepat cari alternatif rencana cadang kondisi infrastruktur distribusi aceh pengaruh lancar program dapur upaya maksimal makan saji kualitas tarik sisa makan siswa bahan evaluasi tim dapur situ tingkat suka anak menu saji sppg harap sesuai anggar iring naik harga bahan pokok kualitas layan jaga program harap paham bantu makan upaya serius perintah penuh butuh gizi masyarakat anak anak batas anggar muat berita
SPPG,IPB Siap Bangun SPPG di Bogor Guna Dukung Program Makan Bergizi Gratis - MetroTVNews.com,"Sat, 02 May 2026 20:28:23 GMT",MetroTVNews.com,https://www.metrotvnews.com,https://news.google.com/rss/articles/CBMisgFBVV95cUxQMW0tbnJ0a3ExRDhMQmZGY1V5bnk3MjhUUE5ZMWZZNUJCZ0JXZHNyczlJUUtKcVhuWUh1d3dqRVFXQzZvSkFaanpCMTJ4Y1hxekg1a2tieXJrbzFTN2RwVWJEUGZIa19OaWIwVHJXNmppbV9EN1B5amRlZUN6Qi1GQjI0SG1tdFNkSEdaUERsRjQ4UnpEdlhkMm02U3J0bFREblZod0x4RzBpMEtZQUZjT2hn?oc=5,https://www.metrotvnews.com/play/kpLCQ3mX-ipb-siap-bangun-sppg-di-bogor-guna-dukung-program-makan-bergizi-gratis,"Nasional
ADVERTISEMENT
3 May 2026 03:28
SHARE NOW
Institut Pertanian Bogor(IPB) menyambut baik kolaborasi dengan Badan Gizi Nasional untuk membangun dapur programMakan Bergizi Gratis(MBG) di lingkungan kampus. Sebagai langkah konkret, IPB tengah menyiapkan pembangunan dua titikSatuan Pelayanan Pangan Bergizi(SPPG) yang akan berlokasi di wilayah Bogor.ADVERTISEMENT""InsyaAllah Mei dan mungkin berikutnya di Juni,"" ujar Rektor IPB Alim Setiawan yang dikutip dari Headline News, Sabtu 2 Mei 2026.Alim Setiawan, menjelaskan bahwa fasilitas ini bukan sekadar operasional dapur. SPPG dirancang sebagai model integrasi ekosistem pangan dari hilir yang akan membawa dampak positif bagi ketahanan pangan lokal.
ADVERTISEMENT
ADVERTISEMENT
terkait
lainnya",Metro TV,"nasional
advertisement
3 may 2026 03:28
share now
institut pertanian bogor(ipb) menyambut baik kolaborasi dengan badan gizi nasional untuk membangun dapur programmakan bergizi gratis(mbg) di lingkungan kampus. sebagai langkah konkret, ipb tengah menyiapkan pembangunan dua titiksatuan pelayanan pangan bergizi(sppg) yang akan berlokasi di wilayah bogor.advertisement""insyaallah mei dan mungkin berikutnya di juni,"" ujar rektor ipb alim setiawan yang dikutip dari headline news, sabtu 2 mei 2026.alim setiawan, menjelaskan bahwa fasilitas ini bukan sekadar operasional dapur. sppg dirancang sebagai model integrasi ekosistem pangan dari hilir yang akan membawa dampak positif bagi ketahanan pangan lokal.
advertisement
advertisement
terkait
lainnya",nasional advertisement may share now institut pertanian bogor ipb menyambut baik kolaborasi dengan badan gizi nasional untuk membangun dapur programmakan bergizi gratis mbg di lingkungan kampus sebagai langkah konkret ipb tengah menyiapkan pembangunan dua titiksatuan pelayanan pangan bergizi sppg yang akan berlokasi di wilayah bogor advertisement insyaallah mei dan mungkin berikutnya di juni ujar rektor ipb alim setiawan yang dikutip dari headline news sabtu mei alim setiawan menjelaskan bahwa fasilitas ini bukan sekadar operasional dapur sppg dirancang sebagai model integrasi ekosistem pangan dari hilir yang akan membawa dampak positif bagi ketahanan pangan lokal advertisement advertisement terkait lainnya,97,nasional may institut pertanian bogor ipb menyambut kolaborasi badan gizi nasional membangun dapur programmakan bergizi gratis lingkungan kampus konkret ipb pembangunan titiksatuan pelayanan pangan bergizi sppg berlokasi wilayah bogor insyaallah mei juni rektor ipb setiawan dikutip headline sabtu mei setiawan fasilitas operasional dapur sppg dirancang model integrasi ekosistem pangan hilir membawa dampak positif ketahanan pangan lokal,56,nasional may institut tani bogor ipb sambut kolaborasi badan gizi nasional bangun dapur programmakan gizi gratis lingkung kampus konkret ipb bangun titiksatuan layan pangan gizi sppg lokasi wilayah bogor insyaallah mei juni rektor ipb setiawan kutip headline sabtu mei setiawan fasilitas operasional dapur sppg rancang model integrasi ekosistem pangan hilir bawa dampak positif tahan pangan lokal
SPPG,"MBG Menjangkau Pelosok, SPPG Banjarmasin Lakukan Terobosan Distribusi - RRI.co.id","Sat, 02 May 2026 08:49:00 GMT",RRI.co.id,https://rri.co.id,https://news.google.com/rss/articles/CBMiuAFBVV95cUxNNUw1UXBtb0c2MklfWHpQOVgtT1ZrTkFURE8xUDdDTnpnX3lmdFVqTUpHbXFWa0RWb0kyZlFqRkRySmhCYm5MOXowbVBrQzR4TUE3ZjB6OHZtSGJSa1hIQzItdkIzRk1pWktBQXk4bzRrUkxUR3d6TEFjTWJUbUVLbDFiZmpjQ2lZajU2cnZxLTZBaDRwXzc3N0VWNGNzSENWOFFHUDdENHZlT28zSlVRRjJuNGxldFpz?oc=5,https://rri.co.id/banjarmasin/berita-video/42592/mbg-menjangkau-pelosok-sppg-banjarmasin-lakukan-terobosan-distribusi,"RRI.CO.ID, Banjarmasin – Tantangan geografis tidak menyurutkan langkah Satuan Pelayanan Pemenuhan Gizi (SPPG) di Kota Banjarmasin dalam menyalurkan program Makan Bergizi Gratis (MBG) bagi para siswa. Petugas di lapangan terus berinovasi agar distribusi tetap menjangkau seluruh wilayah, termasuk daerah sulit akses.
Koordinator Wilayah SPPG Banjarmasin, Ahmad Cahyadi, menyebut berbagai modifikasi dilakukan pada kendaraan operasional agar mampu menembus jalur sempit maupun medan ekstrem. Selain itu, transportasi air seperti jukung dan perahu motor juga dimanfaatkan untuk menjangkau sekolah di bantaran sungai.
Inovasi serupa diterapkan di wilayah SPPG Sungai Bilu, Banjarmasin Timur. Distribusi ratusan paket makanan dilakukan menggunakan gerobak modifikasi untuk menjangkau sekolah yang berada di dalam gang sempit.
Kepala SPPG Sungai Bilu, Ahmad Rizki, menjelaskan langkah tersebut dilakukan agar paket makanan tetap sampai ke siswa di Madrasah Ibtidaiyah Khadijah. Menurutnya, kondisi akses yang terbatas tidak menjadi penghalang dalam menjalankan program.
Upaya ini sejalan dengan kebijakan Badan Gizi Nasional yang menerapkan pendekatan afirmasi bagi wilayah sulit. Melalui pedoman teknis MBG 2026, pemerintah memastikan program dijalankan secara adaptif sesuai kondisi geografis masing-masing daerah.
Memuat rekomendasi berita...",Muhammad Luqmanul,"rri.co.id, banjarmasin – tantangan geografis tidak menyurutkan langkah satuan pelayanan pemenuhan gizi (sppg) di kota banjarmasin dalam menyalurkan program makan bergizi gratis (mbg) bagi para siswa. petugas di lapangan terus berinovasi agar distribusi tetap menjangkau seluruh wilayah, termasuk daerah sulit akses.
koordinator wilayah sppg banjarmasin, ahmad cahyadi, menyebut berbagai modifikasi dilakukan pada kendaraan operasional agar mampu menembus jalur sempit maupun medan ekstrem. selain itu, transportasi air seperti jukung dan perahu motor juga dimanfaatkan untuk menjangkau sekolah di bantaran sungai.
inovasi serupa diterapkan di wilayah sppg sungai bilu, banjarmasin timur. distribusi ratusan paket makanan dilakukan menggunakan gerobak modifikasi untuk menjangkau sekolah yang berada di dalam gang sempit.
kepala sppg sungai bilu, ahmad rizki, menjelaskan langkah tersebut dilakukan agar paket makanan tetap sampai ke siswa di madrasah ibtidaiyah khadijah. menurutnya, kondisi akses yang terbatas tidak menjadi penghalang dalam menjalankan program.
upaya ini sejalan dengan kebijakan badan gizi nasional yang menerapkan pendekatan afirmasi bagi wilayah sulit. melalui pedoman teknis mbg 2026, pemerintah memastikan program dijalankan secara adaptif sesuai kondisi geografis masing-masing daerah.
memuat rekomendasi berita...",rri co id banjarmasin tantangan geografis tidak menyurutkan langkah satuan pelayanan pemenuhan gizi sppg di kota banjarmasin dalam menyalurkan program makan bergizi gratis mbg bagi para siswa petugas di lapangan terus berinovasi agar distribusi tetap menjangkau seluruh wilayah termasuk daerah sulit akses koordinator wilayah sppg banjarmasin ahmad cahyadi menyebut berbagai modifikasi dilakukan pada kendaraan operasional agar mampu menembus jalur sempit maupun medan ekstrem selain itu transportasi air seperti jukung dan perahu motor juga dimanfaatkan untuk menjangkau sekolah di bantaran sungai inovasi serupa diterapkan di wilayah sppg sungai bilu banjarmasin timur distribusi ratusan paket makanan dilakukan menggunakan gerobak modifikasi untuk menjangkau sekolah yang berada di dalam gang sempit kepala sppg sungai bilu ahmad rizki menjelaskan langkah tersebut dilakukan agar paket makanan tetap sampai ke siswa di madrasah ibtidaiyah khadijah menurutnya kondisi akses yang terbatas tidak menjadi penghalang dalam menjalankan program upaya ini sejalan dengan kebijakan badan gizi nasional yang menerapkan pendekatan afirmasi bagi wilayah sulit melalui pedoman teknis mbg pemerintah memastikan program dijalankan secara adaptif sesuai kondisi geografis masing masing daerah memuat rekomendasi berita,173,rri co id banjarmasin tantangan geografis menyurutkan pelayanan pemenuhan gizi sppg kota banjarmasin menyalurkan program makan bergizi gratis siswa petugas lapangan berinovasi distribusi menjangkau wilayah daerah sulit akses koordinator wilayah sppg banjarmasin ahmad cahyadi menyebut modifikasi kendaraan operasional menembus jalur sempit medan ekstrem transportasi air jukung perahu motor dimanfaatkan menjangkau sekolah bantaran sungai inovasi diterapkan wilayah sppg sungai bilu banjarmasin timur distribusi ratusan paket makanan gerobak modifikasi menjangkau sekolah gang sempit kepala sppg sungai bilu ahmad rizki paket makanan siswa madrasah ibtidaiyah khadijah menurutnya kondisi akses terbatas penghalang menjalankan program upaya sejalan kebijakan badan gizi nasional menerapkan pendekatan afirmasi wilayah sulit pedoman teknis pemerintah program dijalankan adaptif kondisi geografis daerah memuat berita,112,rri co id banjarmasin tantang geografis surut layan penuh gizi sppg kota banjarmasin salur program makan gizi gratis siswa tugas lapang inovasi distribusi jangkau wilayah daerah sulit akses koordinator wilayah sppg banjarmasin ahmad cahyadi sebut modifikasi kendara operasional tembus jalur sempit medan ekstrem transportasi air jukung perahu motor manfaat jangkau sekolah bantaran sungai inovasi terap wilayah sppg sungai bilu banjarmasin timur distribusi ratus paket makan gerobak modifikasi jangkau sekolah gang sempit kepala sppg sungai bilu ahmad rizki paket makan siswa madrasah ibtidaiyah khadijah turut kondisi akses batas halang jalan program upaya jalan bijak badan gizi nasional terap dekat afirmasi wilayah sulit pedoman teknis perintah program jalan adaptif kondisi geografis daerah muat berita
SPPG,Respons IPB soal Usulan Bangun SPPG MBG di Kampus - Bloomberg Technoz,"Fri, 01 May 2026 11:10:00 GMT",Bloomberg Technoz,https://www.bloombergtechnoz.com,https://news.google.com/rss/articles/CBMiowFBVV95cUxNUEd6Q0psWGdteE5ZcENsODJ0b0JqNVJVR2NuWUZaYmNNMURSdWhHbEN3SFNoYm1kNjdBMVVzeEktQTNHbG52Qm14VzdRVzJHcmlpTVRNdkFRY0JjYklKR2swcnlHUTZMV0JuT3YzSjdNOENXdU0zSFNfM0hLa29SNWZnWVZsX3U2bzdJaHREWjZWUEhrdWpVU0tUWk4wZFFDLS1n?oc=5,https://www.bloombergtechnoz.com/detail-news/107774/respons-ipb-soal-usulan-bangun-sppg-mbg-di-kampus,"Bloomberg Technoz, Jakarta- Institut Pertanian Bogor (IPB) merespons usulan Kepala Badan Gizi Nasional (BGN) Dadan Hindayana agar lingkungan kampus membangun Satuan Pelayanan Pemenuhan Gizi (SPPG) secara mandiri. Selain untuk mendukung Program Makan Bergizi Gratis (MBG), hal itu sekaligus guna menjadi pusat pembelajaran berbasis praktik.
Menanggapi hal itu, Rektor IPB Alim Setiawan Slamet menilai keterlibatan perguruan tinggi memiliki dasar strategis karena dapat menempatkan kampus sebagai penyedia solusi berbasis pengetahuan.
Alim menyebut, keterlibatan kampus dalam pembangunan SPPG memiliki rasionalitas yang kuat. Ia menilai, “Keterlibatan kampus dalam pembangunan SPPG untuk program MBG memiliki rasional strategis karena menempatkan kampus sebagaiknowledge-based solution provider,"" katanya dalam keterangan kepada Bloomberg Technoz, Jumat (1/5).
Menurut dia, program MBG menyasar isu-isu fundamental seperti gizi, pendidikan, dan kualitas sumber daya manusia. Karena itu, pendekatan berbasis sains menjadi kunci.
“Program ini menyasar isu fundamental seperti gizi, pendidikan, dan kualitas SDM, sehingga perlu dijalankan berbasis sains. Kampus memastikan desain, implementasi, hingga evaluasi dilakukan secara terukur dan berbasis data,” ujarnya.",,"bloomberg technoz, jakarta- institut pertanian bogor (ipb) merespons usulan kepala badan gizi nasional (bgn) dadan hindayana agar lingkungan kampus membangun satuan pelayanan pemenuhan gizi (sppg) secara mandiri. selain untuk mendukung program makan bergizi gratis (mbg), hal itu sekaligus guna menjadi pusat pembelajaran berbasis praktik.
menanggapi hal itu, rektor ipb alim setiawan slamet menilai keterlibatan perguruan tinggi memiliki dasar strategis karena dapat menempatkan kampus sebagai penyedia solusi berbasis pengetahuan.
alim menyebut, keterlibatan kampus dalam pembangunan sppg memiliki rasionalitas yang kuat. ia menilai, “keterlibatan kampus dalam pembangunan sppg untuk program mbg memiliki rasional strategis karena menempatkan kampus sebagaiknowledge-based solution provider,"" katanya dalam keterangan kepada bloomberg technoz, jumat (1/5).
menurut dia, program mbg menyasar isu-isu fundamental seperti gizi, pendidikan, dan kualitas sumber daya manusia. karena itu, pendekatan berbasis sains menjadi kunci.
“program ini menyasar isu fundamental seperti gizi, pendidikan, dan kualitas sdm, sehingga perlu dijalankan berbasis sains. kampus memastikan desain, implementasi, hingga evaluasi dilakukan secara terukur dan berbasis data,” ujarnya.",bloomberg technoz jakarta institut pertanian bogor ipb merespons usulan kepala badan gizi nasional bgn dadan hindayana agar lingkungan kampus membangun satuan pelayanan pemenuhan gizi sppg secara mandiri selain untuk mendukung program makan bergizi gratis mbg hal itu sekaligus guna menjadi pusat pembelajaran berbasis praktik menanggapi hal itu rektor ipb alim setiawan slamet menilai keterlibatan perguruan tinggi memiliki dasar strategis karena dapat menempatkan kampus sebagai penyedia solusi berbasis pengetahuan alim menyebut keterlibatan kampus dalam pembangunan sppg memiliki rasionalitas yang kuat ia menilai keterlibatan kampus dalam pembangunan sppg untuk program mbg memiliki rasional strategis karena menempatkan kampus sebagaiknowledge based solution provider katanya dalam keterangan kepada bloomberg technoz jumat menurut dia program mbg menyasar isu isu fundamental seperti gizi pendidikan dan kualitas sumber daya manusia karena itu pendekatan berbasis sains menjadi kunci program ini menyasar isu fundamental seperti gizi pendidikan dan kualitas sdm sehingga perlu dijalankan berbasis sains kampus memastikan desain implementasi hingga evaluasi dilakukan secara terukur dan berbasis data ujarnya,158,bloomberg technoz jakarta institut pertanian bogor ipb merespons usulan kepala badan gizi nasional lingkungan kampus membangun pelayanan pemenuhan gizi sppg mandiri program makan bergizi gratis pusat pembelajaran berbasis praktik menanggapi rektor ipb setiawan slamet perguruan dasar strategis menempatkan kampus penyedia solusi berbasis pengetahuan menyebut kampus pembangunan sppg rasionalitas kuat kampus pembangunan sppg program rasional strategis menempatkan kampus sebagaiknowledge based solution provider keterangan bloomberg technoz jumat program menyasar fundamental gizi pendidikan kualitas manusia pendekatan berbasis sains kunci program menyasar fundamental gizi pendidikan kualitas sdm dijalankan berbasis sains kampus desain evaluasi terukur berbasis data,92,bloomberg technoz jakarta institut tani bogor ipb respons usul kepala badan gizi nasional lingkung kampus bangun layan penuh gizi sppg mandiri program makan gizi gratis pusat ajar bas praktik tanggap rektor ipb setiawan slamet guru dasar strategis tempat kampus sedia solusi bas tahu sebut kampus bangun sppg rasionalitas kuat kampus bangun sppg program rasional strategis tempat kampus sebagaiknowledge based solution provider terang bloomberg technoz jumat program sasar fundamental gizi didik kualitas manusia dekat bas sains kunci program sasar fundamental gizi didik kualitas sdm jalan bas sains kampus desain evaluasi ukur bas data
Perpres Nomor 83 Tahun 2024,"Sejarah Badan Gizi Nasional (BGN): Dibentuk Jokowi, Dibesarkan Prabowo - National Geographic Indonesia","Sun, 19 Apr 2026 07:00:00 GMT",National Geographic Indonesia,https://nationalgeographic.grid.id,https://news.google.com/rss/articles/CBMitwFBVV95cUxNcUQxVFVJXzd0M1BxeHhkSGpwNmxhdl9zTXdLUjF1ZGExV2dMMFZJTXBLUDJQbElqWkFDbkgzQlVPS1Z4UkR6OHpMdU1YUkdvbERDaldqSVVYcUFNUDFDaWE5S05XTEdNUkV0SVhJOXBTWjFGSUNuRGhOS3ltak9aWWJkcmJJS1dsYUtwS1UtSUVJMXRDUDFCWllUZnZGb1o4YnhtRzlrRE9wbjA1QmN6TjVnOGlkLU3SAbYBQVVfeXFMT0J1eklYYnlwOGNRYTA1SUtMWW9oMVNkMTQ1QTM0NWJ1MklvaEUwY1pNSDFMV2xJRzY0ZXo1dmxmbEpPR2l0ZTdFRzIxcEVPWXJyUmRXZU5ocVhmYjZQQ2JOWTNHZ2hadjNLeXJhUVlUWnBqcE5fSDBaNFNoYXBnOW5hTEVKNTA2YlhyVk5uU0RwTS1CRXlWeDZOWFlNUm1CeE1RV2FDdEwtV2F0b1BEWUdySmNsZmc?oc=5,https://nationalgeographic.grid.id/read/134372162/sejarah-badan-gizi-nasional-bgn-dibentuk-jokowi-dibesarkan-prabowo,"Baca berita tanpa iklan.Gabung National Geographic+
Minggu, 19 April 2026 | 14:00 WIB
Utomo Priyambodo
Utomo Priyambodo
Reporter
Kepala Badan Gizi Nasional (BGN), Dadan Hindayana.
Nationalgeographic.co.id—Badan Gizi Nasional (BGN), lembaga yang saat ini mengurus program Makan Bergizi Gratis (MBG), dibentuk oleh Joko Widodo atau Jokowi pada hari-hari terakhir masa kekuasaannya. Lembaga ini berada di bawah dan bertanggung jawab langsung kepada Presiden.
Dikutip dari lamanSekretariat Kabinet Republik Indonesia, BGN dibentuk berdasarkan Peraturan Presiden Republik Indonesia (Perpres) Nomor 83 Tahun 2024. Perpres ini ditetapkan, diundangkan, dan berlaku sejak 15 Agustus 2024.Penetapan Perpres tersebut terjadi hanya sekitar dua bulan sebelum Jokowi resmi lengser dari jabatannya sebagai Presiden Republik Indonesia, yaitu pada 20 Oktober 2025. Itu adalah hari ketika Prabowo dilantik sebagai presiden baru yang terpilih.
Selain membentuk BGN, Jokowi adalah orang yang juga memilih dan melantik Dadan Hindayana sebagai kepala BGN. Jokowi melantik Dadan Hindayana sebagai Kepala Badan Gizi Nasional pada Senin, 19 Agustus 2024, di Istana Negara Jakarta.
Alasan Jokowi Bentuk BGN
Dadan Hindayana pernah mengungkapkan alasan Jokowi membentuk BGN. Ia menjelaskan bahwa BGN pada dasarnya dibentuk guna mendukung program Presiden Terpilih Prabowo Subianto. Sebab, Prabowo memang memiliki program populis yaitu Makan Bergizi Gratis.
“Jadi gini, Badan Gizi Nasional ini kan sebetulnya dibentuk untuk melaksanakan program prioritasnya Pak Presiden Terpilih,” kata Dadan usai dilantik menjadi Kepala Badan Gizi di Istana Negara Jakarta, seperti dikutip dari lamanDewan Pertimbangan Presiden Republik Indonesia.
Dadan juga menjelaskan alasan BGN justru dibentuk di era Jokowi alih-alih setelah Prabowo menjabat. Dosen Institut Pertanian Bogor (IPB) program studi S2 Entomologi itu mengatakan alasan pembentukan itu itu berkaitan dengan siklus anggaran.
Pasalnya, anggaran untuk BGN harus segera masuk nota keuangan 2025. Dengan segera dibentuk, BGN bisa langsung bekerja pada Januari 2025.
“Sehingga Perpres ini harus dibentuk di era Pak Jokowi. Dan saya kira ini adalah satu bagian dari keberlanjutan pemerintahan,” jelas Dadan.
Berdasarkan isi Pasal 5 ayat 1 Perpres 83 Tahun 2024 tentang Badan Gizi Nasional, sasaran pemenuhan gizi yang menjadi tugas dan fungsi BGN diberikan kepada peserta didik pada jenjang pendidikan anak usia dini, pendidikan dasar, dan pendidikan menengah di lingkungan pendidikan umum, pendidikan kejuruan, pendidikan keagamaan, pendidikan khusus, pendidikan layanan khusus, dan pendidikan pesantren.
Selain itu, pemenuhan gizi juga akan diberikan untuk anak usia di bawah lima tahun, ibu hamil, dan ibu menyusui.
Sebanyak 20 siswa SDN 12 Benua Kayong, Kabupaten Ketapang, Kalimantan Barat, mengalami gejala keracunan usai menyantap menu makan siang program Makan Bergizi Gratis (MBG) pada Selasa (23/9/2025).
Sains & Alam
Sejarah & Budaya
Sejarah & Budaya
Sains & Alam
Arkeologi & Paleontologi",Utomo Priyambodo,"baca berita tanpa iklan.gabung national geographic+
minggu, 19 april 2026 | 14:00 wib
utomo priyambodo
utomo priyambodo
reporter
kepala badan gizi nasional (bgn), dadan hindayana.
nationalgeographic.co.id—badan gizi nasional (bgn), lembaga yang saat ini mengurus program makan bergizi gratis (mbg), dibentuk oleh joko widodo atau jokowi pada hari-hari terakhir masa kekuasaannya. lembaga ini berada di bawah dan bertanggung jawab langsung kepada presiden.
dikutip dari lamansekretariat kabinet republik indonesia, bgn dibentuk berdasarkan peraturan presiden republik indonesia (perpres) nomor 83 tahun 2024. perpres ini ditetapkan, diundangkan, dan berlaku sejak 15 agustus 2024.penetapan perpres tersebut terjadi hanya sekitar dua bulan sebelum jokowi resmi lengser dari jabatannya sebagai presiden republik indonesia, yaitu pada 20 oktober 2025. itu adalah hari ketika prabowo dilantik sebagai presiden baru yang terpilih.
selain membentuk bgn, jokowi adalah orang yang juga memilih dan melantik dadan hindayana sebagai kepala bgn. jokowi melantik dadan hindayana sebagai kepala badan gizi nasional pada senin, 19 agustus 2024, di istana negara jakarta.
alasan jokowi bentuk bgn
dadan hindayana pernah mengungkapkan alasan jokowi membentuk bgn. ia menjelaskan bahwa bgn pada dasarnya dibentuk guna mendukung program presiden terpilih prabowo subianto. sebab, prabowo memang memiliki program populis yaitu makan bergizi gratis.
“jadi gini, badan gizi nasional ini kan sebetulnya dibentuk untuk melaksanakan program prioritasnya pak presiden terpilih,” kata dadan usai dilantik menjadi kepala badan gizi di istana negara jakarta, seperti dikutip dari lamandewan pertimbangan presiden republik indonesia.
dadan juga menjelaskan alasan bgn justru dibentuk di era jokowi alih-alih setelah prabowo menjabat. dosen institut pertanian bogor (ipb) program studi s2 entomologi itu mengatakan alasan pembentukan itu itu berkaitan dengan siklus anggaran.
pasalnya, anggaran untuk bgn harus segera masuk nota keuangan 2025. dengan segera dibentuk, bgn bisa langsung bekerja pada januari 2025.
“sehingga perpres ini harus dibentuk di era pak jokowi. dan saya kira ini adalah satu bagian dari keberlanjutan pemerintahan,” jelas dadan.
berdasarkan isi pasal 5 ayat 1 perpres 83 tahun 2024 tentang badan gizi nasional, sasaran pemenuhan gizi yang menjadi tugas dan fungsi bgn diberikan kepada peserta didik pada jenjang pendidikan anak usia dini, pendidikan dasar, dan pendidikan menengah di lingkungan pendidikan umum, pendidikan kejuruan, pendidikan keagamaan, pendidikan khusus, pendidikan layanan khusus, dan pendidikan pesantren.
selain itu, pemenuhan gizi juga akan diberikan untuk anak usia di bawah lima tahun, ibu hamil, dan ibu menyusui.
sebanyak 20 siswa sdn 12 benua kayong, kabupaten ketapang, kalimantan barat, mengalami gejala keracunan usai menyantap menu makan siang program makan bergizi gratis (mbg) pada selasa (23/9/2025).
sains & alam
sejarah & budaya
sejarah & budaya
sains & alam
arkeologi & paleontologi",baca berita tanpa iklan gabung national geographic minggu april wib utomo priyambodo utomo priyambodo reporter kepala badan gizi nasional bgn dadan hindayana nationalgeographic co id badan gizi nasional bgn lembaga yang saat ini mengurus program makan bergizi gratis mbg dibentuk oleh joko widodo atau jokowi pada hari hari terakhir masa kekuasaannya lembaga ini berada di bawah dan bertanggung jawab langsung kepada presiden dikutip dari lamansekretariat kabinet republik indonesia bgn dibentuk berdasarkan peraturan presiden republik indonesia perpres nomor tahun perpres ini ditetapkan diundangkan dan berlaku sejak agustus penetapan perpres tersebut terjadi hanya sekitar dua bulan sebelum jokowi resmi lengser dari jabatannya sebagai presiden republik indonesia yaitu pada oktober itu adalah hari ketika prabowo dilantik sebagai presiden baru yang terpilih selain membentuk bgn jokowi adalah orang yang juga memilih dan melantik dadan hindayana sebagai kepala bgn jokowi melantik dadan hindayana sebagai kepala badan gizi nasional pada senin agustus di istana negara jakarta alasan jokowi bentuk bgn dadan hindayana pernah mengungkapkan alasan jokowi membentuk bgn ia menjelaskan bahwa bgn pada dasarnya dibentuk guna mendukung program presiden terpilih prabowo subianto sebab prabowo memang memiliki program populis yaitu makan bergizi gratis jadi gini badan gizi nasional ini kan sebetulnya dibentuk untuk melaksanakan program prioritasnya pak presiden terpilih kata dadan usai dilantik menjadi kepala badan gizi di istana negara jakarta seperti dikutip dari lamandewan pertimbangan presiden republik indonesia dadan juga menjelaskan alasan bgn justru dibentuk di era jokowi alih alih setelah prabowo menjabat dosen institut pertanian bogor ipb program studi entomologi itu mengatakan alasan pembentukan itu itu berkaitan dengan siklus anggaran pasalnya anggaran untuk bgn harus segera masuk nota keuangan dengan segera dibentuk bgn bisa langsung bekerja pada januari sehingga perpres ini harus dibentuk di era pak jokowi dan saya kira ini adalah satu bagian dari keberlanjutan pemerintahan jelas dadan berdasarkan isi pasal ayat perpres tahun tentang badan gizi nasional sasaran pemenuhan gizi yang menjadi tugas dan fungsi bgn diberikan kepada peserta didik pada jenjang pendidikan anak usia dini pendidikan dasar dan pendidikan menengah di lingkungan pendidikan umum pendidikan kejuruan pendidikan keagamaan pendidikan khusus pendidikan layanan khusus dan pendidikan pesantren selain itu pemenuhan gizi juga akan diberikan untuk anak usia di bawah lima tahun ibu hamil dan ibu menyusui sebanyak siswa sdn benua kayong kabupaten ketapang kalimantan barat mengalami gejala keracunan usai menyantap menu makan siang program makan bergizi gratis mbg pada selasa sains alam sejarah budaya sejarah budaya sains alam arkeologi paleontologi,397,berita iklan gabung national geographic minggu april wib utomo priyambodo utomo priyambodo reporter kepala badan gizi nasional nationalgeographic co id badan gizi nasional lembaga mengurus program makan bergizi gratis dibentuk joko widodo jokowi kekuasaannya lembaga bertanggung presiden dikutip lamansekretariat kabinet republik indonesia dibentuk peraturan presiden republik indonesia perpres perpres ditetapkan diundangkan berlaku agustus penetapan perpres jokowi resmi lengser jabatannya presiden republik indonesia oktober prabowo dilantik presiden terpilih membentuk jokowi orang memilih melantik kepala jokowi melantik kepala badan gizi nasional senin agustus istana negara jakarta alasan jokowi bentuk alasan jokowi membentuk dasarnya dibentuk program presiden terpilih prabowo subianto prabowo program populis makan bergizi gratis gini badan gizi nasional dibentuk melaksanakan program prioritasnya presiden terpilih dilantik kepala badan gizi istana negara jakarta dikutip lamandewan pertimbangan presiden republik indonesia alasan dibentuk era jokowi alih alih prabowo menjabat dosen institut pertanian bogor ipb program studi entomologi alasan pembentukan berkaitan siklus anggaran pasalnya anggaran masuk nota keuangan dibentuk januari perpres dibentuk era jokowi keberlanjutan pemerintahan isi pasal ayat perpres badan gizi nasional sasaran pemenuhan gizi tugas fungsi peserta didik jenjang pendidikan anak usia pendidikan dasar pendidikan menengah lingkungan pendidikan pendidikan kejuruan pendidikan keagamaan pendidikan khusus pendidikan layanan khusus pendidikan pesantren pemenuhan gizi anak usia hamil menyusui siswa sdn benua kayong kabupaten ketapang kalimantan barat gejala keracunan menyantap menu makan siang program makan bergizi gratis selasa sains alam sejarah budaya sejarah budaya sains alam arkeologi paleontologi,230,berita iklan gabung national geographic minggu april wib utomo priyambodo utomo priyambodo reporter kepala badan gizi nasional nationalgeographic co id badan gizi nasional lembaga urus program makan gizi gratis bentuk joko widodo jokowi kuasa lembaga tanggung presiden kutip lamansekretariat kabinet republik indonesia bentuk atur presiden republik indonesia pres pres tetap undang laku agustus tetap pres jokowi resmi lengser jabat presiden republik indonesia oktober prabowo lantik presiden pilih bentuk jokowi orang pilih lantik kepala jokowi lantik kepala badan gizi nasional senin agustus istana negara jakarta alas jokowi bentuk alas jokowi bentuk dasar bentuk program presiden pilih prabowo subianto prabowo program populis makan gizi gratis gin badan gizi nasional bentuk laksana program prioritas presiden pilih lantik kepala badan gizi istana negara jakarta kutip lamandewan timbang presiden republik indonesia alas bentuk era jokowi alih alih prabowo jabat dosen institut tani bogor ipb program studi entomologi alas bentuk kait siklus anggar pasal anggar masuk nota uang bentuk januari pres bentuk era jokowi lanjut perintah isi pasal ayat pres badan gizi nasional sasar penuh gizi tugas fungsi serta didik jenjang didik anak usia didik dasar didik tengah lingkung didik didik juru didik agama didik khusus didik layan khusus didik pesantren penuh gizi anak usia hamil susu siswa sdn benua kayong kabupaten ketapang kalimantan barat gejala racun santap menu makan siang program makan gizi gratis selasa sains alam sejarah budaya sejarah budaya sains alam arkeologi paleontologi
Perpres Nomor 83 Tahun 2024,Dashboard Makan Bergizi Gratis - DJPb Kemenkeu,"Wed, 13 Aug 2025 07:00:00 GMT",DJPb Kemenkeu,https://djpb.kemenkeu.go.id,https://news.google.com/rss/articles/CBMixAFBVV95cUxPT0c3NDk3R0dWZVpDdHg4bGxWdk0tdk9OM09ndDZzd2hJTmgwSjNsd1plc19HbkEtbUM3NTJxVHprUGtVdnNqQUNuZU91dmd5YnIwS2JBS3ZfMktwMHZOd3VHUFRhSzNPSzdBc2xVc0FRaDh2WFFrNDNKQkpoNTJDTzZiT01td2N5cXVvRDM4RGx3aUw2SjNzekRVTVp3dklPNWsySDVLY3hsZjRhNk5UWm1VXzVyTkN4Mk9WX3ZXd2JtTGZF?oc=5,https://djpb.kemenkeu.go.id/kanwil/banten/id/informasi-publik/inovasi/9-uncategorised/3066-dashboard-makan-bergizi-gratis.html,"Dasar Hukum
Peraturan Presiden (Perpres) Nomor 83 Tahun 2024​
Peraturan Badan Gizi Nasional Nomor 6 Tahun 2024
Kab/Kota yangadaSPPG​ :8​JumlahSPPG: 741JumlahSupplier​ :1291​Penerima Manfaat​ :2.134.335​​​
Analisis Perkembangan Implementasi Program
Isu Strategis​
Rekomendasi​
Dasar Hukum
Peraturan Presiden (Perpres) Nomor 83 Tahun 2024​
Peraturan Badan Gizi Nasional Nomor 6 Tahun 2024
Kab/Kota yangadaSPPG​ :8​JumlahSPPG: 741JumlahSupplier​ :1291​Penerima Manfaat​ :2.134.335​​​
Analisis Perkembangan Implementasi Program
Isu Strategis​
Rekomendasi​
Dasar Hukum
Peraturan Presiden (Perpres) Nomor 83 Tahun 2024​
Peraturan Badan Gizi Nasional Nomor 6 Tahun 2024
Kab/Kota yangadaSPPG​ :8​JumlahSPPG: 741JumlahSupplier​ :1291​Penerima Manfaat​ :2.134.335​​​
Analisis Perkembangan Implementasi Program
Isu Strategis​
Rekomendasi​
Dasar Hukum
Peraturan Presiden (Perpres) Nomor 83 Tahun 2024​
Peraturan Badan Gizi Nasional Nomor 6 Tahun 2024
Kab/Kota yangadaSPPG​ :8​JumlahSPPG: 741JumlahSupplier​ :1291​Penerima Manfaat​ :2.134.335​​​
Analisis Perkembangan Implementasi Program
Isu Strategis​
Rekomendasi​
Dasar Hukum
Peraturan Presiden (Perpres) Nomor 83 Tahun 2024​
Peraturan Badan Gizi Nasional Nomor 6 Tahun 2024
Kab/Kota yangadaSPPG​ :8​JumlahSPPG: 741JumlahSupplier​ :1291​Penerima Manfaat​ :2.134.335​​​
Analisis Perkembangan Implementasi Program
Isu Strategis​
Rekomendasi​
Dasar Hukum
Peraturan Presiden (Perpres) Nomor 83 Tahun 2024​
Peraturan Badan Gizi Nasional Nomor 6 Tahun 2024
Kab/Kota yangadaSPPG​ :8​JumlahSPPG: 649JumlahSupplier​ :1103​Penerima Manfaat​ :1.735.031​​​
Analisis Perkembangan Implementasi Program
Isu Strategis​
Rekomendasi​
Dasar Hukum
Peraturan Presiden (Perpres) Nomor 83 Tahun 2024​
Peraturan Badan Gizi Nasional Nomor 6 Tahun 2024
Kab/Kota yangadaSPPG​ :8​JumlahSPPG: 649JumlahSupplier​ :1103​Penerima Manfaat​ :1.735.031​​​
Analisis Perkembangan Implementasi Program
Isu Strategis​
Rekomendasi​
Dasar Hukum
Peraturan Presiden (Perpres) Nomor 83 Tahun 2024​
Peraturan Badan Gizi Nasional Nomor 6 Tahun 2024
Kab/Kota yangadaSPPG​ :8​JumlahSPPG: 640JumlahSupplier​ :1073​Penerima Manfaat​ :1.734.489​​​
Analisis Perkembangan Implementasi Program
Isu Strategis​
Rekomendasi​
Dasar Hukum
Peraturan Presiden (Perpres) Nomor 83 Tahun 2024​
Peraturan Badan Gizi Nasional Nomor 6 Tahun 2024
Kab/Kota yangadaSPPG​ :8​JumlahSPPG: 593JumlahSupplier​ :1024​Penerima Manfaat​ :1.665.726​​​
Analisis Perkembangan Implementasi Program
Isu Strategis​
Rekomendasi​
Dasar Hukum
Peraturan Presiden (Perpres) Nomor 83 Tahun 2024​
Peraturan Badan Gizi Nasional Nomor 6 Tahun 2024
Kab/Kota yangadaSPPG​ :8​JumlahSPPG: 537JumlahSupplier​ :801​Penerima Manfaat​ :1.576.046​​​
Analisis Perkembangan Implementasi Program
Isu Strategis​
Rekomendasi​
Dasar Hukum
Peraturan Presiden (Perpres) Nomor 83 Tahun 2024​
Peraturan Badan Gizi Nasional Nomor 6 Tahun 2024
Kab/Kota yangadaSPPG​ :8​JumlahSPPG: 561JumlahSupplier​ :926​Penerima Manfaat​ :1.607.510​​​
Analisis Perkembangan Implementasi Program
Isu Strategis​
Rekomendasi​
Dasar Hukum
Peraturan Presiden (Perpres) Nomor 83 Tahun 2024​
Peraturan Badan Gizi Nasional Nomor 6 Tahun 2024
Kab/Kota yangadaSPPG​ :8​JumlahSPPG: 499JumlahSupplier​ :545​Penerima Manfaat​ :1.502.254​​
Analisis Perkembangan Implementasi Program
Isu Strategis​
Rekomendasi​
Dasar Hukum
Peraturan Presiden (Perpres) Nomor 83 Tahun 2024​
Peraturan Badan Gizi Nasional Nomor 6 Tahun 2024
Kab/Kota yangadaSPPG​ :8​JumlahSPPG: 499JumlahSupplier​ :545​Penerima Manfaat​ :1.502.254​​
Analisis Perkembangan Implementasi Program
Isu Strategis​
Rekomendasi​
Dasar Hukum
Peraturan Presiden (Perpres) Nomor 83 Tahun 2024​
Peraturan Badan Gizi Nasional Nomor 6 Tahun 2024
Kab/Kota yangadaSPPG​ :8​JumlahSPPG: 393JumlahSupplier​ :545​Penerima Manfaat​ :1.249.737​​
Analisis Perkembangan Implementasi Program
Isu Strategis​
Rekomendasi​
Dasar Hukum
Peraturan Presiden (Perpres) Nomor 83 Tahun 2024​
Peraturan Badan Gizi Nasional Nomor 6 Tahun 2024
Kab/Kota yangadaSPPG​ :8​JumlahSPPG: 393JumlahSupplier​ :545​Penerima Manfaat​ :1.249.737​​
Analisis Perkembangan Implementasi Program
Isu Strategis​
Rekomendasi​
Dasar Hukum
Peraturan Presiden (Perpres) Nomor 83 Tahun 2024​
Peraturan Badan Gizi Nasional Nomor 6 Tahun 2024
Kab/Kota yangadaSPPG​ :8​JumlahSPPG: 389JumlahSupplier​ :545​Penerima Manfaat​ :1.230.298​​
Analisis Perkembangan Implementasi Program
Isu Strategis​
Rekomendasi​
Dasar Hukum
Peraturan Presiden (Perpres) Nomor 83 Tahun 2024​
Peraturan Badan Gizi Nasional Nomor 6 Tahun 2024
Kab/Kota yangadaSPPG​ :8​JumlahSPPG: 358JumlahSupplier​ :523​Penerima Manfaat​ :1.079.275​​
Analisis Perkembangan Implementasi Program
Isu Strategis​
Rekomendasi​
Dasar Hukum
Peraturan Presiden (Perpres) Nomor 83 Tahun 2024​
Peraturan Badan Gizi Nasional Nomor 6 Tahun 2024
Kab/Kota yangadaSPPG​ :8​JumlahSPPG: 331JumlahSupplier​ :500​Penerima Manfaat​ :1.110.023​​
Analisis Perkembangan Implementasi Program
Isu Strategis​
Rekomendasi​
Dasar Hukum
Peraturan Presiden (Perpres) Nomor 83 Tahun 2024​
Peraturan Badan Gizi Nasional Nomor 6 Tahun 2024
Kab/Kota yangadaSPPG​ :8​JumlahSPPG: 304JumlahSupplier​ :478​Penerima Manfaat​ :1.049.736​​
Analisis Perkembangan Implementasi Program
Isu Strategis​
Rekomendasi​
Dasar Hukum
Peraturan Presiden (Perpres) Nomor 83 Tahun 2024​
Peraturan Badan Gizi Nasional Nomor 6 Tahun 2024
Kab/Kota yangadaSPPG​ :8​JumlahSPPG​ : 62JumlahSupplier​ :150​Penerima Manfaat​ :230.771​​
Analisis Perkembangan Implementasi Program
Isu Strategis​
Rekomendasi​
Dasar Hukum
Peraturan Presiden (Perpres) Nomor 83 Tahun 2024​
Peraturan Badan Gizi Nasional Nomor 6 Tahun 2024
Kab/Kota yangadaSPPG**​ :8​JumlahSPPG**​ : 257JumlahSupplier*​ :150​Penerima Manfaat**​ : 828.863*Data SINTESAtidakterupdate**Data DIALUR BGN​​
Analisis Perkembangan Implementasi Program
Isu Strategis​
Rekomendasi​
Dasar HukumPeraturanPresiden(Perpres)Nomor83Tahun2024
Kab/Kota yangadaSPPG​ :8​JumlahSPPG​ : 62JumlahSupplier​ :150​Penerima Manfaat​ :230.771​​
Analisis Perkembangan Implementasi Program
Isu Strategis​
Rekomendasi​
Dasar Hukum
Peraturan Presiden (Perpres) Nomor 83 Tahun 2024​
Peraturan Badan Gizi Nasional Nomor 6 Tahun 2024
Kab/Kota yangadaSPPG**​ :8​JumlahSPPG**​ : 257JumlahSupplier*​ :150​Penerima Manfaat**​ : 828.863*Data SINTESAtidakterupdate**Data DIALUR BGN​​
Analisis Perkembangan Implementasi Program
Isu Strategis​
Rekomendasi​
Dasar HukumPeraturanPresiden(Perpres)Nomor83Tahun2024
Target Awal​ (masih dinamis)​
Keberadaan Program​Program yangmulaidijalankansecaranasionalpada6Januari2025ini,serentakdilaksanakanjuga diProvinsiBanten padatanggalyangsama.​
Sumber dan Kinerja Pendapatan​APBN.​RealisasidariAPBNs.d1 Agustus 2025sebesarRp152,33miliar(Dit.PA,denganpendekatanlokasikepadaBGN)​
ManfaatPrograminitelahmenjangkau230.771penerimamanfaat(8%daritargetsebanyak2.908.059). Programinijugatelahmenyerap2.680tenagakerjasebagaipetugasSPPG.​
Koordinasi yang telah Dilakukan​
Perkembangan Implementasi Program
Isu Strategis​
Rekomendasi​
Dasar HukumPeraturanPresiden(Perpres)Nomor83Tahun2024
Kab/Kota yangadaSPPG​ :8​JumlahSPPG​ : 62JumlahSupplier​ :150​Penerima Manfaat​ :230.771​​
Analisis Perkembangan Implementasi Program
Isu Strategis​
Rekomendasi​
Dasar HukumPeraturanPresiden(Perpres)Nomor83Tahun2024
Kab/Kota yangadaSPPG​ :8​JumlahSPPG​ : 62JumlahSupplier​ :150​Penerima Manfaat​ :230.771​​
Analisis Perkembangan Implementasi Program
Isu Strategis​
Rekomendasi​",Redaksi Kanwil Banten,"dasar hukum
peraturan presiden (perpres) nomor 83 tahun 2024​
peraturan badan gizi nasional nomor 6 tahun 2024
kab/kota yangadasppg​ :8​jumlahsppg: 741jumlahsupplier​ :1291​penerima manfaat​ :2.134.335​​​
analisis perkembangan implementasi program
isu strategis​
rekomendasi​
dasar hukum
peraturan presiden (perpres) nomor 83 tahun 2024​
peraturan badan gizi nasional nomor 6 tahun 2024
kab/kota yangadasppg​ :8​jumlahsppg: 741jumlahsupplier​ :1291​penerima manfaat​ :2.134.335​​​
analisis perkembangan implementasi program
isu strategis​
rekomendasi​
dasar hukum
peraturan presiden (perpres) nomor 83 tahun 2024​
peraturan badan gizi nasional nomor 6 tahun 2024
kab/kota yangadasppg​ :8​jumlahsppg: 741jumlahsupplier​ :1291​penerima manfaat​ :2.134.335​​​
analisis perkembangan implementasi program
isu strategis​
rekomendasi​
dasar hukum
peraturan presiden (perpres) nomor 83 tahun 2024​
peraturan badan gizi nasional nomor 6 tahun 2024
kab/kota yangadasppg​ :8​jumlahsppg: 741jumlahsupplier​ :1291​penerima manfaat​ :2.134.335​​​
analisis perkembangan implementasi program
isu strategis​
rekomendasi​
dasar hukum
peraturan presiden (perpres) nomor 83 tahun 2024​
peraturan badan gizi nasional nomor 6 tahun 2024
kab/kota yangadasppg​ :8​jumlahsppg: 741jumlahsupplier​ :1291​penerima manfaat​ :2.134.335​​​
analisis perkembangan implementasi program
isu strategis​
rekomendasi​
dasar hukum
peraturan presiden (perpres) nomor 83 tahun 2024​
peraturan badan gizi nasional nomor 6 tahun 2024
kab/kota yangadasppg​ :8​jumlahsppg: 649jumlahsupplier​ :1103​penerima manfaat​ :1.735.031​​​
analisis perkembangan implementasi program
isu strategis​
rekomendasi​
dasar hukum
peraturan presiden (perpres) nomor 83 tahun 2024​
peraturan badan gizi nasional nomor 6 tahun 2024
kab/kota yangadasppg​ :8​jumlahsppg: 649jumlahsupplier​ :1103​penerima manfaat​ :1.735.031​​​
analisis perkembangan implementasi program
isu strategis​
rekomendasi​
dasar hukum
peraturan presiden (perpres) nomor 83 tahun 2024​
peraturan badan gizi nasional nomor 6 tahun 2024
kab/kota yangadasppg​ :8​jumlahsppg: 640jumlahsupplier​ :1073​penerima manfaat​ :1.734.489​​​
analisis perkembangan implementasi program
isu strategis​
rekomendasi​
dasar hukum
peraturan presiden (perpres) nomor 83 tahun 2024​
peraturan badan gizi nasional nomor 6 tahun 2024
kab/kota yangadasppg​ :8​jumlahsppg: 593jumlahsupplier​ :1024​penerima manfaat​ :1.665.726​​​
analisis perkembangan implementasi program
isu strategis​
rekomendasi​
dasar hukum
peraturan presiden (perpres) nomor 83 tahun 2024​
peraturan badan gizi nasional nomor 6 tahun 2024
kab/kota yangadasppg​ :8​jumlahsppg: 537jumlahsupplier​ :801​penerima manfaat​ :1.576.046​​​
analisis perkembangan implementasi program
isu strategis​
rekomendasi​
dasar hukum
peraturan presiden (perpres) nomor 83 tahun 2024​
peraturan badan gizi nasional nomor 6 tahun 2024
kab/kota yangadasppg​ :8​jumlahsppg: 561jumlahsupplier​ :926​penerima manfaat​ :1.607.510​​​
analisis perkembangan implementasi program
isu strategis​
rekomendasi​
dasar hukum
peraturan presiden (perpres) nomor 83 tahun 2024​
peraturan badan gizi nasional nomor 6 tahun 2024
kab/kota yangadasppg​ :8​jumlahsppg: 499jumlahsupplier​ :545​penerima manfaat​ :1.502.254​​
analisis perkembangan implementasi program
isu strategis​
rekomendasi​
dasar hukum
peraturan presiden (perpres) nomor 83 tahun 2024​
peraturan badan gizi nasional nomor 6 tahun 2024
kab/kota yangadasppg​ :8​jumlahsppg: 499jumlahsupplier​ :545​penerima manfaat​ :1.502.254​​
analisis perkembangan implementasi program
isu strategis​
rekomendasi​
dasar hukum
peraturan presiden (perpres) nomor 83 tahun 2024​
peraturan badan gizi nasional nomor 6 tahun 2024
kab/kota yangadasppg​ :8​jumlahsppg: 393jumlahsupplier​ :545​penerima manfaat​ :1.249.737​​
analisis perkembangan implementasi program
isu strategis​
rekomendasi​
dasar hukum
peraturan presiden (perpres) nomor 83 tahun 2024​
peraturan badan gizi nasional nomor 6 tahun 2024
kab/kota yangadasppg​ :8​jumlahsppg: 393jumlahsupplier​ :545​penerima manfaat​ :1.249.737​​
analisis perkembangan implementasi program
isu strategis​
rekomendasi​
dasar hukum
peraturan presiden (perpres) nomor 83 tahun 2024​
peraturan badan gizi nasional nomor 6 tahun 2024
kab/kota yangadasppg​ :8​jumlahsppg: 389jumlahsupplier​ :545​penerima manfaat​ :1.230.298​​
analisis perkembangan implementasi program
isu strategis​
rekomendasi​
dasar hukum
peraturan presiden (perpres) nomor 83 tahun 2024​
peraturan badan gizi nasional nomor 6 tahun 2024
kab/kota yangadasppg​ :8​jumlahsppg: 358jumlahsupplier​ :523​penerima manfaat​ :1.079.275​​
analisis perkembangan implementasi program
isu strategis​
rekomendasi​
dasar hukum
peraturan presiden (perpres) nomor 83 tahun 2024​
peraturan badan gizi nasional nomor 6 tahun 2024
kab/kota yangadasppg​ :8​jumlahsppg: 331jumlahsupplier​ :500​penerima manfaat​ :1.110.023​​
analisis perkembangan implementasi program
isu strategis​
rekomendasi​
dasar hukum
peraturan presiden (perpres) nomor 83 tahun 2024​
peraturan badan gizi nasional nomor 6 tahun 2024
kab/kota yangadasppg​ :8​jumlahsppg: 304jumlahsupplier​ :478​penerima manfaat​ :1.049.736​​
analisis perkembangan implementasi program
isu strategis​
rekomendasi​
dasar hukum
peraturan presiden (perpres) nomor 83 tahun 2024​
peraturan badan gizi nasional nomor 6 tahun 2024
kab/kota yangadasppg​ :8​jumlahsppg​ : 62jumlahsupplier​ :150​penerima manfaat​ :230.771​​
analisis perkembangan implementasi program
isu strategis​
rekomendasi​
dasar hukum
peraturan presiden (perpres) nomor 83 tahun 2024​
peraturan badan gizi nasional nomor 6 tahun 2024
kab/kota yangadasppg**​ :8​jumlahsppg**​ : 257jumlahsupplier*​ :150​penerima manfaat**​ : 828.863*data sintesatidakterupdate**data dialur bgn​​
analisis perkembangan implementasi program
isu strategis​
rekomendasi​
dasar hukumperaturanpresiden(perpres)nomor83tahun2024
kab/kota yangadasppg​ :8​jumlahsppg​ : 62jumlahsupplier​ :150​penerima manfaat​ :230.771​​
analisis perkembangan implementasi program
isu strategis​
rekomendasi​
dasar hukum
peraturan presiden (perpres) nomor 83 tahun 2024​
peraturan badan gizi nasional nomor 6 tahun 2024
kab/kota yangadasppg**​ :8​jumlahsppg**​ : 257jumlahsupplier*​ :150​penerima manfaat**​ : 828.863*data sintesatidakterupdate**data dialur bgn​​
analisis perkembangan implementasi program
isu strategis​
rekomendasi​
dasar hukumperaturanpresiden(perpres)nomor83tahun2024
target awal​ (masih dinamis)​
keberadaan program​program yangmulaidijalankansecaranasionalpada6januari2025ini,serentakdilaksanakanjuga diprovinsibanten padatanggalyangsama.​
sumber dan kinerja pendapatan​apbn.​realisasidariapbns.d1 agustus 2025sebesarrp152,33miliar(dit.pa,denganpendekatanlokasikepadabgn)​
manfaatprograminitelahmenjangkau230.771penerimamanfaat(8%daritargetsebanyak2.908.059). programinijugatelahmenyerap2.680tenagakerjasebagaipetugassppg.​
koordinasi yang telah dilakukan​
perkembangan implementasi program
isu strategis​
rekomendasi​
dasar hukumperaturanpresiden(perpres)nomor83tahun2024
kab/kota yangadasppg​ :8​jumlahsppg​ : 62jumlahsupplier​ :150​penerima manfaat​ :230.771​​
analisis perkembangan implementasi program
isu strategis​
rekomendasi​
dasar hukumperaturanpresiden(perpres)nomor83tahun2024
kab/kota yangadasppg​ :8​jumlahsppg​ : 62jumlahsupplier​ :150​penerima manfaat​ :230.771​​
analisis perkembangan implementasi program
isu strategis​
rekomendasi​",dasar hukum peraturan presiden perpres nomor tahun peraturan badan gizi nasional nomor tahun kab kota yangadasppg jumlahsppg jumlahsupplier penerima manfaat analisis perkembangan implementasi program isu strategis rekomendasi dasar hukum peraturan presiden perpres nomor tahun peraturan badan gizi nasional nomor tahun kab kota yangadasppg jumlahsppg jumlahsupplier penerima manfaat analisis perkembangan implementasi program isu strategis rekomendasi dasar hukum peraturan presiden perpres nomor tahun peraturan badan gizi nasional nomor tahun kab kota yangadasppg jumlahsppg jumlahsupplier penerima manfaat analisis perkembangan implementasi program isu strategis rekomendasi dasar hukum peraturan presiden perpres nomor tahun peraturan badan gizi nasional nomor tahun kab kota yangadasppg jumlahsppg jumlahsupplier penerima manfaat analisis perkembangan implementasi program isu strategis rekomendasi dasar hukum peraturan presiden perpres nomor tahun peraturan badan gizi nasional nomor tahun kab kota yangadasppg jumlahsppg jumlahsupplier penerima manfaat analisis perkembangan implementasi program isu strategis rekomendasi dasar hukum peraturan presiden perpres nomor tahun peraturan badan gizi nasional nomor tahun kab kota yangadasppg jumlahsppg jumlahsupplier penerima manfaat analisis perkembangan implementasi program isu strategis rekomendasi dasar hukum peraturan presiden perpres nomor tahun peraturan badan gizi nasional nomor tahun kab kota yangadasppg jumlahsppg jumlahsupplier penerima manfaat analisis perkembangan implementasi program isu strategis rekomendasi dasar hukum peraturan presiden perpres nomor tahun peraturan badan gizi nasional nomor tahun kab kota yangadasppg jumlahsppg jumlahsupplier penerima manfaat analisis perkembangan implementasi program isu strategis rekomendasi dasar hukum peraturan presiden perpres nomor tahun peraturan badan gizi nasional nomor tahun kab kota yangadasppg jumlahsppg jumlahsupplier penerima manfaat analisis perkembangan implementasi program isu strategis rekomendasi dasar hukum peraturan presiden perpres nomor tahun peraturan badan gizi nasional nomor tahun kab kota yangadasppg jumlahsppg jumlahsupplier penerima manfaat analisis perkembangan implementasi program isu strategis rekomendasi dasar hukum peraturan presiden perpres nomor tahun peraturan badan gizi nasional nomor tahun kab kota yangadasppg jumlahsppg jumlahsupplier penerima manfaat analisis perkembangan implementasi program isu strategis rekomendasi dasar hukum peraturan presiden perpres nomor tahun peraturan badan gizi nasional nomor tahun kab kota yangadasppg jumlahsppg jumlahsupplier penerima manfaat analisis perkembangan implementasi program isu strategis rekomendasi dasar hukum peraturan presiden perpres nomor tahun peraturan badan gizi nasional nomor tahun kab kota yangadasppg jumlahsppg jumlahsupplier penerima manfaat analisis perkembangan implementasi program isu strategis rekomendasi dasar hukum peraturan presiden perpres nomor tahun peraturan badan gizi nasional nomor tahun kab kota yangadasppg jumlahsppg jumlahsupplier penerima manfaat analisis perkembangan implementasi program isu strategis rekomendasi dasar hukum peraturan presiden perpres nomor tahun peraturan badan gizi nasional nomor tahun kab kota yangadasppg jumlahsppg jumlahsupplier penerima manfaat analisis perkembangan implementasi program isu strategis rekomendasi dasar hukum peraturan presiden perpres nomor tahun peraturan badan gizi nasional nomor tahun kab kota yangadasppg jumlahsppg jumlahsupplier penerima manfaat analisis perkembangan implementasi program isu strategis rekomendasi dasar hukum peraturan presiden perpres nomor tahun peraturan badan gizi nasional nomor tahun kab kota yangadasppg jumlahsppg jumlahsupplier penerima manfaat analisis perkembangan implementasi program isu strategis rekomendasi dasar hukum peraturan presiden perpres nomor tahun peraturan badan gizi nasional nomor tahun kab kota yangadasppg jumlahsppg jumlahsupplier penerima manfaat analisis perkembangan implementasi program isu strategis rekomendasi dasar hukum peraturan presiden perpres nomor tahun peraturan badan gizi nasional nomor tahun kab kota yangadasppg jumlahsppg jumlahsupplier penerima manfaat analisis perkembangan implementasi program isu strategis rekomendasi dasar hukum peraturan presiden perpres nomor tahun peraturan badan gizi nasional nomor tahun kab kota yangadasppg jumlahsppg jumlahsupplier penerima manfaat analisis perkembangan implementasi program isu strategis rekomendasi dasar hukum peraturan presiden perpres nomor tahun peraturan badan gizi nasional nomor tahun kab kota yangadasppg jumlahsppg jumlahsupplier penerima manfaat data sintesatidakterupdate data dialur bgn analisis perkembangan implementasi program isu strategis rekomendasi dasar hukumperaturanpresiden perpres nomor tahun kab kota yangadasppg jumlahsppg jumlahsupplier penerima manfaat analisis perkembangan implementasi program isu strategis rekomendasi dasar hukum peraturan presiden perpres nomor tahun peraturan badan gizi nasional nomor tahun kab kota yangadasppg jumlahsppg jumlahsupplier penerima manfaat data sintesatidakterupdate data dialur bgn analisis perkembangan implementasi program isu strategis rekomendasi dasar hukumperaturanpresiden perpres nomor tahun target awal masih dinamis keberadaan program program yangmulaidijalankansecaranasionalpada januari ini serentakdilaksanakanjuga diprovinsibanten padatanggalyangsama sumber dan kinerja pendapatan apbn realisasidariapbns agustus sebesarrp miliar dit pa denganpendekatanlokasikepadabgn manfaatprograminitelahmenjangkau penerimamanfaat daritargetsebanyak programinijugatelahmenyerap tenagakerjasebagaipetugassppg koordinasi yang telah dilakukan perkembangan implementasi program isu strategis rekomendasi dasar hukumperaturanpresiden perpres nomor tahun kab kota yangadasppg jumlahsppg jumlahsupplier penerima manfaat analisis perkembangan implementasi program isu strategis rekomendasi dasar hukumperaturanpresiden perpres nomor tahun kab kota yangadasppg jumlahsppg jumlahsupplier penerima manfaat analisis perkembangan implementasi program isu strategis rekomendasi,706,dasar hukum peraturan presiden perpres peraturan badan gizi nasional kota penerima manfaat program strategis dasar hukum peraturan presiden perpres peraturan badan gizi nasional kota penerima manfaat program strategis dasar hukum peraturan presiden perpres peraturan badan gizi nasional kota penerima manfaat program strategis dasar hukum peraturan presiden perpres peraturan badan gizi nasional kota penerima manfaat program strategis dasar hukum peraturan presiden perpres peraturan badan gizi nasional kota penerima manfaat program strategis dasar hukum peraturan presiden perpres peraturan badan gizi nasional kota penerima manfaat program strategis dasar hukum peraturan presiden perpres peraturan badan gizi nasional kota penerima manfaat program strategis dasar hukum peraturan presiden perpres peraturan badan gizi nasional kota penerima manfaat program strategis dasar hukum peraturan presiden perpres peraturan badan gizi nasional kota penerima manfaat program strategis dasar hukum peraturan presiden perpres peraturan badan gizi nasional kota penerima manfaat program strategis dasar hukum peraturan presiden perpres peraturan badan gizi nasional kota penerima manfaat program strategis dasar hukum peraturan presiden perpres peraturan badan gizi nasional kota penerima manfaat program strategis dasar hukum peraturan presiden perpres peraturan badan gizi nasional kota penerima manfaat program strategis dasar hukum peraturan presiden perpres peraturan badan gizi nasional kota penerima manfaat program strategis dasar hukum peraturan presiden perpres peraturan badan gizi nasional kota penerima manfaat program strategis dasar hukum peraturan presiden perpres peraturan badan gizi nasional kota penerima manfaat program strategis dasar hukum peraturan presiden perpres peraturan badan gizi nasional kota penerima manfaat program strategis dasar hukum peraturan presiden perpres peraturan badan gizi nasional kota penerima manfaat program strategis dasar hukum peraturan presiden perpres peraturan badan gizi nasional kota penerima manfaat program strategis dasar hukum peraturan presiden perpres peraturan badan gizi nasional kota penerima manfaat program strategis dasar hukum peraturan presiden perpres peraturan badan gizi nasional kota penerima manfaat data sintesatidakterupdate data dialur program strategis dasar hukumperaturanpresiden perpres kota penerima manfaat program strategis dasar hukum peraturan presiden perpres peraturan badan gizi nasional kota penerima manfaat data sintesatidakterupdate data dialur program strategis dasar hukumperaturanpresiden perpres target dinamis keberadaan program program yangmulaidijalankansecaranasionalpada januari serentakdilaksanakanjuga diprovinsibanten padatanggalyangsama kinerja pendapatan apbn realisasidariapbns agustus sebesarrp miliar dit pa denganpendekatanlokasikepadabgn manfaatprograminitelahmenjangkau penerimamanfaat daritargetsebanyak programinijugatelahmenyerap tenagakerjasebagaipetugassppg koordinasi program strategis dasar hukumperaturanpresiden perpres kota penerima manfaat program strategis dasar hukumperaturanpresiden perpres kota penerima manfaat program strategis,371,dasar hukum atur presiden pres atur badan gizi nasional kota terima manfaat program strategis dasar hukum atur presiden pres atur badan gizi nasional kota terima manfaat program strategis dasar hukum atur presiden pres atur badan gizi nasional kota terima manfaat program strategis dasar hukum atur presiden pres atur badan gizi nasional kota terima manfaat program strategis dasar hukum atur presiden pres atur badan gizi nasional kota terima manfaat program strategis dasar hukum atur presiden pres atur badan gizi nasional kota terima manfaat program strategis dasar hukum atur presiden pres atur badan gizi nasional kota terima manfaat program strategis dasar hukum atur presiden pres atur badan gizi nasional kota terima manfaat program strategis dasar hukum atur presiden pres atur badan gizi nasional kota terima manfaat program strategis dasar hukum atur presiden pres atur badan gizi nasional kota terima manfaat program strategis dasar hukum atur presiden pres atur badan gizi nasional kota terima manfaat program strategis dasar hukum atur presiden pres atur badan gizi nasional kota terima manfaat program strategis dasar hukum atur presiden pres atur badan gizi nasional kota terima manfaat program strategis dasar hukum atur presiden pres atur badan gizi nasional kota terima manfaat program strategis dasar hukum atur presiden pres atur badan gizi nasional kota terima manfaat program strategis dasar hukum atur presiden pres atur badan gizi nasional kota terima manfaat program strategis dasar hukum atur presiden pres atur badan gizi nasional kota terima manfaat program strategis dasar hukum atur presiden pres atur badan gizi nasional kota terima manfaat program strategis dasar hukum atur presiden pres atur badan gizi nasional kota terima manfaat program strategis dasar hukum atur presiden pres atur badan gizi nasional kota terima manfaat program strategis dasar hukum atur presiden pres atur badan gizi nasional kota terima manfaat data sintesatidakterupdate data alur program strategis dasar hukumperaturanpresiden pres kota terima manfaat program strategis dasar hukum atur presiden pres atur badan gizi nasional kota terima manfaat data sintesatidakterupdate data alur program strategis dasar hukumperaturanpresiden pres target dinamis ada program program yangmulaidijalankansecaranasionalpada januari serentakdilaksanakanjuga diprovinsibanten padatanggalyangsama kerja dapat apbn realisasidariapbns agustus sebesarrp miliar dit pa denganpendekatanlokasikepadabgn manfaatprograminitelahmenjangkau penerimamanfaat daritargetsebanyak programinijugatelahmenyerap tenagakerjasebagaipetugassppg koordinasi program strategis dasar hukumperaturanpresiden pres kota terima manfaat program strategis dasar hukumperaturanpresiden pres kota terima manfaat program strategis
Perpres Nomor 83 Tahun 2024,Inilah Perpres 83 Tahun 2024 tentang Badan Gizi Nasional - Sekretariat Kabinet Republik Indonesia,"Mon, 19 Aug 2024 07:00:00 GMT",Sekretariat Kabinet Republik Indonesia,https://setkab.go.id,https://news.google.com/rss/articles/CBMihAFBVV95cUxPZWwyWE5tM1JYWDY0bm5jRHpzVUtWOWE0UjFGOFNuckdua01YTU80d0ZjWUVobUpETUtLMlpsYUlyRlY2bU1paElLTlVySDJIT3ZPWW9sdVVhYUNjOC1KeXA0VjVodV8wb0FzRE1Jd2psd2hzVjNITDZWUHhuN3BnVW1fWUI?oc=5,https://setkab.go.id/inilah-perpres-83-tahun-2024-tentang-badan-gizi-nasional/,"Presiden RI Joko Widodo (Jokowi) telah melantik Dadan Hindayana sebagai Kepala Badan Gizi Nasional, Senin (19/08/2024), di Istana Negara, Jakarta. Badan Gizi Nasional sendiri adalah sebuah lembaga pemerintah yang dibentuk berdasarkan Peraturan Presiden Republik Indonesia (Perpres) Tahun 83 Tahun 2024.
“Badan Gizi Nasional adalah lembaga pemerintah yang dibentuk oleh Presiden untuk melaksanakan tugas pemenuhan gizi nasional,” demikian disebutkan dalam Perpres yang dapat diakses di lamanJDIH Sekretariat Kabinetini.
Dalam menjalankan tugasnya melaksanakan pemenuhan gizi nasional, Badan Gizi Nasional menyelenggarakan tujuh fungsi.
Pertama, koordinasi, perumusan, dan penetapan kebijakan teknis di bidang sistem dan tata kelola, penyediaan dan penyaluran, promosi dan kerja sama, serta pemantauan dan pengawasan pemenuhan gizi nasional.
Kedua, koordinasi dan pelaksanaan kebijakan teknis di bidang sistem dan tata kelola, penyediaan dan penyaluran, promosi dan kerja sama, serta pemantauan dan pengawasan pemenuhan gizi nasional.
Ketiga, koordinasi pelaksanaan tugas, pembinaan, dan pemberian dukungan administrasi kepada seluruh unsur organisasi di lingkungan Badan Gizi Nasional.
Keempat, pengelolaan barang milik/kekayaan negara yang menjadi tanggung jawab Badan Gizi Nasional.
Kelima, pelaksanaan dukungan yang bersifat substantif kepada seluruh unsur organisasi di lingkungan Badan Gizi Nasional.
Keenam, pengawasan atas pelaksanaan tugas di lingkungan Badan Gizi Nasional.
Terakhir, pelaksanaan fungsi lain yang diberikan oleh Presiden.
Disebutkan pada Pasal 5 ayat 1, sasaran pemenuhan gizi yang menjadi tugas dan fungsi Badan Gizi Nasional diberikan kepada:– peserta didik pada jenjang pendidikan anak usia dini, pendidikan dasar, dan pendidikan menengah di lingkungan pendidikan umum, pendidikan kejuruan, pendidikan keagamaan, pendidikan khusus, pendidikan layanan khusus, dan pendidikan pesantren;– anak usia di bawah lima tahun;– ibu hamil; dan– ibu menyusui.
“Perubahan sasaran pemenuhan gizi sebagaimana dimaksud pada ayat (1) ditetapkan oleh Presiden,” bunyi Pasal 5 ayat 2.
Badan Gizi Nasional berada di bawah dan bertanggung jawab kepada Presiden. Adapun susunan organisasi Badan Gizi Nasional terdiri atas Dewan Pengarah dan Pelaksana. Dewan Pengarah terdiri atas Ketua, Wakil Ketua, dan Anggota. Sedangkan Pelaksana terdiri atas Kepala, Wakil Kepala, Sekretariat Utama, Deputi Bidang Sistem dan Tata Kelola, Deputi Bidang Penyediaan dan Penyaluran, Deputi Bidang Promosi dan Kerja Sama, Deputi Bidang Pemantauan dan Pengawasan, serta  Inspektorat Utama.
Dalam ketentuan peralihan pada Pasal 55 disebutkan, pada saat Perpres ini mulai berlaku, pelaksanaan tugas dan fungsi kerawanan gizi yang dilaksanakan oleh Deputi Bidang Kerawanan Pangan dan Gizi, Badan Pangan Nasional (Bapanas) sebagaimana diatur dalam Perpres Nomor 66 Tahun 2021 tentang Badan Pangan Nasional dialihkan menjadi tugas dan fungsi Badan Gizi Nasional.
“Pada saat Peraturan Presiden ini mulai berlaku, semua peraturan perundang-undangan yang merupakan peraturan pelaksanaan dari Peraturan Presiden Nomor 66 Tahun 2021 tentang Badan Pangan Nasional (Lembaran Negara Republik Indonesia Tahun 2021 Nomor 162), yang berkaitan dengan ketentuan mengenai tugas dan fungsi di bidang kerawanan gizi, dinyatakan masih tetap berlaku sepanjang tidak bertentangan dengan ketentuan dalam Peraturan Presiden ini,” bunyi Pasal 60.
Perpres 83/2024ini berlaku sejak diundangkan pada tanggal 15 Agustus 2024.(UN)",Humas,"presiden ri joko widodo (jokowi) telah melantik dadan hindayana sebagai kepala badan gizi nasional, senin (19/08/2024), di istana negara, jakarta. badan gizi nasional sendiri adalah sebuah lembaga pemerintah yang dibentuk berdasarkan peraturan presiden republik indonesia (perpres) tahun 83 tahun 2024.
“badan gizi nasional adalah lembaga pemerintah yang dibentuk oleh presiden untuk melaksanakan tugas pemenuhan gizi nasional,” demikian disebutkan dalam perpres yang dapat diakses di lamanjdih sekretariat kabinetini.
dalam menjalankan tugasnya melaksanakan pemenuhan gizi nasional, badan gizi nasional menyelenggarakan tujuh fungsi.
pertama, koordinasi, perumusan, dan penetapan kebijakan teknis di bidang sistem dan tata kelola, penyediaan dan penyaluran, promosi dan kerja sama, serta pemantauan dan pengawasan pemenuhan gizi nasional.
kedua, koordinasi dan pelaksanaan kebijakan teknis di bidang sistem dan tata kelola, penyediaan dan penyaluran, promosi dan kerja sama, serta pemantauan dan pengawasan pemenuhan gizi nasional.
ketiga, koordinasi pelaksanaan tugas, pembinaan, dan pemberian dukungan administrasi kepada seluruh unsur organisasi di lingkungan badan gizi nasional.
keempat, pengelolaan barang milik/kekayaan negara yang menjadi tanggung jawab badan gizi nasional.
kelima, pelaksanaan dukungan yang bersifat substantif kepada seluruh unsur organisasi di lingkungan badan gizi nasional.
keenam, pengawasan atas pelaksanaan tugas di lingkungan badan gizi nasional.
terakhir, pelaksanaan fungsi lain yang diberikan oleh presiden.
disebutkan pada pasal 5 ayat 1, sasaran pemenuhan gizi yang menjadi tugas dan fungsi badan gizi nasional diberikan kepada:– peserta didik pada jenjang pendidikan anak usia dini, pendidikan dasar, dan pendidikan menengah di lingkungan pendidikan umum, pendidikan kejuruan, pendidikan keagamaan, pendidikan khusus, pendidikan layanan khusus, dan pendidikan pesantren;– anak usia di bawah lima tahun;– ibu hamil; dan– ibu menyusui.
“perubahan sasaran pemenuhan gizi sebagaimana dimaksud pada ayat (1) ditetapkan oleh presiden,” bunyi pasal 5 ayat 2.
badan gizi nasional berada di bawah dan bertanggung jawab kepada presiden. adapun susunan organisasi badan gizi nasional terdiri atas dewan pengarah dan pelaksana. dewan pengarah terdiri atas ketua, wakil ketua, dan anggota. sedangkan pelaksana terdiri atas kepala, wakil kepala, sekretariat utama, deputi bidang sistem dan tata kelola, deputi bidang penyediaan dan penyaluran, deputi bidang promosi dan kerja sama, deputi bidang pemantauan dan pengawasan, serta  inspektorat utama.
dalam ketentuan peralihan pada pasal 55 disebutkan, pada saat perpres ini mulai berlaku, pelaksanaan tugas dan fungsi kerawanan gizi yang dilaksanakan oleh deputi bidang kerawanan pangan dan gizi, badan pangan nasional (bapanas) sebagaimana diatur dalam perpres nomor 66 tahun 2021 tentang badan pangan nasional dialihkan menjadi tugas dan fungsi badan gizi nasional.
“pada saat peraturan presiden ini mulai berlaku, semua peraturan perundang-undangan yang merupakan peraturan pelaksanaan dari peraturan presiden nomor 66 tahun 2021 tentang badan pangan nasional (lembaran negara republik indonesia tahun 2021 nomor 162), yang berkaitan dengan ketentuan mengenai tugas dan fungsi di bidang kerawanan gizi, dinyatakan masih tetap berlaku sepanjang tidak bertentangan dengan ketentuan dalam peraturan presiden ini,” bunyi pasal 60.
perpres 83/2024ini berlaku sejak diundangkan pada tanggal 15 agustus 2024.(un)",presiden ri joko widodo jokowi telah melantik dadan hindayana sebagai kepala badan gizi nasional senin di istana negara jakarta badan gizi nasional sendiri adalah sebuah lembaga pemerintah yang dibentuk berdasarkan peraturan presiden republik indonesia perpres tahun tahun badan gizi nasional adalah lembaga pemerintah yang dibentuk oleh presiden untuk melaksanakan tugas pemenuhan gizi nasional demikian disebutkan dalam perpres yang dapat diakses di lamanjdih sekretariat kabinetini dalam menjalankan tugasnya melaksanakan pemenuhan gizi nasional badan gizi nasional menyelenggarakan tujuh fungsi pertama koordinasi perumusan dan penetapan kebijakan teknis di bidang sistem dan tata kelola penyediaan dan penyaluran promosi dan kerja sama serta pemantauan dan pengawasan pemenuhan gizi nasional kedua koordinasi dan pelaksanaan kebijakan teknis di bidang sistem dan tata kelola penyediaan dan penyaluran promosi dan kerja sama serta pemantauan dan pengawasan pemenuhan gizi nasional ketiga koordinasi pelaksanaan tugas pembinaan dan pemberian dukungan administrasi kepada seluruh unsur organisasi di lingkungan badan gizi nasional keempat pengelolaan barang milik kekayaan negara yang menjadi tanggung jawab badan gizi nasional kelima pelaksanaan dukungan yang bersifat substantif kepada seluruh unsur organisasi di lingkungan badan gizi nasional keenam pengawasan atas pelaksanaan tugas di lingkungan badan gizi nasional terakhir pelaksanaan fungsi lain yang diberikan oleh presiden disebutkan pada pasal ayat sasaran pemenuhan gizi yang menjadi tugas dan fungsi badan gizi nasional diberikan kepada peserta didik pada jenjang pendidikan anak usia dini pendidikan dasar dan pendidikan menengah di lingkungan pendidikan umum pendidikan kejuruan pendidikan keagamaan pendidikan khusus pendidikan layanan khusus dan pendidikan pesantren anak usia di bawah lima tahun ibu hamil dan ibu menyusui perubahan sasaran pemenuhan gizi sebagaimana dimaksud pada ayat ditetapkan oleh presiden bunyi pasal ayat badan gizi nasional berada di bawah dan bertanggung jawab kepada presiden adapun susunan organisasi badan gizi nasional terdiri atas dewan pengarah dan pelaksana dewan pengarah terdiri atas ketua wakil ketua dan anggota sedangkan pelaksana terdiri atas kepala wakil kepala sekretariat utama deputi bidang sistem dan tata kelola deputi bidang penyediaan dan penyaluran deputi bidang promosi dan kerja sama deputi bidang pemantauan dan pengawasan serta inspektorat utama dalam ketentuan peralihan pada pasal disebutkan pada saat perpres ini mulai berlaku pelaksanaan tugas dan fungsi kerawanan gizi yang dilaksanakan oleh deputi bidang kerawanan pangan dan gizi badan pangan nasional bapanas sebagaimana diatur dalam perpres nomor tahun tentang badan pangan nasional dialihkan menjadi tugas dan fungsi badan gizi nasional pada saat peraturan presiden ini mulai berlaku semua peraturan perundang undangan yang merupakan peraturan pelaksanaan dari peraturan presiden nomor tahun tentang badan pangan nasional lembaran negara republik indonesia tahun nomor yang berkaitan dengan ketentuan mengenai tugas dan fungsi di bidang kerawanan gizi dinyatakan masih tetap berlaku sepanjang tidak bertentangan dengan ketentuan dalam peraturan presiden ini bunyi pasal perpres ini berlaku sejak diundangkan pada tanggal agustus un,446,presiden joko widodo jokowi melantik kepala badan gizi nasional senin istana negara jakarta badan gizi nasional lembaga pemerintah dibentuk peraturan presiden republik indonesia perpres badan gizi nasional lembaga pemerintah dibentuk presiden melaksanakan tugas pemenuhan gizi nasional perpres diakses lamanjdih sekretariat kabinetini menjalankan tugasnya melaksanakan pemenuhan gizi nasional badan gizi nasional menyelenggarakan tujuh fungsi koordinasi perumusan penetapan kebijakan teknis tata kelola penyediaan penyaluran promosi kerja pemantauan pengawasan pemenuhan gizi nasional koordinasi kebijakan teknis tata kelola penyediaan penyaluran promosi kerja pemantauan pengawasan pemenuhan gizi nasional ketiga koordinasi tugas pembinaan pemberian dukungan administrasi unsur organisasi lingkungan badan gizi nasional keempat pengelolaan barang milik kekayaan negara tanggung badan gizi nasional dukungan bersifat substantif unsur organisasi lingkungan badan gizi nasional keenam pengawasan tugas lingkungan badan gizi nasional fungsi presiden pasal ayat sasaran pemenuhan gizi tugas fungsi badan gizi nasional peserta didik jenjang pendidikan anak usia pendidikan dasar pendidikan menengah lingkungan pendidikan pendidikan kejuruan pendidikan keagamaan pendidikan khusus pendidikan layanan khusus pendidikan pesantren anak usia hamil menyusui perubahan sasaran pemenuhan gizi ayat ditetapkan presiden bunyi pasal ayat badan gizi nasional bertanggung presiden susunan organisasi badan gizi nasional dewan pengarah pelaksana dewan pengarah ketua wakil ketua anggota pelaksana kepala wakil kepala sekretariat deputi tata kelola deputi penyediaan penyaluran deputi promosi kerja deputi pemantauan pengawasan inspektorat ketentuan peralihan pasal perpres berlaku tugas fungsi kerawanan gizi dilaksanakan deputi kerawanan pangan gizi badan pangan nasional bapanas diatur perpres badan pangan nasional dialihkan tugas fungsi badan gizi nasional peraturan presiden berlaku peraturan perundang undangan peraturan peraturan presiden badan pangan nasional lembaran negara republik indonesia berkaitan ketentuan tugas fungsi kerawanan gizi dinyatakan berlaku bertentangan ketentuan peraturan presiden bunyi pasal perpres berlaku diundangkan tanggal agustus un,273,presiden joko widodo jokowi lantik kepala badan gizi nasional senin istana negara jakarta badan gizi nasional lembaga perintah bentuk atur presiden republik indonesia pres badan gizi nasional lembaga perintah bentuk presiden laksana tugas penuh gizi nasional pres akses lamanjdih sekretariat kabinetini jalan tugas laksana penuh gizi nasional badan gizi nasional selenggara tujuh fungsi koordinasi rumus tetap bijak teknis tata kelola sedia salur promosi kerja pantau awas penuh gizi nasional koordinasi bijak teknis tata kelola sedia salur promosi kerja pantau awas penuh gizi nasional tiga koordinasi tugas bina beri dukung administrasi unsur organisasi lingkung badan gizi nasional empat kelola barang milik kaya negara tanggung badan gizi nasional dukung sifat substantif unsur organisasi lingkung badan gizi nasional enam awas tugas lingkung badan gizi nasional fungsi presiden pasal ayat sasar penuh gizi tugas fungsi badan gizi nasional serta didik jenjang didik anak usia didik dasar didik tengah lingkung didik didik juru didik agama didik khusus didik layan khusus didik pesantren anak usia hamil susu ubah sasar penuh gizi ayat tetap presiden bunyi pasal ayat badan gizi nasional tanggung presiden susun organisasi badan gizi nasional dewan arah laksana dewan arah ketua wakil ketua anggota laksana kepala wakil kepala sekretariat deputi tata kelola deputi sedia salur deputi promosi kerja deputi pantau awas inspektorat tentu alih pasal pres laku tugas fungsi rawan gizi laksana deputi rawan pangan gizi badan pangan nasional bapanas atur pres badan pangan nasional alih tugas fungsi badan gizi nasional atur presiden laku atur undang undang atur atur presiden badan pangan nasional lembar negara republik indonesia kait tentu tugas fungsi rawan gizi nyata laku tentang tentu atur presiden bunyi pasal pres laku undang tanggal agustus un
Perpres Nomor 83 Tahun 2024,Pengesahan Perpres MBG Tunggu Masukan Kementerian Kesehatan - Tempo.co,"Fri, 10 Oct 2025 07:00:00 GMT",Tempo.co,https://www.tempo.co,https://news.google.com/rss/articles/CBMinAFBVV95cUxOLVhxZXhXZkNuMXU5bm5VNjh4OUdnb2NnOFVPdVUwbXdYWVpsN1VSdEs5dzJSRGE5V3N3ZWdGMzdrajNxam9nbVIzX3NDejl4Z2QyS2JheTZ2WEhVVkF2R3lrMXczRUxvYWY0UkhlNldRTHptVUV1RHBfaUFES1RzMFpsN05aRjFVVVZrTTQ4V0plTHVhRDVYazdJN0k?oc=5,https://www.tempo.co/politik/pengesahan-perpres-mbg-tunggu-masukan-kementerian-kesehatan-2078324,"MENTERI Sekretaris Negara Prasetyo Hadi mengatakan telah menerima draf peraturan presiden (perpres) tentang Tata Kelola Makan Bergizi Gratis (MBG). Perpres itu belum disahkan oleh Presiden Prabowo Subianto karena isi dalam regulasi tersebut masih digodok dan dirancang. “Masih ada beberapa masukan terutama dari Kementerian Kesehatan,” kata Prasetyo saat ditemui di kawasan Menteng, Jakarta Selatan, pada Jumat, 10 Oktober 2025.
Politikus Partai Gerindra itu menuturkan, pemerintah masih mengatur bagaimana keterlibatan Kementerian Kesehatan dan Badan Pengawas Obat dan Makanan (BPOM) untuk pengelolaan MBG. Kedua lembaga itu diminta untuk turun tangan setelah ribuan siswa mengalami keracunan setelah menyantap menu di MBG. “Kami ingin Kementerian Kesehatan dan BPOM juga ikut terlibat memberikan pengawasan. Jadi keluarnya perpres itu tunggu sebentar, sabar,” ujar Prasetyo.
Scroll ke bawah untuk melanjutkan membaca
Baca berita dengan sedikit iklan,klik di sini
Jaringan Pemantau Pendidikan Indonesia atau JPPI mencatat jumlah korban keracunan MBG tembus menjadi 10.482 orang per Sabtu, 4 September 2025. Temuan itu lebih tinggi daripada yang dicatat oleh Badan Gizi Nasional (BGN) yakni sebanyak 6.517 orang keracunan  sejak proyek MBG diluncurkan pada Januari 2025 hingga 30 September 2025.
Makan bergizi gratis merupakan salah satu program unggulan Prabowo yang masuk daftar janji kampanyenya pada kontestasi pemilihan presiden 2024. Prabowo menargetkan program ini menjangkau 82,9 juta penerima manfaat yang terdiri atas anak sekolah, ibu hamil, ibu menyusui dan balita.
Sejak diluncurkan pada Januari 2025, MBG sebetulnya belum memiliki payung hukum untuk penggunaan anggaran negara. Baik dalam undang-undang maupun peraturan presiden (perpres). Adapun pemerintah sejauh ini baru mengeluarkan Perpres Nomor 83 Tahun 2024 tentang Badan Gizi Nasional.
Prasetyo menjelaskan, kendati perpres khusus tata kelola MBG belum rampung, program ini tetap bisa berjalan mengacu Perpres Nomor 83 Tahun 2024 tentang Badan Gizi Nasional. “Bukan berarti saat ini tata kelola atau pelaksanaan MBG yang dilaksanakan oleh BGN itu tidak ada perpresnya,” ujar dia. Pemerintah, kata Prasetyo, berkomitmen ingin memperbaiki tata kelola MBG, sehingga program tersebut berjalan optimal.
Pilihan Editor:",,"menteri sekretaris negara prasetyo hadi mengatakan telah menerima draf peraturan presiden (perpres) tentang tata kelola makan bergizi gratis (mbg). perpres itu belum disahkan oleh presiden prabowo subianto karena isi dalam regulasi tersebut masih digodok dan dirancang. “masih ada beberapa masukan terutama dari kementerian kesehatan,” kata prasetyo saat ditemui di kawasan menteng, jakarta selatan, pada jumat, 10 oktober 2025.
politikus partai gerindra itu menuturkan, pemerintah masih mengatur bagaimana keterlibatan kementerian kesehatan dan badan pengawas obat dan makanan (bpom) untuk pengelolaan mbg. kedua lembaga itu diminta untuk turun tangan setelah ribuan siswa mengalami keracunan setelah menyantap menu di mbg. “kami ingin kementerian kesehatan dan bpom juga ikut terlibat memberikan pengawasan. jadi keluarnya perpres itu tunggu sebentar, sabar,” ujar prasetyo.
scroll ke bawah untuk melanjutkan membaca
baca berita dengan sedikit iklan,klik di sini
jaringan pemantau pendidikan indonesia atau jppi mencatat jumlah korban keracunan mbg tembus menjadi 10.482 orang per sabtu, 4 september 2025. temuan itu lebih tinggi daripada yang dicatat oleh badan gizi nasional (bgn) yakni sebanyak 6.517 orang keracunan  sejak proyek mbg diluncurkan pada januari 2025 hingga 30 september 2025.
makan bergizi gratis merupakan salah satu program unggulan prabowo yang masuk daftar janji kampanyenya pada kontestasi pemilihan presiden 2024. prabowo menargetkan program ini menjangkau 82,9 juta penerima manfaat yang terdiri atas anak sekolah, ibu hamil, ibu menyusui dan balita.
sejak diluncurkan pada januari 2025, mbg sebetulnya belum memiliki payung hukum untuk penggunaan anggaran negara. baik dalam undang-undang maupun peraturan presiden (perpres). adapun pemerintah sejauh ini baru mengeluarkan perpres nomor 83 tahun 2024 tentang badan gizi nasional.
prasetyo menjelaskan, kendati perpres khusus tata kelola mbg belum rampung, program ini tetap bisa berjalan mengacu perpres nomor 83 tahun 2024 tentang badan gizi nasional. “bukan berarti saat ini tata kelola atau pelaksanaan mbg yang dilaksanakan oleh bgn itu tidak ada perpresnya,” ujar dia. pemerintah, kata prasetyo, berkomitmen ingin memperbaiki tata kelola mbg, sehingga program tersebut berjalan optimal.
pilihan editor:",menteri sekretaris negara prasetyo hadi mengatakan telah menerima draf peraturan presiden perpres tentang tata kelola makan bergizi gratis mbg perpres itu belum disahkan oleh presiden prabowo subianto karena isi dalam regulasi tersebut masih digodok dan dirancang masih ada beberapa masukan terutama dari kementerian kesehatan kata prasetyo saat ditemui di kawasan menteng jakarta selatan pada jumat oktober politikus partai gerindra itu menuturkan pemerintah masih mengatur bagaimana keterlibatan kementerian kesehatan dan badan pengawas obat dan makanan bpom untuk pengelolaan mbg kedua lembaga itu diminta untuk turun tangan setelah ribuan siswa mengalami keracunan setelah menyantap menu di mbg kami ingin kementerian kesehatan dan bpom juga ikut terlibat memberikan pengawasan jadi keluarnya perpres itu tunggu sebentar sabar ujar prasetyo scroll ke bawah untuk melanjutkan membaca baca berita dengan sedikit iklan klik di sini jaringan pemantau pendidikan indonesia atau jppi mencatat jumlah korban keracunan mbg tembus menjadi orang per sabtu september temuan itu lebih tinggi daripada yang dicatat oleh badan gizi nasional bgn yakni sebanyak orang keracunan sejak proyek mbg diluncurkan pada januari hingga september makan bergizi gratis merupakan salah satu program unggulan prabowo yang masuk daftar janji kampanyenya pada kontestasi pemilihan presiden prabowo menargetkan program ini menjangkau juta penerima manfaat yang terdiri atas anak sekolah ibu hamil ibu menyusui dan balita sejak diluncurkan pada januari mbg sebetulnya belum memiliki payung hukum untuk penggunaan anggaran negara baik dalam undang undang maupun peraturan presiden perpres adapun pemerintah sejauh ini baru mengeluarkan perpres nomor tahun tentang badan gizi nasional prasetyo menjelaskan kendati perpres khusus tata kelola mbg belum rampung program ini tetap bisa berjalan mengacu perpres nomor tahun tentang badan gizi nasional bukan berarti saat ini tata kelola atau pelaksanaan mbg yang dilaksanakan oleh bgn itu tidak ada perpresnya ujar dia pemerintah kata prasetyo berkomitmen ingin memperbaiki tata kelola mbg sehingga program tersebut berjalan optimal pilihan editor,300,menteri sekretaris negara prasetyo hadi menerima draf peraturan presiden perpres tata kelola makan bergizi gratis perpres disahkan presiden prabowo subianto isi regulasi digodok dirancang masukan kementerian kesehatan prasetyo ditemui kawasan menteng jakarta selatan jumat oktober politikus partai gerindra pemerintah mengatur kementerian kesehatan badan pengawas obat makanan bpom pengelolaan lembaga turun tangan ribuan siswa keracunan menyantap menu kementerian kesehatan bpom terlibat pengawasan keluarnya perpres tunggu sebentar sabar prasetyo melanjutkan membaca berita iklan jaringan pemantau pendidikan indonesia jppi mencatat korban keracunan tembus orang sabtu september temuan dicatat badan gizi nasional orang keracunan proyek diluncurkan januari september makan bergizi gratis salah program unggulan prabowo masuk daftar janji kampanyenya kontestasi pemilihan presiden prabowo menargetkan program menjangkau penerima manfaat anak sekolah hamil menyusui balita diluncurkan januari payung hukum penggunaan anggaran negara undang undang peraturan presiden perpres pemerintah mengeluarkan perpres badan gizi nasional prasetyo kendati perpres khusus tata kelola rampung program berjalan mengacu perpres badan gizi nasional tata kelola dilaksanakan perpresnya pemerintah prasetyo berkomitmen memperbaiki tata kelola program berjalan optimal pilihan editor,166,menteri sekretaris negara prasetyo had terima draf atur presiden pres tata kelola makan gizi gratis pres sah presiden prabowo subianto isi regulasi godok rancang masuk menteri sehat prasetyo temu kawasan menteng jakarta selatan jumat oktober politikus partai gerindra perintah atur menteri sehat badan awas obat makan bpom kelola lembaga turun tangan ribu siswa racun santap menu menteri sehat bpom libat awas keluar pres tunggu sebentar sabar prasetyo lanjut baca berita iklan jaring pantau didik indonesia jppi catat korban racun tembus orang sabtu september temu catat badan gizi nasional orang racun proyek luncur januari september makan gizi gratis salah program unggul prabowo masuk daftar janji kampanye kontestasi pilih presiden prabowo target program jangkau terima manfaat anak sekolah hamil susu balita luncur januari payung hukum guna anggar negara undang undang atur presiden pres perintah keluar pres badan gizi nasional prasetyo kendati pres khusus tata kelola rampung program jalan acu pres badan gizi nasional tata kelola laksana pres perintah prasetyo komitmen baik tata kelola program jalan optimal pilih editor
Perpres Nomor 83 Tahun 2024,Siapa Saja Penerima MBG? Ini 4 Kelompok Sasaran Sesuai Perpres Nomor 83 Tahun 2024 - KONTAN,"Mon, 29 Sep 2025 07:00:00 GMT",KONTAN,https://regional.kontan.co.id,https://news.google.com/rss/articles/CBMitwFBVV95cUxNQlBqdmZyOXBqaEpIcjlqS0xseVU1YkkyUFZodERHWGlVcXh1TUdPTjJiLUhGc3dtSkxEb2V2aW5ndW1faDBiaFVyQVlCbzQ4UjhIUlhjQ0dDa1paQ3BrTU9Ra1FlVkRpbEJSd0dHQXQyNTdLUzJ5RG1sdFVnQnVrVWJrb0c3SXFxaldBMG8xSTdKajBZOHdLanNvTExjeUhBb2dLNnN3dUlLeFlRbmJ6bW1Ta2tZTXM?oc=5,https://regional.kontan.co.id/news/siapa-saja-penerima-mbg-ini-4-kelompok-sasaran-sesuai-perpres-nomor-83-tahun-2024,"ILUSTRASI. Pekerja mempersiapkan wadah makan bergizi gratis di dapu rumum Gedung Erbe Hall di Tangerang Selatan, Banten, Rabu (17/9/2025). Yayasan Restu Bunda Emi (YRBE) meresmikan Gedung Erbe Hall yang akan difungsikan sebagai pusat operasional dapur umum untuk mendukung penuh program Makan Bergizi Gratis. YRBE pertama kali mengoperasikan dapur MBG di wilayah Tangerang Selatan dengan melayani total 3.600 penerima manfaat yang terdiri dari siswa, balita, ibu hamil, dan ibu menyusui./KONTAN/Carolus Agus Waluy0.
KONTAN.CO.ID -Simak siapa saja sasaran Makan Bergizi Gratis pada Pemerintahan Presiden Prabowo. Program Makan Bergizi Gratis yang digagas pemerintah melalui Peraturan Presiden (Perpres) Nomor 83 Tahun 2024 tentang Badan Gizi Nasional.
Program ini menjadi salah satu terobosan besar dalam upaya peningkatan kualitas sumber daya manusia Indonesia. Tentu, masih ada pertanyaan, siapa saja sasaran dari program MBG dan menjadi penting?
Melansir dari lamanSetkab,Pemerintah ingin memastikan bahwa bantuan tersebut benar-benar tepat guna dan menyasar kelompok yang paling membutuhkan.
Sehingga, MBG tidak hanya untuk anak-anak sekolah, program ini juga ditujukan ke beberapa kelompok rentan lain.
Baca Juga:Prabowo Gelar Rapat di Kertanegara, Program MBG Jadi Fokus Utama
Berdasarkan Perpres Nomor 83 Tahun 2024 tentang Badan Gizi Nasional, sasaran dari MBG ini tidak hanya menyasar peserta didik.
Ada beberapa kelompok rentan lainnya yang membutuhkan dukungan gizi seimbang untuk menunjang tumbuh kembang dan kesehatan.
Ada empat kategori utama penerima manfaat, yaitu:
1. Peserta Didik dari PAUD hingga SMA baik Negeri dan Swasta
Anak-anak sekolah dari berbagai jenjang pendidikan, mulai PAUD, pendidikan dasar, menengah, hingga pesantren dan pendidikan khusus, menjadi fokus utama. Hal ini penting karena mereka berada dalam usia emas perkembangan fisik dan kecerdasan.
Baca Juga:Buntut Kasus Keracunan MBG, Pemerintah Bakal Tutup Sementara SPPG Bermasalah
2. Balita atau Anak Usia di Bawah Lima Tahun
Balita termasuk kelompok yang sangat rentan terhadap gizi buruk dan stunting. Dengan adanya program ini, mereka diharapkan bisa mendapatkan asupan makanan yang sehat dan bergizi untuk mendukung pertumbuhan optimal.
3. Ibu Hamil
Asupan gizi yang cukup bagi ibu hamil sangat penting, tidak hanya untuk kesehatan sang ibu tetapi juga untuk perkembangan janin. Dengan adanya makanan bergizi gratis, risiko bayi lahir dengan berat badan rendah atau mengalami masalah kesehatan bisa ditekan.
4. Ibu Menyusui
Ibu menyusui memerlukan tambahan gizi agar dapat menghasilkan ASI berkualitas bagi bayinya. Program ini menjadi bentuk dukungan nyata bagi ibu menyusui agar kebutuhan nutrisi mereka tetap tercukupi.
Baca Juga:Soal Keracunan MBG, Prabowo: Ini Masalah Besar, Jangan Sampai Dipolitisasi
Penyaluran Program Makan Bergizi Gratis sesuai amanat Perpres Nomor 83 Tahun 2024 tentang Badan Gizi Nasional dilakukan secara bertahap agar pelaksanaannya lebih terukur dan efektif.
Sesuai dengan arahan Presiden Prabowo, pada tahun 2025 program ini dijalankan sekitar 40%, kemudian meningkat menjadi 80% pada tahun 2028, hingga mencapai target 100% cakupan pada tahun 2029.
Mekanisme pembagian dilakukan dua kali dalam sehari, pagi dan siang, sesuai jadwal yang telah ditentukan di masing-masing daerah.
Demikian informasi terkait sasaran Makan Bergizi Gratis sesuai dengan Perpres Nomor 83 Tahun 2024 tentang Badan Gizi Nasional.
Tonton:Kepala BGN Lapor ke Prabowo, Ungkap Penyebab Keracunan MBG
Cek Berita dan Artikel yang lain diGoogle News",Grahanusa Mediatama,"ilustrasi. pekerja mempersiapkan wadah makan bergizi gratis di dapu rumum gedung erbe hall di tangerang selatan, banten, rabu (17/9/2025). yayasan restu bunda emi (yrbe) meresmikan gedung erbe hall yang akan difungsikan sebagai pusat operasional dapur umum untuk mendukung penuh program makan bergizi gratis. yrbe pertama kali mengoperasikan dapur mbg di wilayah tangerang selatan dengan melayani total 3.600 penerima manfaat yang terdiri dari siswa, balita, ibu hamil, dan ibu menyusui./kontan/carolus agus waluy0.
kontan.co.id -simak siapa saja sasaran makan bergizi gratis pada pemerintahan presiden prabowo. program makan bergizi gratis yang digagas pemerintah melalui peraturan presiden (perpres) nomor 83 tahun 2024 tentang badan gizi nasional.
program ini menjadi salah satu terobosan besar dalam upaya peningkatan kualitas sumber daya manusia indonesia. tentu, masih ada pertanyaan, siapa saja sasaran dari program mbg dan menjadi penting?
melansir dari lamansetkab,pemerintah ingin memastikan bahwa bantuan tersebut benar-benar tepat guna dan menyasar kelompok yang paling membutuhkan.
sehingga, mbg tidak hanya untuk anak-anak sekolah, program ini juga ditujukan ke beberapa kelompok rentan lain.
baca juga:prabowo gelar rapat di kertanegara, program mbg jadi fokus utama
berdasarkan perpres nomor 83 tahun 2024 tentang badan gizi nasional, sasaran dari mbg ini tidak hanya menyasar peserta didik.
ada beberapa kelompok rentan lainnya yang membutuhkan dukungan gizi seimbang untuk menunjang tumbuh kembang dan kesehatan.
ada empat kategori utama penerima manfaat, yaitu:
1. peserta didik dari paud hingga sma baik negeri dan swasta
anak-anak sekolah dari berbagai jenjang pendidikan, mulai paud, pendidikan dasar, menengah, hingga pesantren dan pendidikan khusus, menjadi fokus utama. hal ini penting karena mereka berada dalam usia emas perkembangan fisik dan kecerdasan.
baca juga:buntut kasus keracunan mbg, pemerintah bakal tutup sementara sppg bermasalah
2. balita atau anak usia di bawah lima tahun
balita termasuk kelompok yang sangat rentan terhadap gizi buruk dan stunting. dengan adanya program ini, mereka diharapkan bisa mendapatkan asupan makanan yang sehat dan bergizi untuk mendukung pertumbuhan optimal.
3. ibu hamil
asupan gizi yang cukup bagi ibu hamil sangat penting, tidak hanya untuk kesehatan sang ibu tetapi juga untuk perkembangan janin. dengan adanya makanan bergizi gratis, risiko bayi lahir dengan berat badan rendah atau mengalami masalah kesehatan bisa ditekan.
4. ibu menyusui
ibu menyusui memerlukan tambahan gizi agar dapat menghasilkan asi berkualitas bagi bayinya. program ini menjadi bentuk dukungan nyata bagi ibu menyusui agar kebutuhan nutrisi mereka tetap tercukupi.
baca juga:soal keracunan mbg, prabowo: ini masalah besar, jangan sampai dipolitisasi
penyaluran program makan bergizi gratis sesuai amanat perpres nomor 83 tahun 2024 tentang badan gizi nasional dilakukan secara bertahap agar pelaksanaannya lebih terukur dan efektif.
sesuai dengan arahan presiden prabowo, pada tahun 2025 program ini dijalankan sekitar 40%, kemudian meningkat menjadi 80% pada tahun 2028, hingga mencapai target 100% cakupan pada tahun 2029.
mekanisme pembagian dilakukan dua kali dalam sehari, pagi dan siang, sesuai jadwal yang telah ditentukan di masing-masing daerah.
demikian informasi terkait sasaran makan bergizi gratis sesuai dengan perpres nomor 83 tahun 2024 tentang badan gizi nasional.
tonton:kepala bgn lapor ke prabowo, ungkap penyebab keracunan mbg
cek berita dan artikel yang lain digoogle news",ilustrasi pekerja mempersiapkan wadah makan bergizi gratis di dapu rumum gedung erbe hall di tangerang selatan banten rabu yayasan restu bunda emi yrbe meresmikan gedung erbe hall yang akan difungsikan sebagai pusat operasional dapur umum untuk mendukung penuh program makan bergizi gratis yrbe pertama kali mengoperasikan dapur mbg di wilayah tangerang selatan dengan melayani total penerima manfaat yang terdiri dari siswa balita ibu hamil dan ibu menyusui kontan carolus agus waluy kontan co id simak siapa saja sasaran makan bergizi gratis pada pemerintahan presiden prabowo program makan bergizi gratis yang digagas pemerintah melalui peraturan presiden perpres nomor tahun tentang badan gizi nasional program ini menjadi salah satu terobosan besar dalam upaya peningkatan kualitas sumber daya manusia indonesia tentu masih ada pertanyaan siapa saja sasaran dari program mbg dan menjadi penting melansir dari lamansetkab pemerintah ingin memastikan bahwa bantuan tersebut benar benar tepat guna dan menyasar kelompok yang paling membutuhkan sehingga mbg tidak hanya untuk anak anak sekolah program ini juga ditujukan ke beberapa kelompok rentan lain baca juga prabowo gelar rapat di kertanegara program mbg jadi fokus utama berdasarkan perpres nomor tahun tentang badan gizi nasional sasaran dari mbg ini tidak hanya menyasar peserta didik ada beberapa kelompok rentan lainnya yang membutuhkan dukungan gizi seimbang untuk menunjang tumbuh kembang dan kesehatan ada empat kategori utama penerima manfaat yaitu peserta didik dari paud hingga sma baik negeri dan swasta anak anak sekolah dari berbagai jenjang pendidikan mulai paud pendidikan dasar menengah hingga pesantren dan pendidikan khusus menjadi fokus utama hal ini penting karena mereka berada dalam usia emas perkembangan fisik dan kecerdasan baca juga buntut kasus keracunan mbg pemerintah bakal tutup sementara sppg bermasalah balita atau anak usia di bawah lima tahun balita termasuk kelompok yang sangat rentan terhadap gizi buruk dan stunting dengan adanya program ini mereka diharapkan bisa mendapatkan asupan makanan yang sehat dan bergizi untuk mendukung pertumbuhan optimal ibu hamil asupan gizi yang cukup bagi ibu hamil sangat penting tidak hanya untuk kesehatan sang ibu tetapi juga untuk perkembangan janin dengan adanya makanan bergizi gratis risiko bayi lahir dengan berat badan rendah atau mengalami masalah kesehatan bisa ditekan ibu menyusui ibu menyusui memerlukan tambahan gizi agar dapat menghasilkan asi berkualitas bagi bayinya program ini menjadi bentuk dukungan nyata bagi ibu menyusui agar kebutuhan nutrisi mereka tetap tercukupi baca juga soal keracunan mbg prabowo ini masalah besar jangan sampai dipolitisasi penyaluran program makan bergizi gratis sesuai amanat perpres nomor tahun tentang badan gizi nasional dilakukan secara bertahap agar pelaksanaannya lebih terukur dan efektif sesuai dengan arahan presiden prabowo pada tahun program ini dijalankan sekitar kemudian meningkat menjadi pada tahun hingga mencapai target cakupan pada tahun mekanisme pembagian dilakukan dua kali dalam sehari pagi dan siang sesuai jadwal yang telah ditentukan di masing masing daerah demikian informasi terkait sasaran makan bergizi gratis sesuai dengan perpres nomor tahun tentang badan gizi nasional tonton kepala bgn lapor ke prabowo ungkap penyebab keracunan mbg cek berita dan artikel yang lain digoogle news,489,ilustrasi pekerja wadah makan bergizi gratis dapu rumum gedung erbe hall tangerang selatan banten rabu yayasan restu bunda emi yrbe meresmikan gedung erbe hall difungsikan pusat operasional dapur penuh program makan bergizi gratis yrbe kali mengoperasikan dapur wilayah tangerang selatan melayani total penerima manfaat siswa balita hamil menyusui kontan carolus agus waluy kontan co id simak sasaran makan bergizi gratis pemerintahan presiden prabowo program makan bergizi gratis digagas pemerintah peraturan presiden perpres badan gizi nasional program salah terobosan upaya peningkatan kualitas manusia indonesia sasaran program melansir lamansetkab pemerintah bantuan menyasar kelompok membutuhkan anak anak sekolah program kelompok rentan prabowo gelar rapat kertanegara program fokus perpres badan gizi nasional sasaran menyasar peserta didik kelompok rentan membutuhkan dukungan gizi seimbang menunjang tumbuh kembang kesehatan kategori penerima manfaat peserta didik paud sma negeri swasta anak anak sekolah jenjang pendidikan paud pendidikan dasar menengah pesantren pendidikan khusus fokus usia emas fisik kecerdasan buntut keracunan pemerintah tutup sppg bermasalah balita anak usia balita kelompok rentan gizi buruk stunting program diharapkan asupan makanan sehat bergizi pertumbuhan optimal hamil asupan gizi hamil kesehatan sang janin makanan bergizi gratis risiko bayi lahir berat badan rendah kesehatan ditekan menyusui menyusui tambahan gizi menghasilkan asi berkualitas bayinya program bentuk dukungan nyata menyusui kebutuhan nutrisi tercukupi keracunan prabowo dipolitisasi penyaluran program makan bergizi gratis amanat perpres badan gizi nasional bertahap pelaksanaannya terukur efektif arahan presiden prabowo program dijalankan meningkat mencapai target cakupan mekanisme pembagian kali sehari pagi siang jadwal ditentukan daerah informasi sasaran makan bergizi gratis perpres badan gizi nasional tonton kepala lapor prabowo penyebab keracunan cek berita artikel digoogle,259,ilustrasi kerja wadah makan gizi gratis dapu rumum gedung erbe hall tangerang selatan banten rabu yayasan restu bunda emi yrbe resmi gedung erbe hall fungsi pusat operasional dapur penuh program makan gizi gratis yrbe kali operasi dapur wilayah tangerang selatan layan total terima manfaat siswa balita hamil susu kontan carolus agus waluy kontan co id simak sasar makan gizi gratis perintah presiden prabowo program makan gizi gratis gagas perintah atur presiden pres badan gizi nasional program salah terobos upaya tingkat kualitas manusia indonesia sasar program lansir lamansetkab perintah bantu sasar kelompok butuh anak anak sekolah program kelompok rentan prabowo gelar rapat kertanegara program fokus pres badan gizi nasional sasar sasar serta didik kelompok rentan butuh dukung gizi imbang tunjang tumbuh kembang sehat kategori terima manfaat serta didik paud sma negeri swasta anak anak sekolah jenjang didik paud didik dasar tengah pesantren didik khusus fokus usia emas fisik cerdas buntut racun perintah tutup sppg masalah balita anak usia balita kelompok rentan gizi buruk stunting program harap asupan makan sehat gizi tumbuh optimal hamil asupan gizi hamil sehat sang janin makan gizi gratis risiko bayi lahir berat badan rendah sehat tekan susu susu tambah gizi hasil asi kualitas bayi program bentuk dukung nyata susu butuh nutrisi cukup racun prabowo politisasi salur program makan gizi gratis amanat pres badan gizi nasional tahap laksana ukur efektif arah presiden prabowo program jalan tingkat capai target cakup mekanisme bagi kali hari pagi siang jadwal tentu daerah informasi sasar makan gizi gratis pres badan gizi nasional tonton kepala lapor prabowo sebab racun cek berita artikel digoogle
Perpres Nomor 115 Tahun 2025,BGN Tegaskan Kepala Daerah Bisa Rekomendasikan Penutupan Dapur MBG yang Langgar Aturan - Jurnal Patroli News,"Sat, 02 May 2026 15:46:03 GMT",Jurnal Patroli News,https://jurnalpatrolinews.co.id,https://news.google.com/rss/articles/CBMixwFBVV95cUxOOEllR3VEcUFSNG9Lemt2UVhEVDBwMlJyQm8ycGVvUlZNc0ZSTlB1d0l3Y2hrYW90LVZZSEtNRW1IMVFnbkhyTWc3UGNhYlVJdjY0aTVkX3BSZnNDdFlTZ3VId3dYOThOLUJ1aTNpaVNJU0pzbTlEWHdsdmwyZEJ4U280eU91TENNOEVoN3ZYRzl0elVNNVJiUGtjTE0yd2JRd0tpRzJrYVlGRjJITDdoMHZIUlpvMGlFQ2RwMEhXT3d0bFBIMFpn?oc=5,https://jurnalpatrolinews.co.id/nasional/bgn-tegaskan-kepala-daerah-bisa-rekomendasikan-penutupan-dapur-mbg-yang-langgar-aturan/,"JurnalPatroliNews– Semarang- Badan Gizi Nasional (BGN) meminta jajaran Kepala Daerah untuk terlibat aktif dalam mengawasi jalannya Program Makan Bergizi Gratis (MBG) di wilayah masing-masing.
Wakil Kepala BGN, Nanik Sudaryati Deyang, menegaskan bahwa para pimpinan daerah kini memiliki dasar hukum yang kuat untuk meninjau langsung operasional Satuan Pelayanan Pemenuhan Gizi (SPPG), termasuk memastikan menu yang disajikan sesuai dengan standar gizi dan anggaran.
Langkah pengawasan ini diperkuat dengan terbitnya Keputusan Presiden (Keppres) Nomor 28 Tahun 2025 tentang Tim Koordinasi 17 Kementerian dan Lembaga untuk Pelaksanaan Program MBG.
Dalam aturan tersebut, Kementerian Dalam Negeri merupakan salah satu anggota tim, sehingga Gubernur, Bupati, hingga Wali Kota memiliki peran sebagai komandan di daerah untuk mengarahkan dan mengawasi jalannya program.
Selain itu, Tata Kelola Program MBG juga telah diatur secara rinci dalam Peraturan Presiden (Perpres) Nomor 115 Tahun 2025.
Nanik menjelaskan bahwa keterlibatan Kepala Daerah, hingga tingkat Camat dan Lurah, sangat krusial mengingat terbatasnya personel Deputi Pemantauan dan Pengawasan (Tauwas) BGN yang hanya berjumlah 70 orang.
Dengan kewenangan ini, pimpinan daerah dapat mengecek kesesuaian bangunan dapur dengan juknis, kondisi lingkungan, hingga ketersediaan fasilitas penunjang seperti Instalasi Pembuangan Air Limbah (IPAL).
Sikap tegas ditunjukkan BGN terkait pelanggaran prosedur operasional. Nanik menyatakan bahwa Kepala Daerah berhak memberikan rekomendasi penutupan atau relokasi SPPG jika ditemukan kondisi dapur yang buruk, sering menimbulkan keresahan masyarakat, atau tidak memiliki sistem pengolahan limbah yang memadai.
Instruksi ini menjadi bagian dari upaya BGN dalam meningkatkan kualitas layanan dapur di tahun 2026.
Selain masalah teknis dapur, aspek ekonomi lokal menjadi poin utama dalam pengawasan. Berdasarkan Perpres 115 Tahun 2025, setiap SPPG wajib menyerap bahan pangan dari petani, peternak, nelayan, dan UMKM lokal di sekitar lokasi dapur.
Penyerapan bahan baku dari luar daerah hanya diperbolehkan jika ketersediaan di tingkat kabupaten/kota benar-benar kosong.
BGN mengancam akan melakukan penindakan langsung berupa pembekuan operasional (suspend) hingga penutupan permanen bagi SPPG yang terbukti menolak bahan pangan lokal.
Nanik menekankan bahwa Program MBG harus menjadi stimulus bagi pertumbuhan ekonomi daerah. Oleh karena itu, para Kepala Daerah diminta segera melaporkan setiap temuan pelanggaran agar tindakan disiplin dapat dilaksanakan secara cepat dan tepat.",,"jurnalpatrolinews– semarang- badan gizi nasional (bgn) meminta jajaran kepala daerah untuk terlibat aktif dalam mengawasi jalannya program makan bergizi gratis (mbg) di wilayah masing-masing.
wakil kepala bgn, nanik sudaryati deyang, menegaskan bahwa para pimpinan daerah kini memiliki dasar hukum yang kuat untuk meninjau langsung operasional satuan pelayanan pemenuhan gizi (sppg), termasuk memastikan menu yang disajikan sesuai dengan standar gizi dan anggaran.
langkah pengawasan ini diperkuat dengan terbitnya keputusan presiden (keppres) nomor 28 tahun 2025 tentang tim koordinasi 17 kementerian dan lembaga untuk pelaksanaan program mbg.
dalam aturan tersebut, kementerian dalam negeri merupakan salah satu anggota tim, sehingga gubernur, bupati, hingga wali kota memiliki peran sebagai komandan di daerah untuk mengarahkan dan mengawasi jalannya program.
selain itu, tata kelola program mbg juga telah diatur secara rinci dalam peraturan presiden (perpres) nomor 115 tahun 2025.
nanik menjelaskan bahwa keterlibatan kepala daerah, hingga tingkat camat dan lurah, sangat krusial mengingat terbatasnya personel deputi pemantauan dan pengawasan (tauwas) bgn yang hanya berjumlah 70 orang.
dengan kewenangan ini, pimpinan daerah dapat mengecek kesesuaian bangunan dapur dengan juknis, kondisi lingkungan, hingga ketersediaan fasilitas penunjang seperti instalasi pembuangan air limbah (ipal).
sikap tegas ditunjukkan bgn terkait pelanggaran prosedur operasional. nanik menyatakan bahwa kepala daerah berhak memberikan rekomendasi penutupan atau relokasi sppg jika ditemukan kondisi dapur yang buruk, sering menimbulkan keresahan masyarakat, atau tidak memiliki sistem pengolahan limbah yang memadai.
instruksi ini menjadi bagian dari upaya bgn dalam meningkatkan kualitas layanan dapur di tahun 2026.
selain masalah teknis dapur, aspek ekonomi lokal menjadi poin utama dalam pengawasan. berdasarkan perpres 115 tahun 2025, setiap sppg wajib menyerap bahan pangan dari petani, peternak, nelayan, dan umkm lokal di sekitar lokasi dapur.
penyerapan bahan baku dari luar daerah hanya diperbolehkan jika ketersediaan di tingkat kabupaten/kota benar-benar kosong.
bgn mengancam akan melakukan penindakan langsung berupa pembekuan operasional (suspend) hingga penutupan permanen bagi sppg yang terbukti menolak bahan pangan lokal.
nanik menekankan bahwa program mbg harus menjadi stimulus bagi pertumbuhan ekonomi daerah. oleh karena itu, para kepala daerah diminta segera melaporkan setiap temuan pelanggaran agar tindakan disiplin dapat dilaksanakan secara cepat dan tepat.",jurnalpatrolinews semarang badan gizi nasional bgn meminta jajaran kepala daerah untuk terlibat aktif dalam mengawasi jalannya program makan bergizi gratis mbg di wilayah masing masing wakil kepala bgn nanik sudaryati deyang menegaskan bahwa para pimpinan daerah kini memiliki dasar hukum yang kuat untuk meninjau langsung operasional satuan pelayanan pemenuhan gizi sppg termasuk memastikan menu yang disajikan sesuai dengan standar gizi dan anggaran langkah pengawasan ini diperkuat dengan terbitnya keputusan presiden keppres nomor tahun tentang tim koordinasi kementerian dan lembaga untuk pelaksanaan program mbg dalam aturan tersebut kementerian dalam negeri merupakan salah satu anggota tim sehingga gubernur bupati hingga wali kota memiliki peran sebagai komandan di daerah untuk mengarahkan dan mengawasi jalannya program selain itu tata kelola program mbg juga telah diatur secara rinci dalam peraturan presiden perpres nomor tahun nanik menjelaskan bahwa keterlibatan kepala daerah hingga tingkat camat dan lurah sangat krusial mengingat terbatasnya personel deputi pemantauan dan pengawasan tauwas bgn yang hanya berjumlah orang dengan kewenangan ini pimpinan daerah dapat mengecek kesesuaian bangunan dapur dengan juknis kondisi lingkungan hingga ketersediaan fasilitas penunjang seperti instalasi pembuangan air limbah ipal sikap tegas ditunjukkan bgn terkait pelanggaran prosedur operasional nanik menyatakan bahwa kepala daerah berhak memberikan rekomendasi penutupan atau relokasi sppg jika ditemukan kondisi dapur yang buruk sering menimbulkan keresahan masyarakat atau tidak memiliki sistem pengolahan limbah yang memadai instruksi ini menjadi bagian dari upaya bgn dalam meningkatkan kualitas layanan dapur di tahun selain masalah teknis dapur aspek ekonomi lokal menjadi poin utama dalam pengawasan berdasarkan perpres tahun setiap sppg wajib menyerap bahan pangan dari petani peternak nelayan dan umkm lokal di sekitar lokasi dapur penyerapan bahan baku dari luar daerah hanya diperbolehkan jika ketersediaan di tingkat kabupaten kota benar benar kosong bgn mengancam akan melakukan penindakan langsung berupa pembekuan operasional suspend hingga penutupan permanen bagi sppg yang terbukti menolak bahan pangan lokal nanik menekankan bahwa program mbg harus menjadi stimulus bagi pertumbuhan ekonomi daerah oleh karena itu para kepala daerah diminta segera melaporkan setiap temuan pelanggaran agar tindakan disiplin dapat dilaksanakan secara cepat dan tepat,334,jurnalpatrolinews semarang badan gizi nasional jajaran kepala daerah terlibat aktif mengawasi jalannya program makan bergizi gratis wilayah wakil kepala nanik sudaryati deyang pimpinan daerah dasar hukum kuat meninjau operasional pelayanan pemenuhan gizi sppg menu disajikan standar gizi anggaran pengawasan diperkuat terbitnya keputusan presiden keppres tim koordinasi kementerian lembaga program aturan kementerian negeri salah anggota tim gubernur bupati wali kota peran komandan daerah mengarahkan mengawasi jalannya program tata kelola program diatur rinci peraturan presiden perpres nanik kepala daerah tingkat camat lurah krusial terbatasnya personel deputi pemantauan pengawasan tauwas orang kewenangan pimpinan daerah mengecek kesesuaian bangunan dapur juknis kondisi lingkungan ketersediaan fasilitas penunjang instalasi pembuangan air limbah ipal sikap pelanggaran prosedur operasional nanik kepala daerah berhak penutupan relokasi sppg ditemukan kondisi dapur buruk menimbulkan keresahan masyarakat pengolahan limbah memadai instruksi upaya meningkatkan kualitas layanan dapur teknis dapur aspek ekonomi lokal poin pengawasan perpres sppg wajib menyerap bahan pangan petani peternak nelayan umkm lokal lokasi dapur penyerapan bahan baku daerah diperbolehkan ketersediaan tingkat kabupaten kota kosong mengancam penindakan pembekuan operasional suspend penutupan permanen sppg terbukti menolak bahan pangan lokal nanik menekankan program stimulus pertumbuhan ekonomi daerah kepala daerah melaporkan temuan pelanggaran tindakan disiplin dilaksanakan cepat,192,jurnalpatrolinews semarang badan gizi nasional jajar kepala daerah libat aktif awas jalan program makan gizi gratis wilayah wakil kepala nanik sudaryati deyang pimpin daerah dasar hukum kuat tinjau operasional layan penuh gizi sppg menu saji standar gizi anggar awas kuat terbit putus presiden keppres tim koordinasi menteri lembaga program atur menteri negeri salah anggota tim gubernur bupati wali kota peran komandan daerah arah awas jalan program tata kelola program atur rinci atur presiden pres nanik kepala daerah tingkat camat lurah krusial batas personel deputi pantau awas tauwas orang wenang pimpin daerah ecek sesuai bangun dapur juknis kondisi lingkung sedia fasilitas tunjang instalasi buang air limbah ipal sikap langgar prosedur operasional nanik kepala daerah hak tutup relokasi sppg temu kondisi dapur buruk timbul resah masyarakat olah limbah pada instruksi upaya tingkat kualitas layan dapur teknis dapur aspek ekonomi lokal poin awas pres sppg wajib serap bahan pangan tani ternak nelayan umkm lokal lokasi dapur serap bahan baku daerah boleh sedia tingkat kabupaten kota kosong ancam tindak beku operasional suspend tutup permanen sppg bukti tolak bahan pangan lokal nanik tekan program stimulus tumbuh ekonomi daerah kepala daerah lapor temu langgar tindak disiplin laksana cepat
Perpres Nomor 115 Tahun 2025,pemerintah-perkuat-implementasi-program-makan-bergizi-gratis-di-jawa-tengah-melalui-target-nasional-82-9-juta-penerima-manfaat-percepatan-validasi-data-dan-standar-keamanan-pangan-jadi-prioritas - Kementerian Koordinator Bidang Pangan,"Wed, 04 Mar 2026 09:29:39 GMT",Kementerian Koordinator Bidang Pangan,https://www.kemenkopangan.go.id,https://news.google.com/rss/articles/CBMi3gJBVV95cUxPdUhucHJfSXh5SHYzeThBcUt1TGVJOEpPb2hBMWdTX0g5bl93YW54elc5amFCdXR2alJvNXJ5dXVPNUZVNjcxMUVxM1RLVTlxb3lGVWNld1NGYVZLR0luWDEtUWQzRVBWMkVzcFg5OUJYNHYzUk9PcXVwLWpSMkoyVnFYWndPV212TzNHY0xET2w3b0lyd2lXQTRBZUUtRFJINzg1bnlWa01mUTlJd2VCZVA2M0FkVEFpTWVDVVZkQXBGb1h2WEMtZWY0eG5zYlh3R3VYVUFlSFNiSUxHZDJDdmpYM01oVkx5bDk3Q2VyZjI1QlZ3QnQ5VkdKTnBJN04yLXVsRnphbmpNeW1nUXJSTFM2ZEE0TFF0Q3I4cU9lbXhCRHJNc3k5SUpESkxWYS1SZV9rcWN3R0R3QnFFSFBOSHlGc0lLaVoweGtuNEtReVluYkFLbnYyOEZETTNnUQ?oc=5,https://www.kemenkopangan.go.id/detail-artikel/pemerintah-perkuat-implementasi-program-makan-bergizi-gratis-di-jawa-tengah-melalui-target-nasional-82-9-juta-penerima-manfaat-percepatan-validasi-data-dan-standar-keamanan-pangan-jadi-prioritas,"03 Maret 2026
Semarang, 3 Maret 2026–
Menteri Koordinator Bidang Pangan memimpin Rapat Koordinasi Implementasi Perpres No. 115 Tahun 2025 tentang Tata Kelola Penyelenggaraan Program Makan Bergizi Gratis (MBG) di Provinsi Jawa Tengah. Rapat ini bertujuan mensosialisasikan kebijakan sekaligus mengevaluasi pelaksanaan program di daerah.
Hingga 27 Februari 2026, MBG telah berjalan di 38 provinsi dengan 61,2 juta penerima manfaat melalui 24.368 SPPG. Di Jawa Tengah, Program MBG menjangkau 9,29 juta penerima manfaat dengan 3.838 SPPG beroperasi.
Pelaksanaan MBG didukung 28 K/L sesuai Perpres No. 115 Tahun 2025 dan Keppres No. 28 Tahun 2025. BGN bertindak sebagai penyelenggara utama, didukung Tim Koordinasi yang ditetapkan melalui Kepmenko No. 78 Tahun 2025. Substansi penting mencakup pengawasan keamanan pangan, standar gizi, penanganan limbah, pemanfaatan pangan lokal, serta sistem pelaporan terpadu.
Pemda berperan strategis dalam penjaminan mutu, percepatan Sertifikat Laik Higiene Sanitasi (SLHS), dan stabilisasi pasokan pangan lokal. Capaian SLHS Jawa Tengah mencapai 35,03%, di atas rata-rata nasional 32%. Menko Pangan menginstruksikan evaluasi terhadap SPPG yang mengalami kejadian luar biasa (KLB) keracunan pangan.
MBG menggerakkan ekonomi lokal melalui keterlibatan UMKM, BUMDes, koperasi nelayan, dan peternak mandiri. Pasokan bahan pokok SPPG di Jawa Tengah mayoritas berasal dari Koperasi/BUMDes dan UMKM. Produksi unggulan meliputi telur ayam di Pati dan susu sapi perah di Boyolali.
Masih ditemukan ketidaksesuaian data penerima manfaat yang memerlukan validasi lanjutan oleh Pemda. Capaian layanan: siswa sekolah perlu percepatan hingga 100%, pesantren baru 7,7%, santri 3,24%, SPPG pesantren 12,13%. Capaian ibu hamil dan menyusui telah melampaui 50%, sementara balita non-PAUD 24,4%.
Program MBG tetap dilaksanakan selama Bulan Ramadhan serta masa libur dan cuti bersama. Untuk wilayah mayoritas berpuasa, diberikan paket makanan kemasan sehat. Sementara itu, sekolah mayoritas non-muslim tetap menjalankan program secara normal.
Kemenko Bidang Pangan akan membangun Command Center MBG untuk mendukung koordinasi dan pengawasan nasional.
Pemerintah berkomitmen memastikan MBG berjalan tepat sasaran, aman, berkualitas, dan berkelanjutan sebagai fondasi pembangunan generasi sehat menuju Indonesia Emas 2045.
Unduh Lampiran :Lampiran",Arivia Agustin,"03 maret 2026
semarang, 3 maret 2026–
menteri koordinator bidang pangan memimpin rapat koordinasi implementasi perpres no. 115 tahun 2025 tentang tata kelola penyelenggaraan program makan bergizi gratis (mbg) di provinsi jawa tengah. rapat ini bertujuan mensosialisasikan kebijakan sekaligus mengevaluasi pelaksanaan program di daerah.
hingga 27 februari 2026, mbg telah berjalan di 38 provinsi dengan 61,2 juta penerima manfaat melalui 24.368 sppg. di jawa tengah, program mbg menjangkau 9,29 juta penerima manfaat dengan 3.838 sppg beroperasi.
pelaksanaan mbg didukung 28 k/l sesuai perpres no. 115 tahun 2025 dan keppres no. 28 tahun 2025. bgn bertindak sebagai penyelenggara utama, didukung tim koordinasi yang ditetapkan melalui kepmenko no. 78 tahun 2025. substansi penting mencakup pengawasan keamanan pangan, standar gizi, penanganan limbah, pemanfaatan pangan lokal, serta sistem pelaporan terpadu.
pemda berperan strategis dalam penjaminan mutu, percepatan sertifikat laik higiene sanitasi (slhs), dan stabilisasi pasokan pangan lokal. capaian slhs jawa tengah mencapai 35,03%, di atas rata-rata nasional 32%. menko pangan menginstruksikan evaluasi terhadap sppg yang mengalami kejadian luar biasa (klb) keracunan pangan.
mbg menggerakkan ekonomi lokal melalui keterlibatan umkm, bumdes, koperasi nelayan, dan peternak mandiri. pasokan bahan pokok sppg di jawa tengah mayoritas berasal dari koperasi/bumdes dan umkm. produksi unggulan meliputi telur ayam di pati dan susu sapi perah di boyolali.
masih ditemukan ketidaksesuaian data penerima manfaat yang memerlukan validasi lanjutan oleh pemda. capaian layanan: siswa sekolah perlu percepatan hingga 100%, pesantren baru 7,7%, santri 3,24%, sppg pesantren 12,13%. capaian ibu hamil dan menyusui telah melampaui 50%, sementara balita non-paud 24,4%.
program mbg tetap dilaksanakan selama bulan ramadhan serta masa libur dan cuti bersama. untuk wilayah mayoritas berpuasa, diberikan paket makanan kemasan sehat. sementara itu, sekolah mayoritas non-muslim tetap menjalankan program secara normal.
kemenko bidang pangan akan membangun command center mbg untuk mendukung koordinasi dan pengawasan nasional.
pemerintah berkomitmen memastikan mbg berjalan tepat sasaran, aman, berkualitas, dan berkelanjutan sebagai fondasi pembangunan generasi sehat menuju indonesia emas 2045.
unduh lampiran :lampiran",maret semarang maret menteri koordinator bidang pangan memimpin rapat koordinasi implementasi perpres no tahun tentang tata kelola penyelenggaraan program makan bergizi gratis mbg di provinsi jawa tengah rapat ini bertujuan mensosialisasikan kebijakan sekaligus mengevaluasi pelaksanaan program di daerah hingga februari mbg telah berjalan di provinsi dengan juta penerima manfaat melalui sppg di jawa tengah program mbg menjangkau juta penerima manfaat dengan sppg beroperasi pelaksanaan mbg didukung sesuai perpres no tahun dan keppres no tahun bgn bertindak sebagai penyelenggara utama didukung tim koordinasi yang ditetapkan melalui kepmenko no tahun substansi penting mencakup pengawasan keamanan pangan standar gizi penanganan limbah pemanfaatan pangan lokal serta sistem pelaporan terpadu pemda berperan strategis dalam penjaminan mutu percepatan sertifikat laik higiene sanitasi slhs dan stabilisasi pasokan pangan lokal capaian slhs jawa tengah mencapai di atas rata rata nasional menko pangan menginstruksikan evaluasi terhadap sppg yang mengalami kejadian luar biasa klb keracunan pangan mbg menggerakkan ekonomi lokal melalui keterlibatan umkm bumdes koperasi nelayan dan peternak mandiri pasokan bahan pokok sppg di jawa tengah mayoritas berasal dari koperasi bumdes dan umkm produksi unggulan meliputi telur ayam di pati dan susu sapi perah di boyolali masih ditemukan ketidaksesuaian data penerima manfaat yang memerlukan validasi lanjutan oleh pemda capaian layanan siswa sekolah perlu percepatan hingga pesantren baru santri sppg pesantren capaian ibu hamil dan menyusui telah melampaui sementara balita non paud program mbg tetap dilaksanakan selama bulan ramadhan serta masa libur dan cuti bersama untuk wilayah mayoritas berpuasa diberikan paket makanan kemasan sehat sementara itu sekolah mayoritas non muslim tetap menjalankan program secara normal kemenko bidang pangan akan membangun command center mbg untuk mendukung koordinasi dan pengawasan nasional pemerintah berkomitmen memastikan mbg berjalan tepat sasaran aman berkualitas dan berkelanjutan sebagai fondasi pembangunan generasi sehat menuju indonesia emas unduh lampiran lampiran,290,maret semarang maret menteri koordinator pangan memimpin rapat koordinasi perpres tata kelola penyelenggaraan program makan bergizi gratis provinsi jawa rapat bertujuan mensosialisasikan kebijakan mengevaluasi program daerah februari berjalan provinsi penerima manfaat sppg jawa program menjangkau penerima manfaat sppg beroperasi didukung perpres keppres bertindak penyelenggara didukung tim koordinasi ditetapkan kepmenko substansi mencakup pengawasan keamanan pangan standar gizi penanganan limbah pemanfaatan pangan lokal pelaporan terpadu pemda berperan strategis penjaminan mutu percepatan sertifikat laik higiene sanitasi slhs stabilisasi pasokan pangan lokal capaian slhs jawa mencapai nasional menko pangan menginstruksikan evaluasi sppg kejadian klb keracunan pangan menggerakkan ekonomi lokal umkm bumdes koperasi nelayan peternak mandiri pasokan bahan pokok sppg jawa mayoritas berasal koperasi bumdes umkm produksi unggulan meliputi telur ayam pati susu sapi perah boyolali ditemukan ketidaksesuaian data penerima manfaat validasi lanjutan pemda capaian layanan siswa sekolah percepatan pesantren santri sppg pesantren capaian hamil menyusui melampaui balita non paud program dilaksanakan ramadhan libur cuti wilayah mayoritas berpuasa paket makanan kemasan sehat sekolah mayoritas non muslim menjalankan program normal kemenko pangan membangun command center koordinasi pengawasan nasional pemerintah berkomitmen berjalan sasaran aman berkualitas berkelanjutan fondasi pembangunan generasi sehat indonesia emas unduh lampiran lampiran,188,maret semarang maret menteri koordinator pangan pimpin rapat koordinasi pres tata kelola selenggara program makan gizi gratis provinsi jawa rapat tuju sosialisasi bijak evaluasi program daerah februari jalan provinsi terima manfaat sppg jawa program jangkau terima manfaat sppg operasi dukung pres keppres tindak selenggara dukung tim koordinasi tetap kepmenko substansi cakup awas aman pangan standar gizi tangan limbah manfaat pangan lokal lapor padu pemda peran strategis jamin mutu cepat sertifikat laik higiene sanitasi slhs stabilisasi pasok pangan lokal capai slhs jawa capai nasional menko pangan instruksi evaluasi sppg jadi klb racun pangan gerak ekonomi lokal umkm bumdes koperasi nelayan ternak mandiri pasok bahan pokok sppg jawa mayoritas asal koperasi bumdes umkm produksi unggul liput telur ayam pati susu sapi perah boyolali temu ketidaksesuaian data terima manfaat validasi lanjut pemda capai layan siswa sekolah cepat pesantren santri sppg pesantren capai hamil susu lampau balita non paud program laksana ramadhan libur cuti wilayah mayoritas puasa paket makan kemas sehat sekolah mayoritas non muslim jalan program normal kemenko pangan bangun command center koordinasi awas nasional perintah komitmen jalan sasar aman kualitas lanjut fondasi bangun generasi sehat indonesia emas unduh lampir lampir
Perpres Nomor 115 Tahun 2025,"Kementerian Kependudukan dan Pembangunan Keluarga, Jangkau Ibu dan Anak di Wilayah Adat Baduy - VOI.ID","Sat, 02 May 2026 04:23:39 GMT",VOI.ID,https://voi.id,https://news.google.com/rss/articles/CBMiugFBVV95cUxOZEpQS2lKY0NLdEdfM1hqeFBXMTR2MVRlbWdRT2FvaGdHamFwckRTdTZzZXgyNVpRTkFfenFyeG5jTDBBcEtJdGdvSURmUnlyUW9FV0NHMDg5aUhJeWxQMDhOdE5pRWRXOHNBSUNLci1yVHVCdEVjX25HTDVnOVNGYU5mSDBta2V5YXR1WmdOU0VGbXNpQXl3TGtCamtEMnN4SGZKMTlPS2xCWWFNRktpMU9hTVU5WTBJd0HSAboBQVVfeXFMTmRKUEtpSmNDS3RHXzNYanhQVzE0djFUZW1nUU9hb2hnR2phcHJEU3U2c2V4MjVaUU5BX3pxcnhuY0wwQXBLSXRnb0lEZlJ5clFvRVdDRzA4OWlISXlsUDA4TnROaUVkVzhzQUlDS3ItclR1QnRFY19uR0w1ZzlTRmFOZkgwbWtleWF0dVpnTlNFRm1zaUF5d0xrQmprRDJzeEhmSjE5T0tsQllhTUZLaTFPYU1VOVkwSXdB?oc=5,https://voi.id/amp/573429/kementerian-kependudukan-dan-pembangunan-keluarga-jangkau-ibu-dan-anak-di-wilayah-adat-baduy,"JAKARTA - Pemerintah terus memperkuat komitmen untuk hadir di wilayah Terdepan, Terluar, dan Tertinggal (3T). Kali ini, melalui Kementerian Kependudukan dan Pembangunan Keluarga (Kemendukbangga)/BKKBN, negara memastikan program Makan Bergizi Gratis (MBG) 3B menjangkau masyarakat adat Baduy di Kabupaten Lebak, Banten.
Program ini difokuskan untuk menjamin pemenuhan gizi bagi tiga kelompok prioritas: Ibu hamil, Ibu menyusui, dan Balita (3B).
Negara Hadir Tanpa Terkecuali di Wilayah Adat
Menteri Kependudukan dan Pembangunan Keluarga/Kepala BKKBN, Dr. Wihaji, S.Ag., M.Pd., menegaskan bahwa ketiadaan sekolah formal di wilayah Baduy bukan menjadi alasan bagi negara untuk absen memberikan layanan kesehatan.
Hal tersebut disampaikan Wihaji dalam kegiatanSABA BUDAYAyang bertepatan dengan pemantauan program prioritas MBG 3B dan HUT Ikatan Bidan Indonesia (IBI) ke-75, Kamis (01/05/2026).
""Memang di Baduy tidak terdapat sekolah formal, namun di sana tetap ada ibu hamil, ibu menyusui, dan balita yang membutuhkan perhatian. Negara hadir untuk memastikan hak-hak dasar warga negara tetap terpenuhi,"" tegas Menteri Wihaji.
Baca juga:
Distribusi Tepat Sasaran Berdasarkan Perpres No. 115 Tahun 2025
Sesuai dengan Peraturan Presiden Nomor 115 Tahun 2025 Pasal 47, distribusi program MBG dilaksanakan melalui pendamping keluarga. Hal ini bertujuan agar bantuan langsung menyentuh sasaran yang paling membutuhkan di lapangan.
Berdasarkan data terkini di Desa Kanekes, sasaran penerima manfaat MBG 3B meliputi:
Data ini mencakup total 479 KK di Baduy Dalam dan 4.317 KK di Baduy Luar, yang menjadi dasar krusial dalam penyaluran bantuan gizi yang tepat sasaran.
Menghormati Kearifan Lokal Masyarakat Baduy
Dalam dialog langsung dengan tokoh adat, Menteri Wihaji mengungkapkan bahwa masyarakat Baduy sangat terbuka terhadap bantuan gizi ini, asalkan dilakukan dengan pendekatan yang menghormati aturan adat mereka.
""Kami akan berkoordinasi dengan Badan Gizi Nasional agar implementasi MBG tetap menghormati budaya masyarakat adat lokal,"" tambahnya.
Selain pembagian makanan bergizi, kegiatan ini juga memberikan layanan KB serentak dan edukasi kesehatan reproduksi bagi masyarakat Baduy Luar secara persuasif.
Dukungan Pemerintah Provinsi Banten
Wakil Gubernur Banten, Dimyati Natakusumah, turut memberikan apresiasi tinggi terhadap inisiatif ini. Menurutnya, prioritas pada kelompok 3B adalah langkah strategis untuk meningkatkan kualitas kesehatan ibu dan anak di Banten.
""Ini program yang sangat baik. Prioritas utama MBG memang seharusnya pada kelompok ibu hamil, menyusui, dan balita,"" ujar Dimyati.
Melalui pendekatan yang adaptif dan menghormati tradisi, program MBG 3B diharapkan mampu menekan angkastuntingdan meningkatkan status gizi masyarakat hingga ke pelosok terdalam Indonesia.
Tag:bkkbnbaduimbgwihaji",,"jakarta - pemerintah terus memperkuat komitmen untuk hadir di wilayah terdepan, terluar, dan tertinggal (3t). kali ini, melalui kementerian kependudukan dan pembangunan keluarga (kemendukbangga)/bkkbn, negara memastikan program makan bergizi gratis (mbg) 3b menjangkau masyarakat adat baduy di kabupaten lebak, banten.
program ini difokuskan untuk menjamin pemenuhan gizi bagi tiga kelompok prioritas: ibu hamil, ibu menyusui, dan balita (3b).
negara hadir tanpa terkecuali di wilayah adat
menteri kependudukan dan pembangunan keluarga/kepala bkkbn, dr. wihaji, s.ag., m.pd., menegaskan bahwa ketiadaan sekolah formal di wilayah baduy bukan menjadi alasan bagi negara untuk absen memberikan layanan kesehatan.
hal tersebut disampaikan wihaji dalam kegiatansaba budayayang bertepatan dengan pemantauan program prioritas mbg 3b dan hut ikatan bidan indonesia (ibi) ke-75, kamis (01/05/2026).
""memang di baduy tidak terdapat sekolah formal, namun di sana tetap ada ibu hamil, ibu menyusui, dan balita yang membutuhkan perhatian. negara hadir untuk memastikan hak-hak dasar warga negara tetap terpenuhi,"" tegas menteri wihaji.
baca juga:
distribusi tepat sasaran berdasarkan perpres no. 115 tahun 2025
sesuai dengan peraturan presiden nomor 115 tahun 2025 pasal 47, distribusi program mbg dilaksanakan melalui pendamping keluarga. hal ini bertujuan agar bantuan langsung menyentuh sasaran yang paling membutuhkan di lapangan.
berdasarkan data terkini di desa kanekes, sasaran penerima manfaat mbg 3b meliputi:
data ini mencakup total 479 kk di baduy dalam dan 4.317 kk di baduy luar, yang menjadi dasar krusial dalam penyaluran bantuan gizi yang tepat sasaran.
menghormati kearifan lokal masyarakat baduy
dalam dialog langsung dengan tokoh adat, menteri wihaji mengungkapkan bahwa masyarakat baduy sangat terbuka terhadap bantuan gizi ini, asalkan dilakukan dengan pendekatan yang menghormati aturan adat mereka.
""kami akan berkoordinasi dengan badan gizi nasional agar implementasi mbg tetap menghormati budaya masyarakat adat lokal,"" tambahnya.
selain pembagian makanan bergizi, kegiatan ini juga memberikan layanan kb serentak dan edukasi kesehatan reproduksi bagi masyarakat baduy luar secara persuasif.
dukungan pemerintah provinsi banten
wakil gubernur banten, dimyati natakusumah, turut memberikan apresiasi tinggi terhadap inisiatif ini. menurutnya, prioritas pada kelompok 3b adalah langkah strategis untuk meningkatkan kualitas kesehatan ibu dan anak di banten.
""ini program yang sangat baik. prioritas utama mbg memang seharusnya pada kelompok ibu hamil, menyusui, dan balita,"" ujar dimyati.
melalui pendekatan yang adaptif dan menghormati tradisi, program mbg 3b diharapkan mampu menekan angkastuntingdan meningkatkan status gizi masyarakat hingga ke pelosok terdalam indonesia.
tag:bkkbnbaduimbgwihaji",jakarta pemerintah terus memperkuat komitmen untuk hadir di wilayah terdepan terluar dan tertinggal kali ini melalui kementerian kependudukan dan pembangunan keluarga kemendukbangga bkkbn negara memastikan program makan bergizi gratis mbg menjangkau masyarakat adat baduy di kabupaten lebak banten program ini difokuskan untuk menjamin pemenuhan gizi bagi tiga kelompok prioritas ibu hamil ibu menyusui dan balita negara hadir tanpa terkecuali di wilayah adat menteri kependudukan dan pembangunan keluarga kepala bkkbn dr wihaji ag pd menegaskan bahwa ketiadaan sekolah formal di wilayah baduy bukan menjadi alasan bagi negara untuk absen memberikan layanan kesehatan hal tersebut disampaikan wihaji dalam kegiatansaba budayayang bertepatan dengan pemantauan program prioritas mbg dan hut ikatan bidan indonesia ibi ke kamis memang di baduy tidak terdapat sekolah formal namun di sana tetap ada ibu hamil ibu menyusui dan balita yang membutuhkan perhatian negara hadir untuk memastikan hak hak dasar warga negara tetap terpenuhi tegas menteri wihaji baca juga distribusi tepat sasaran berdasarkan perpres no tahun sesuai dengan peraturan presiden nomor tahun pasal distribusi program mbg dilaksanakan melalui pendamping keluarga hal ini bertujuan agar bantuan langsung menyentuh sasaran yang paling membutuhkan di lapangan berdasarkan data terkini di desa kanekes sasaran penerima manfaat mbg meliputi data ini mencakup total kk di baduy dalam dan kk di baduy luar yang menjadi dasar krusial dalam penyaluran bantuan gizi yang tepat sasaran menghormati kearifan lokal masyarakat baduy dalam dialog langsung dengan tokoh adat menteri wihaji mengungkapkan bahwa masyarakat baduy sangat terbuka terhadap bantuan gizi ini asalkan dilakukan dengan pendekatan yang menghormati aturan adat mereka kami akan berkoordinasi dengan badan gizi nasional agar implementasi mbg tetap menghormati budaya masyarakat adat lokal tambahnya selain pembagian makanan bergizi kegiatan ini juga memberikan layanan kb serentak dan edukasi kesehatan reproduksi bagi masyarakat baduy luar secara persuasif dukungan pemerintah provinsi banten wakil gubernur banten dimyati natakusumah turut memberikan apresiasi tinggi terhadap inisiatif ini menurutnya prioritas pada kelompok adalah langkah strategis untuk meningkatkan kualitas kesehatan ibu dan anak di banten ini program yang sangat baik prioritas utama mbg memang seharusnya pada kelompok ibu hamil menyusui dan balita ujar dimyati melalui pendekatan yang adaptif dan menghormati tradisi program mbg diharapkan mampu menekan angkastuntingdan meningkatkan status gizi masyarakat hingga ke pelosok terdalam indonesia tag bkkbnbaduimbgwihaji,363,jakarta pemerintah memperkuat komitmen hadir wilayah terdepan terluar tertinggal kali kementerian kependudukan pembangunan keluarga kemendukbangga bkkbn negara program makan bergizi gratis menjangkau masyarakat adat baduy kabupaten lebak banten program difokuskan menjamin pemenuhan gizi kelompok prioritas hamil menyusui balita negara hadir terkecuali wilayah adat menteri kependudukan pembangunan keluarga kepala bkkbn dr wihaji ag pd ketiadaan sekolah formal wilayah baduy alasan negara absen layanan kesehatan wihaji kegiatansaba budayayang bertepatan pemantauan program prioritas hut ikatan bidan indonesia ibi kamis baduy sekolah formal hamil menyusui balita membutuhkan perhatian negara hadir hak hak dasar warga negara terpenuhi menteri wihaji distribusi sasaran perpres peraturan presiden pasal distribusi program dilaksanakan pendamping keluarga bertujuan bantuan menyentuh sasaran membutuhkan lapangan data terkini desa kanekes sasaran penerima manfaat meliputi data mencakup total kk baduy kk baduy dasar krusial penyaluran bantuan gizi sasaran menghormati kearifan lokal masyarakat baduy dialog tokoh adat menteri wihaji masyarakat baduy terbuka bantuan gizi pendekatan menghormati aturan adat berkoordinasi badan gizi nasional menghormati budaya masyarakat adat lokal pembagian makanan bergizi kegiatan layanan kb serentak edukasi kesehatan reproduksi masyarakat baduy persuasif dukungan pemerintah provinsi banten wakil gubernur banten dimyati natakusumah apresiasi inisiatif menurutnya prioritas kelompok strategis meningkatkan kualitas kesehatan anak banten program prioritas kelompok hamil menyusui balita dimyati pendekatan adaptif menghormati tradisi program diharapkan menekan angkastuntingdan meningkatkan status gizi masyarakat pelosok terdalam indonesia tag bkkbnbaduimbgwihaji,217,jakarta perintah kuat komitmen hadir wilayah depan luar tinggal kali menteri duduk bangun keluarga kemendukbangga bkkbn negara program makan gizi gratis jangkau masyarakat adat baduy kabupaten lebak banten program fokus jamin penuh gizi kelompok prioritas hamil susu balita negara hadir kecuali wilayah adat menteri duduk bangun keluarga kepala bkkbn dr wihaji ag pd tiada sekolah formal wilayah baduy alas negara absen layan sehat wihaji kegiatansaba budayayang tepat pantau program prioritas hut ikat bidan indonesia ibi kamis baduy sekolah formal hamil susu balita butuh perhati negara hadir hak hak dasar warga negara penuh menteri wihaji distribusi sasar pres atur presiden pasal distribusi program laksana damping keluarga tuju bantu sentuh sasar butuh lapang data kini desa kanekes sasar terima manfaat liput data cakup total kk baduy kk baduy dasar krusial salur bantu gizi sasar hormat arif lokal masyarakat baduy dialog tokoh adat menteri wihaji masyarakat baduy buka bantu gizi dekat hormat atur adat koordinasi badan gizi nasional hormat budaya masyarakat adat lokal bagi makan gizi giat layan kb serentak edukasi sehat reproduksi masyarakat baduy persuasif dukung perintah provinsi banten wakil gubernur banten dimyati natakusumah apresiasi inisiatif turut prioritas kelompok strategis tingkat kualitas sehat anak banten program prioritas kelompok hamil susu balita dimyati dekat adaptif hormat tradisi program harap tekan angkastuntingdan tingkat status gizi masyarakat pelosok dalam indonesia tag bkkbnbaduimbgwihaji
