keyword,judul,tanggal,sumber,source_url,url_google,url_resolved,konten,authors
Makan Bergizi Gratis,Prabowo Tanya Buruh di May Day: MBG Bermanfaat atau Tidak? - detikNews,"Fri, 01 May 2026 05:49:30 GMT",detikNews,https://news.detik.com,https://news.google.com/rss/articles/CBMinAFBVV95cUxPNENTYV9saVFwX1RYWm9OSjVXV0hQcGFVMHRnMzh0MmpPR0dxV0tSbTBVcE5WWXYyc3YxUm1vb3BuTkJIOFdKYzNIYjdUVTU2RWRVTk9kNlB0ZUljUXhHREhSWVpLSmZwOVRlTXBfMWE2WXlzYjJmWC12SjNXVDBTdjkxSHVvWHd0aWxqSW9zc1RLTnZfZ29kTkwxamHSAaIBQVVfeXFMT1c4NkVndFBfWEZhTGIwa0daVVJlZndjdFZxdXZRTHhIMXBBazU2d2NwMVhXN0s4QkltRkp6UXVmMkxwbjJmODQyOU1NTG14LWNkd1MweFhEMXhSR3dKb1JSWlZfUVdLdlFzazFhWEtWZmNIQTJSZzJqb2NYblFHMEhnUHNobkEtSmswQTlrR1dzZ1U0RjUxT09Nd3NiOG5XY2pR?oc=5,https://news.detik.com/berita/d-8469929/prabowo-tanya-buruh-di-may-day-mbg-bermanfaat-atau-tidak,"Presiden Prabowo Subiantosempat menanyakan kebermanfaatan program Makan Bergizi Gratis (MBG) kepada para buruh. Dia menekankan program andalannya itu penting bagi generasi ke depan.
Hal itu disampaikan Prabowo saat berpidato di depan massa aksi Hari Buruh Internasional atau May Day di Monas, Jakarta Pusat, Jumat (1/5/2026). Prabowo memastikan pemerintahannya memberikan perlindungan sosial kepada masyarakat berpenghasilan rendah.
""Kita juga beri perlindungan sosial yang sangat besar. Tahun ini kita berikan untuk rakyat berpenghasilan rendah sebesar Rp 500 triliun,"" kata Prabowo dalam pidatonya.
""Kita juga beri MBG. Saya tanya ke saudara-saudara, MBG bermanfaat atau tidak?"" tanya Prabowo disambut sahutan massa buruh.
Prabowo menekankan pentingnya pemenuhan gizi kepada anak-anak untuk mengatasi stunting. Di sisi lain, dia menyebutkan MBG juga membangkitkan sektor ekonomi.
""MBG itu sangat penting untuk anak-anak kita. Saudara-saudara sekalian anak-anak kita banyak yang mengalami kurang gizi, badannya kecil, selnya tidak berkembang. Dengan MBG, ekonomi kita hidup di mana-mana,"" ujarnya.
Prabowo mengatakan dampak ekonomi dari program MBG dirasakan hingga kaum petani. Dia optimistis program ini membawa Indonesia lebih maju.
""Rakyat butuh telur, rakyat butuh daging, sayur, susu, ikan, ekonomi kita hidup petani dapat penghasilan, saudara-saudara sekalian. Uang ini semua beredar. Indonesia tambah sejahtera,"" ucap Prabowo.
Simak Video 'Prabowo Tawarkan Kaum Buruh Daycare dan Rumah di Kawasan Pabrik':
[Gambas:Video 20detik]",Firda Cynthia Anggrainy
Makan Bergizi Gratis,"Kampus diminta 'terlibat aktif' bangun dapur MBG, bagi-bagi proyek? - BBC","Fri, 01 May 2026 07:39:41 GMT",BBC,https://www.bbc.com,https://news.google.com/rss/articles/CBMiYEFVX3lxTFBrMWlhVUN1UHZ1VG1lM2NHSEdaQW5YWXRRM285YVBsZGZ4cVFqM2hWYWt5SXltQ0QzUjNPTmU1ckJ4U25lNHU1dzdhQnk2M0Z4ZGo3blRrOHhxZ09oYmlLRtIBZkFVX3lxTE5XdGxZYU05UDMzd3RUUjY4bnQ4WVFSeFRNYUwwNmc0R25qNF9YQk9raXhmRWh5S2ZkaVRuS3ZXMTVybVgtWXFodkhNV3dIa2NfWXhjS1ZtYTViNTd3alMtak9LNkF2Zw?oc=5,https://www.bbc.com/indonesia/articles/c5y8jyg2eyqo,"Sumber gambar,ANTARA FOTO/Adeng Bustomi
Keterlibatan perguruan tinggi dalam program makan bergizi gratis dianggap sebagai upaya ""membungkam suara-suara kritis"" terhadap proyek yang dianggap bermasalah ini.
Sebelumnya, Menteri Pendidikan Tinggi Riset dan Teknologi, Brian Yuliarto, mengatakan kampus harus terlibat aktif dan tidak hanya menjadi penonton dalam program pemerintah, khususnya terkait pembentukan Satuan Pemenuhan Pelayanan Gizi (SPPG).
Salah satu perguruan tinggi negeri yang baru-baru ini meresmikan dapur MBG adalah Universitas Hasanuddin, Makassar.
Wakil Yayasan Metavisi Akademik Nusantara, La Halisu, berkata keterlibatan pihaknya dalam program ini berawal dari permintaan pemerintah.
Dalam proses verifikasi, yayasan di bawah naungan Unhas ini dianggap mampu lantaran memiliki lahan kosong, sumber daya, serta kemampuan finansial. Hingga akhirnya dikontrak oleh BGN.
Jauh sebelum terjun ke MBG, perguruan tinggi juga telah ""digoda"" dengan pemberiankonsesi tambang.
Mengapa, keterlibatan kampus dalam proyek makan bergizi gratis dianggap tak lebih dari sekadar ""bagi-bagi proyek""?
Peresmian dapur MBG milik Universitas Hasanuddin berlangsung pada Selasa (28/04)—yang dihadiri oleh Kepala Badan Gizi Nasional (BGN) Dadan Hindayana, Mendikti Saintek Brian Yuliarto, Gubernur Sulawesi Selatan Andi Sudirman Sulaiman, Rektor Unhas Jamaluddin Jompa, dan rektor dari beberapa perguruan tinggi di Indonesia serta jajaran pimpinan kampus.
Akhir dari Paling banyak dibaca
Kepala BGN, Dadan Hindayana, menyebut Unhas menjadi Perguruan Tinggi Negeri Berbadan Hukum (PTN-BH) pertama yang memiliki SPPG di Indonesia Timur.
Ia berharap Unhas tidak hanya berperan sebagai pengelola dapur, tapi menyediakan rantai pasokan secara mandiri.
Dan, dengan keterlibatan perguruan tinggi Dadan juga berharap dapat menghasilkan program MBG yang lebih baik serta berkualitas.
""Bapak Rektor ini sangat progresif, inovatif, dan luar biasa dalam membangun SPPG karena sangat gesit dalam mendukung program makan bergizi gratis,"" kataDadansambil menambahkan SPPG tersebut juga menyediakan pengolahan air yang sudah siap minum.
Sumber gambar,IDENTITAS/Fathimah Nur Khalidah Rahman
BBC News Indonesia mengunjungi dapur Tamalanrea 14 milik Unhas yang berlokasi di Kecamatan Tamalanrea.
Bangunan dengan luas 20x15 meter persegi ini berada di belakang masjid yang ada di dalam kampus Unhas.
Di dalamnya, sudah ada berbagai macam peralatan untuk memproduksi makanan, tempat pencucian bahan baku, lemari pendingin, alat masak hingga wadah ompreng.
Wakil Yayasan Metavisi Akademik Nusantara, La Halisu, menjelaskan proses pendirian dapur ini berlangsung sejak Oktober 2025. Itu artinya, pengerjaan tidak sampai tujuh bulan.
Yayasan ini, katanya, telah lama dibentuk Unhas dan mulanya berfokus pada bidang pendidikan. Meski, tak pernah bersinggungan dengan tata boga, dia mengklaim program MBG masih sejalan dengan tujuan pendirian yayasan.
Sumber gambar,SPPG Unhas Tim Production
Soal penerima manfaat, ada sembilan sekolah, yang terdiri dari: enam TK, satu SD, satu SMP, dan satu SMA.
""Itu bukan pihak kampus yang menentukan (sasaran penerima manfaat), tapi BGN. Total seluruhnya ada 2.500 orang setiap hari,"" imbuhnya.
Pekerja di dapur ini berjumlah 20 orang. Mereka berasal dari masyarakat sekitar kampus dan bertugas sebagai: penerima barang, persiapan, produksi, pemorsian, distribusi, pencucian ompreng, keamanan.
Untuk bahan baku, Halisu bilang pihak yayasan memanfaatkan sumber daya yang terdapat di sejumlah fakultas. Semisal, di Fakultas Pertanian, terdapat sayur mayur, buah-buahan, dan beras. Di Fakultas Peternakan tersedia telur, ayam, dan daging.
Sumber gambar,BBC Indonesia
""Semua bahan-bahan tadi, yang bisa diproduksi Unhas, maka kami akan maksimalkan untuk digunakan di dapur,"" ucapnya kendati mengakui bahwa bahan baku dari Unhas belum mencukupi untuk seluruh penerima manfaat.
Ia menuturkan keterlibatan Unhas dalam proyek MBG bermula dari permintaan pemerintah agar pihaknya ikut ""menjalankan program"" tersebut.
Dalam proses verifikasi, Unhas dianggap mampu lantaran memiliki lahan kosong, sumber daya, serta kemampuan finansial. Hingga akhirnya dikontrak oleh BGN.
Unhas sendiri menerima permintaan itu karena bisa memberikan kontribusi nyata kepada masyarakat.
""Di sisi lain, kami punya profesionalisme untuk mengelola yayasan sehingga dianggap mampu menjalankan kerjasama antara BGN dengan pemerintah dan Unhas.""
""Ada dua sisi yang sama-sama punya kepentingan,"" cetusnya.
Sumber gambar,BBC Indonesia
Menteri Pendidikan Tinggi, Sains, dan Teknologi, Brian Yuliarto, bilang fasilitas dapur MBG yang dibangun Unhas bisa ditiru alias menjadi contoh konkret peran perguruan tinggi dalam mendukung program prioritas pemerintah. Sekaligus, memperkuat posisi kampus sebagai institusi mandiri.
Ia pun menegaskan perguruan tinggi tidak cukup hanya menjadi penonton, tapi harus terlibat langsung dalam implementasi kebijakan, termasuk soal pemenuhan gizi masyarakat.
Menurut Brian, SPPG di Unhas akan dikembangkan sebagaiteaching factoryyang mendukung praktik dan riset mahasiswa. Dapur ini juga diproyeksikan sebagai pusat pengembangan sistem MBG yang bisa direplikasi secara lebih luas.
""SPPG ini nantinya bisa menjadi tempat praktik, penelitian, dan pengembangan lebih lanjut program MBG,"" katanya.
Sumber gambar,BBC Indonesia
Liputan mendalam BBC News Indonesia langsung di WhatsApp Anda.
Klik di sini
Akhir dari Whatsapp
Ketua Majelis Rektor Perguruan Tinggi Negeri Indonesia (MRPTNI), Eduart Wolok, menuturkan keterlibatan kampus negeri dalam program MBG sebetulnya sudah dibicarakan kira-kira dua bulan lalu dalam diskusi terbatas antara Mendikti Saintek dengan sejumlah rektor.
Dalam pembicaraan itu, muncul bahasan soal program andalan Presiden Prabowo Subianto yang banyak menuai protes dari masyarakat. Padahal, klaimnya, niatan Presiden sesungguhnya baik.
""Pak Menteri lalu mengatakan, bagaimana kalau misalnya kampus bisa melaksanakan sekaligus mencontohkan yang baik. Bukan hanya (mendirikan) dapur yang layak, tapi menyediakan makanan bergizi dengan harga yang relatif murah,"" ujar Eduart kepada BBC News Indonesia, Rabu (30/04).
Permintaan itu, sambungnya, disambut dengan tangan terbuka. Apalagi, menurutnya, beberapa kampus memiliki sumber daya—program jurusan—yang pas terkait gizi. Tak cuma itu, ia mengklaim kampus juga mempunyai data penerima manfaat.
Kelebihan lain, keberadaan dapur MBG bisa menjadi sarana untuk magang para mahasiswa dan dapat menganalisis dampak dari program ini di suatu daerah maupun sekolah.
Berangkat dari situ, sejumlah kampus yang menaungi yayasan mengajukan diri untuk membuka dapur MBG. Ada pula yang disebutnya ""mendapat penugasan"".
Sejauh ini, katanya, baru Universitas Hasanuddin yang meresmikan SPPG.
Akhir dari content
Ketua Umum Asosiasi Perguruan Tinggi Swasta Indonesia (APTISI), Budi Djatmiko, mengaku tidak tahu adanya pembahasan seperti disebut Eduart Wolok.
Tapi sejak dua tahun lalu, beberapa yayasan yang dimiliki perguruan tinggi swasta sudah menjadi pengelola dapur MBG. Semisal, Universitas Logistik dan Bisnis Internasional (ULBI) di Bandung dan Universitas Narotama di Surabaya.
Kedua kampus tersebut mengajukan diri karena, klaimnya, punya lahan yang cukup luas untuk mendirikan dapur MBG dan sejalan dengan program studi di kampus tersebut.
""Ibaratnya kampus harus ada semacam laboratorium, dengan memanfaatkan (program MBG) bisa mengintegrasikan akademik dengan inovasi,"" ucapnya kepada BBC News Indonesia.
""Mahasiswa di ULBI kan mempelajari masalah logistik, pengiriman, dan lain sebagainya. Jadi anak-anak itu bisa praktik kerja di sana.""
Sumber gambar,BBC Indonesia
Uang untuk mendirikan dapur MBG tersebut menggunakan dana investor. Tidak ada sama sekali pemberian dari pemerintah, klaimnya. Hanya saja, karena yayasan belum berpengalaman di bidang tata boga, mereka merekrut ""orang-orang yang berlatar belakang di bidang katering.""
Sasaran atau penerima dari dapur-dapur itu adalah anak-anak SD, SMP, SMA yang dekat dengan lingkungan kampus.
Terlepas dari itu, baik Eduart Wolok dan Budi Djatmiko berkata kampus akan tetap kritis terhadap kebijakan pemerintah, termasuk MBG.
""Kritis itu kan bukan berarti harus tidak sepaham, bisa saja sepaham tetapi perlu bagaimana cara agar lebih optimal, misalnya,"" ujar Eduart Wolok.
Masalahnya, keterlibatan kampus dalam program MBG dianggap sebagai upaya ""membungkam suara-suara kritis"" terhadap proyek bermasalah ini, kata pengamat pendidikan dari Universitas Paramadina, Totok Amin Soefijanto.
Kalaupun ada suara kritis dari kampus, Totok berpandangan, tidak akan setajam seperti yang seharusnya. Perguruan tinggi yang sejatinya berperan menyuarakan kebenaran, bakal bermain aman lantaran sudah ""terkooptasi"" oleh uang hasil proyek pemerintah.
""Misalnya saya jadi konsultan pemerintah dan dibayar, tapi dibilang boleh tetap kritis, apakah saya bisa melakukan itu?"" tanyanya.
""Saya tidak yakin.""
Sumber gambar,ANTARA FOTO/Sulthony Hasanuddin
Totok juga menilai program MBG sudah menjadi alat pencari popularitas presiden. Sehingga siapa saja yang mengkritisi program ini akan diberikan ""porsi"" berupa dapur MBG yang bersumber dari anggaran negara sebesar Rp335 triliun.
Itu mengapa, dia menilai keterlibatan kampus dalam proyek MBG tak lebih dari sekadar ""bagi-bagi proyek"".
""Jadi ini seperti bagi-bagi proyek saja,"" cetusnya.
""Kampus memang punya kemampuan atau memiliki jurusan yang kaitannya dengan gizi, nutrisi, pangan. Tetapi, apakah motifnya murni untuk akademik,"" sambungnya.
""Perguruan tinggi sudah punya tupoksi sendiri, dan saya kira kalau sesuai dengan bidangnya ya kenapa tidak. Masalahnya, seolah-olah ini dijadikan bagi-bagi proyek supaya berkurang kritikannya.""
Karena itulah, Totok menyarankan kampus negeri maupun swasta agar berpikir dua kali untuk terlibat dalam proyek tersebut. Apalagi, beberapa kajian dan fakta di lapangan membuktikan program ini bermasalah.
""Jadi banyak masalah, kalau kampus ikut ambil bagian, itu kayak menambah masalah. Kecuali kampus punya kontrol yang lebih besar dalam proses tata kelola dan segala macam.""
""Tapi, program MBG ini sangattop-down, seandainya ada problem akan ditanggung oleh kampus. Ibaratnya tidak ikut membuat keputusan, tapi ketimpa masalah.""
Sumber gambar,ANTARA FOTO/Fakhri Hermansyah
Sebagaimana diketahui, kasus keracunan menjadi persoalan yang paling banyak disorot. Jaringan Pemantau Pendidikan Indonesia (JPPI) mencatat sejak awal 2025 hingga April 2026, setidaknya ada 33.626 pelajar mengalami keracunan yang diduga terkait MBG.
Selain itu, lembaga Indonesia Corruption Watch (ICW) menemukan ada seratusan yayasan atau mitra SPPG yang mendapatkan proyek tersebut karena diduga punya koneksi dengan lingkaran pejabat.
Terbaru, ICW mendapati adanya dugaanmarkupanggaran terkait harga bahan pangan, praktik monopoli pemasok bahan baku, keterlibatan pihak berpengaruh dalam rantai pasok, hingga pengadaan fiktif.
BBC News Indonesiaturut merekam suara-suara penolakan masyarakat terhadap pendirian dapur MBG lantaran dianggap mengganggu kenyamanan warga, mencemari lingkungan, dan minim keterlibatan pelaku usaha mikro dan warga sebagai pekerja dapur.
Sejumlah pekerja di dapur MBG bahkan mengaku tidak pernah mendapatkan kontrak kerja tertulis, tidak memperoleh uang lembur, kelebihan jam kerja, dan tak ada jaminan BPJS.
Peneliti dari Indonesia Corruption Watch (ICW), Seira Tamara, juga menilai tidak ada relevansinya institusi pendidikan menjadi penyedia Satuan Pemenuhan Pelayanan Gizi (SPPG).
Sama halnya, ketika Polri dan TNI membuka ribuan dapur MBG.
""Padahal tugas utama mereka di penegakan hukum yang masih membutuhkan pembenahan, tapi malah diberikan kerjasama di luar tupoksinya,"" ujar Seira kepada BBC News Indonesia.
Sumber gambar,ANTARA FOTO/Makna Zaezar
""Apakah (kampus terlibat dalam MBG) bentuk pengejawantahan dari pemikiran BGN, karena anggaran MBG diambil dari dana pendidikan, maka jadi cocok untuk kerjasama.""
Ketimbang memaksakan diri menjadi pengelola dapur MBG, perguruan tinggi sebaiknya fokus pada upaya mendesak pemerintah menyejahterakan guru dan dosen, memperbaiki kualitas sarana-prasarana pendidikan, dan sebagainya.
Termasuk, mencari jalan keluar dari wacana pemerintah yang ingin menghapus jurusan perkuliahan yang dianggap tidak relevan dengan kebutuhan industri.
""Itu aspek-aspek penting untuk dibenahi dalam payung besar permasalahan pendidikan.""
""Sudah terlalu banyak akrobatik program MBG ini, yang mana lagi-lagi sangat jauh dari tujuan awalnya untuk meningkatkan kualitas gizi.""
Akhir dari content
Terlepas dari itu, ICW juga mengkritik keputusan Kepala BGN, Dadan Hindayana, yang menyatakan bakal tetap memberikan insentif harian sebesar Rp6 juta kepada dapur-dapur yang ditutup sementara.
Hal itu dia sampaikan saat meninjau SPPG Unhas, Selasa (28/04).
""Untuk yang (ditutup) sementara itu tetap diberi (insentif). Karena dia harus mengurus yang lain-lain,"" kata Dadan.
Saat ini, ada 1.720 SPPG yang ditutup sementara. Ia menyebut, jumlah itu turun dibandingkan SPPG yang telah ditutup sejak awal April lalu. Sebagian besar penutupan dilakukan karena tidak adanya sistem instalasi pengolahan air limbah.
Selain itu, belum ada sertifikat laik higienis sanitasi (SLHS).
Seira berkata, keputusan pemberian insentif itu sangat tidak masuk akal dan menunjukkan Kepala BGN Dadan Hindayana melanggar aturannya sendiri.
Sumber gambar,ANTARA FOTO/Ari Bowo Sucipto
Merujuk pada Keputusan Kepala Badan Gizi Nasional Nomor tentang Petunjuk Teknis Tata Kelola Penyelenggaraan Program MBG Tahun Anggaran 2026, disebutkan bahwa insentif berupa Rp6 juta per hari diberikan kepada SPPG yang memenuhi standar kapasitas dan spesifikasi teknis yang ditetapkan oleh BGN.
Ketika, SPPG tersebut ditutup karena tidak memenuhi standar dan spesifikasi BGN, maka itu artinya mereka tidak berhak mendapatkan insentif.
""Dari situ harusnya sudah sangat mudah untuk melihat bahwa tidak ada lagi justifikasi memberikan insentif Rp6 juta tersebut.""
""Jadi, pernyataan Kepala BGN tidak ada dasar hukumnya. Dia berpotensi membuang anggaran negara yang sangat besar dan tidak jelas peruntukannya untuk apa.""
Perhitungan kasarnya, anggaran yang dibuang percuma dari pemberian insentif itu bisa mencapai Rp10,32 miliar per hari.
Atas dasar itulah, dia menilai Komisi Pemberantasan Korupsi (KPK) bisa bergerak melakukan penyelidikan atas indikasi ""pelanggaran penggunaan anggaran negara"" tersebut.
Wartawan Muhammad Aidil di Makassar berkontribusi untuk laporan ini.",
Makan Bergizi Gratis,"Dukung Kampus Punya Dapur MBG, Mendiktisaintek: Sivitas Akademika Harus Ambil Peran - Medcom.id","Sat, 02 May 2026 12:37:00 GMT",Medcom.id,https://www.medcom.id,https://news.google.com/rss/articles/CBMi1gFBVV95cUxOSG1Ma3ZlNzJEenNLRzlyYUhBenVqd2pSa0FmNENxNUozcnFDemFVMFJHWEdmbnNDODJRbHp1VFBKNEpMWmdpcVZqUVZNd3VHYkRvbUpIWXM0NmJVSUtSM2ZRXzVETm1lVThCNnRtR0QxNDluOUZMS0hfRDFCck9FLUdpNnFrQ1RiV3dxUFpXMU1pUHRXQ3lHMF90TzR6WElaak01WTFsMGdHTUtDY2FSb3d2Ukh5QjMxVGxxZy01S3p4TTJ5VU5FR285aElfXzFvZWJ1NmNR?oc=5,https://www.medcom.id/pendidikan/news-pendidikan/4ba1YB3b-dukung-kampus-punya-dapur-mbg-mendiktisaintek-sivitas-akademika-harus-ambil-peran,Ikuti media sosial medcom.id dan dapatkan berbagai keuntungan,medcom.id developer
Makan Bergizi Gratis,Mendikti Minta Kampus Lain Tiru Langkah Unhas Bangun Dapur MBG - Tempo.co,"Thu, 30 Apr 2026 03:03:43 GMT",Tempo.co,https://www.tempo.co,https://news.google.com/rss/articles/CBMioAFBVV95cUxOSTFZbHhJY1JjWW9HYTUtOVRndDBlakc0d25VUlozSkdFNWNCcTZ4R3lsRFBKeWNZZERqOEJOemRBWUdBb3JVRnhFZHpQYmpGVm9pMC1hRjE4WVh3bm1CbHljSXZwLXlPN1BuSTU0b1FfWElpZ0Y2cm42QldjbXM3clRlekFncWdQQ0c1MVduNENZYlF4ODJxSTBHeVdFN2ZG?oc=5,https://www.tempo.co/politik/mendikti-minta-kampus-lain-tiru-langkah-unhas-bangun-dapur-mbg-2132680,"MENTERI Pendidikan Tinggi, Sains, dan Teknologi Brian Yuliarto bersama Kepala Badan Gizi Nasional Dadan Hindayana meresmikan satuan pelayanan pemenuhan gizi (SPPG) atau dapur makan bergizi gratis diUniversitas Hasanuddin, Makassar, Sulawesi Selatan pada Selasa, 28 April 2026.
Brian mengatakan fasilitasdapur MBGyang dibangun Unhas itu bisa ditiru menjadi contoh konkret peran perguruan tinggi dalam mendukung program prioritas pemerintah, sekaligus memperkuat posisi kampus sebagai institusi mandiri.“Intinya adalah bagaimana dari perguruan tinggi bisa menjalankan peran untuk mendukung program prioritas Presiden, salah satunya program MBG,” kata Brian saat peresmian, seperti dikutip dariAntara.
Scroll ke bawah untuk melanjutkan membaca
Baca berita dengan sedikit iklan,klik di sini
Ia menegaskan perguruan tinggi tidak cukup hanya menjadi penonton, tetapi harus terlibat langsung dalam implementasi kebijakan, termasuk dalam pemenuhan gizi masyarakat.
Menurut Brian, SPPG di Unhas akan dikembangkan sebagaiteaching factoryyang mendukung praktik dan riset mahasiswa. Selain itu, fasilitas tersebut juga diproyeksikan menjadi pusat pengembangan sistem MBG yang dapat direplikasi secara lebih luas. “SPPG ini nantinya bisa menjadi tempat praktik, penelitian, dan pengembangan lebih lanjut program MBG,” ujarnya.
Dalam kesempatan yang sama, Dadan mengatakan Unhas sebagai perguruan tinggi negeri berbadan hukum pertama yang mengoperasikan fasilitas SPPG. Ia mengapresiasi langkah kampus yang dinilai responsif terhadap inisiatif strategis pemerintah.
“Keterbukaan kampus untuk terlibat dalam program MBG sangat penting karena teknologi, SDM, dan inovasi yang dimiliki perguruan tinggi akan banyak manfaatnya untuk pengembangan program ini,” kata Dadan.
Menurut dia, keterlibatan perguruan tinggi dapat memperkuat kualitas pelaksanaan MBG, terutama dalam aspek riset, inovasi, dan pengembangan sumber daya manusia di sektor pangan dan gizi.
Pilihan Editor:Akhirnya MBG Dikurangi. Berapa Anggaran Bisa Dihemat?",
Makan Bergizi Gratis,Program makan bergizi di Jambi sentuh 446.087 penerima manfaat - ANTARA News Jambi,"Sat, 02 May 2026 11:47:23 GMT",ANTARA News Jambi,https://jambi.antaranews.com,https://news.google.com/rss/articles/CBMipwFBVV95cUxQNS1IQzEwM2lqLWNxNWN3T2JoS3daaGd0eVEwUkUtUnVwM2paNWlMYm9LYVo5Tm1HRF94V1A3R1BycEZzVWlpQzN4SVN5Y2FiYzBONTJZQ1o3Nlo3Z1Q0UGZWQVFVc1BGTkg3ZG1HNTNyM05Vd1ZIRjhWX1gyYzJMU0xTbGVVU01ZMkE3OGtFaWpVd3E3aE11RmdJRFdmSVd3R29VblZOUdIBrAFBVV95cUxNMWNBbW5pTHBVYktxVnh1ZDNiZFh5MmJWVld4M3FrRnhYYmRJRVJjWWlDRnpJRUp0Nkc0Y0dBeEotODNPSHZUaFVxS1hWSlBhdUYxc21lUDRFVzk4LU5iMlBfdEc4blh0RDMxSVB3Y1ZvSS1oN1M4RmNmXzJDSzJKdEp2ektjNGp6MHJkN0l0Zm5aQjRGZmp0OWFfbEkzejNtWmlXaUlma191am5s?oc=5,https://jambi.antaranews.com/berita/655860/program-makan-bergizi-di-jambi-sentuh-446087-penerima-manfaat,"Kota Jambi (ANTARA) - Program Makan Bergizi Gratis (MBG) di Jambi telah menyentuh 446.087 penerima manfaat mulai dari anak bawah lima tahun (balita), ibu menyusui, pelajar tingkatan sekolah dasar hingga menengah yang tersebar 11 kabupaten kota di wilayah itu.
""Program makan bergizi ini sudah memberikan banyak perubahan, tidak hanya menyasar peningkatan gizi masyarakat, program ini juga terbukti mampu menekan angka pengangguran secara signifikan,"" kata Wakil Kepala MBG Sony Sanjaya di Kota Jambi, Sabtu.
Saat menghadiri rapat koordinasi para mitra, yayasan, tim pengawasan gizi dan keuangan hingga juru masak di Jambi, Sony mengungkapkan, dari 205 satuan pelayanan pemenuhan gizi (SPPG) yang telah beroperasi di Jambi, tercatat mampu menyerap 9.635 pekerja.
Berdasarkan hitungan satu pekerja mendapat upah rata-rata Rp100 ribu per hari, maka total anggaran yang digelontorkan untuk honor pekerja mencapai sekitar Rp963,5 juta setiap harinya.
""Total alokasi dana untuk honor pekerja dari program ini di Jambi mencapai hampir satu miliar setiap harinya,"" tambahnya.
Tidak hanya berdampak pada sektor ketenagakerjaan, program MBG juga telah menjangkau ratusan ribu penerima manfaat.
Capaian ini menegaskan bahwa MBG sangar berperan sebagai penggerak ekonomi lokal melalui penciptaan lapangan kerja baru di daerah.
""Hingga saat ini, tercatat sebanyak 446.087 masyarakat Jambi yang sudah merasakan manfaat program tersebut, mulai dari balita, ibu hamil, hingga peserta didik,"" ujarnya.
Gubernur Jambi Al Haris menyampaikan bahwa pelaksanaan program MBG di Jambi terus menunjukkan perkembangan positif.
Hingga saat ini, terdapat 205 Satuan Pelayanan Pemenuhan Gizi (SPPG), dengan rincian 173 unit telah beroperasi dan 32 unit siap operasional. Selain itu, sebanyak 302 satuan pelayanan masih dalam tahap persiapan dan survei lapangan.
Menurutnya, program MBG tidak hanya berdampak pada penanganan stunting, tetapi juga mampu menggerakkan sektor ekonomi lokal, khususnya bagi petani dan pelaku usaha.
Atas dasar itu, ia menekankan pentingnya peningkatan produksi pangan, terutama beras, guna mendukung keberlanjutan program tersebut.
""Dulu banyak yang menjual keluar daerah, sekarang cukup di Jambi saja sudah terserap. Ini tentu sangat membantu perekonomian daerah,"" jelas Al Haris.
Pewarta: Agus SuprayitnoEditor  : Siri AntoniCOPYRIGHT © ANTARA 2026",ANTARA News Agency
Makan Siang Gratis,"Dinilai Pandai Berinovasi, Kota Cilegon Ditunjuk Jadi Proyek Percontohan Program Makan Siang Gratis - Berita Cilegon","Sat, 02 May 2026 11:29:12 GMT",Berita Cilegon,https://berita.cilegon.go.id,https://news.google.com/rss/articles/CBMi6wFBVV95cUxNWmpTdGQ1QzlkZGsyNk1mWGZ3dG9CenVRQWZMN0lFWnJUa2I3REZzSTZSR3hNSTlMaWNMbDRkMlBYZVM1SW1Wd2JSU1FmNnRWUEhTdXk1NURadkFLN09Dd0hWZUx1VjVwMEEzOXpIOE1BdHJxeUpyWk9GejNZX0tUNWJra1VWNFI3U05uZUticmRvMDE1WndvMTNGT1daTjRsUHY4NEpMWVRzc1ZRRTZRUlpPLXFLbTJIVjgxNGF6R19WOHdOdW1uclBVVzJNcE9oR3h5UjZ2NXRHUGhLbm0yZzlna211NEFMM2dz?oc=5,"https://berita.cilegon.go.id/baca/Dinilai-Pandai-Berinovasi,-Kota-Cilegon-Ditunjuk-Jadi-Proyek-Percontohan-Program-Makan-Siang-Gratis/20260502/MTE0OA%3D%3D","Loading
Loading
CILEGON, DISKOMINFO– Dewan Ketahanan Nasional (Wantannas) menunjuk Pemerintah Kota (Pemkot) Cilegon sebagai pilot project atau proyek percontohan pelaksanaan program makan siang gratis, karena dinilai pandai berinovasi. Hal itu terungkap pada acara Pertemuan Dewan Ketahanan Nasional bersama Wali Kota Cilegon Helldy Agustian dan Penjabat (Pj) Wali Kota Tangerang Nurdin di Ruang Rapat Wali Kota Cilegon, Kamis 4 Juli 2024.
“Kami butuh mempersiapkan mekanisme (Program makan siang gratis-red), mulai dari menyiapkan makannya, sampai penyerahan dan pendanaannya. Maka, kami bertemu Wali Kota Cilegon (Helldy Agustian-red) yang penuh inovasi. Jadi, kami harap hari ini (Kemarin-red) mendapatkan banyak masukan mengenai ini (Realisasi program makan siang gratis-red),” kata Staf Khusus (Stafsus) Sekretaris Jendral (Sesjen) Dewan Ketahanan Nasional, Taviota Bay sebagaimana dirilis Diskominfo Kota Cilegon, Kamis 4 Juni 2024.
Menurut Taviota, pelaksanaan project percontohan program makan siang gratis akan dimulai awal Agustus selama sepekan dan jika pada hari ketiga sudah mampu berjalan dengan baik, maka akan ada dilakukan pemantauan pelaksanaannya langsung oleh tim dari Pusat. “Kami sangat menyukai banyak ide dari pak wali ini (Helldy Agustian-red), lebih mengedepankan kolaborasi, mulai dari catering sampai kantin sekolah dalam melaksanakan makan siang gratis ini, tentunya tetap diawasi oleh Dinas Kesehatan (Dinkes) dalam pemenuhan gizinya,” tutur Taviota.
Sementara itu, Wali Kota Cilegon Helldy Agustian menyambut baik kedatangan tim Dewan Ketahanan Nasional bersama Pj Wali Kota Tangerang ke Kota Cilegon. “Terkait dipilihnya Kota Cilegon sebagai proyek percontohan program makan siang gratis menjadi suatu kehormatan bagi kami. Kami telah memiliki bayangan mekanisme program makan siang gratis ini. Kami akan memulai dari 2 SD (Sekolah Dasar), 2 SMP (Sekolah Menengah Pertama), dan 2 Madrasah Aliyah (MA) untuk kita buatkan mekanisme, mulai dari persiapan sampai pelaksanaan,” katanya.
Dalam hal ini, Helldy mengaku, pihaknya akan membuka kolaborasi antara Pemkot Cilegon, Pemkot Tangerang dan Dewan Ketahanan Nasional. “Tentu kami membuka segala bentuk kolaborasi bersama Kota Tangerang dan Dewan Ketahanan Nasional selama itu bermanfaat untuk masyarakat Kota Cilegon,” akunya.
Pj Wali Kota Tangerang, Nurdin menjelaskan bahwa pertemuan bersama Dewan Ketahanan Nasional, Pemkot Cilegon dan Pemkot Tangerang itu merupakan langkah untuk membuka ruang diskusi terkait pelaksanaan program makan siang gratis. “Kota Tangerang akan bergerak melibatkan TP PKK (Tim Penggerak Pemberdayaan Kesejahteraan Keluarga). Dalam mempersiapkan makan siang gratis ini, Kota Tangerang juga telah menyiapkan Dapur PKK yang dinaungi oleh ibu – ibu PKK,” jelasnya. (*)",Bravo Solution Indonesia
Makan Siang Gratis,Pemerintah Hapus Program Makan Gratis Hari Sabtu demi Hemat Anggaran - Babel Insight,"Thu, 30 Apr 2026 07:23:17 GMT",Babel Insight,https://www.babelinsight.id,https://news.google.com/rss/articles/CBMicEFVX3lxTFBXUmdpYnNnZGFJMEZDODk3aDVQTzc3X1E4b05feEFSZFIyVHc5WVJXSUl0YzZnd1JCcklZdzJhbFUzeGo1Nnd3Q0ZVY0RDYkpoWDNtUVV5VVlqMFU5MXRucEJqVHdIVE1qb0FmTU16X1c?oc=5,https://www.babelinsight.id/penghapusan-makan-gratis-sabtu-apbn,"Pemerintah melalui Kementerian Keuangan memutuskan untuk menghapus penyaluran programMakan Bergizi Gratis(MBG) setiap hari Sabtu guna menjaga stabilitasAPBN. Kebijakan efisiensi ini disampaikan oleh Wakil Menteri Keuangan Juda Agung di Jakarta pada Senin (27/4/2026) sebagai langkah penghematan anggaran negara.
Langkah penajaman belanja ini diproyeksikan mampu menekan pengeluaran pemerintah hingga Rp1 triliun setiap pekannya. Berdasarkan data yang dilansir dari Suara, penghapusan layanan pada hari Sabtu dan masa libur sekolah tersebut bertujuan agar pelaksanaan program prioritas tetap berjalan lebih efisien di tengah tekanan ekonomi global.
Juda Agung menjelaskan bahwa perubahan skema ini merupakan bagian dari strategi refocusing untuk memastikan program tetap berkualitas. Penghapusan tersebut dianggap lebih masuk akal secara operasional karena siswa tidak perlu datang ke sekolah hanya untuk mendapatkan jatah makan siang.
""MBG misalnya, yang dulunya Sabtu diberikan makan siang gratis, sekarang itu dihilangkan. Satu hari itu bisa ngirit satu triliun,"" kata Juda Agung, Wakil Menteri Keuangan.
Secara akumulatif, penghematan dari kebijakan ini diperkirakan mencapai Rp4 triliun dalam satu bulan. Dalam jangka panjang, potensi dana yang bisa diamankan pemerintah diprediksi menyentuh angka puluhan triliun rupiah per tahun.
""Empat kali dalam sebulan itu bisa mengirit atau menghemat Rp4 triliun. Setahun tentu saja sekitar Rp50 triliun kita bisa menghemat,"" ujarnya.
Selain mengatur jadwal pemberian makanan,Kemenkeujuga melakukan pengawasan ketat terhadap standar operasional di lapangan. Pemerintah berkomitmen mengevaluasi setiap Satuan Pelayanan Pemenuhan Gizi (SPPG) agar kualitas nutrisi yang diterima masyarakat tetap terjaga sesuai standar yang ditetapkan.
""Ini adalah refocusing atau penajaman. Kita tetap melakukan program-program prioritas yang ada dengan lebih berkualitas dan lebih tajam,"" ucap Juda Agung.
Upaya pengendalian belanja ini juga dilakukan untuk merespons fluktuasi harga minyak mentah dunia yang memberikan tekanan pada subsidi energi. Pemerintah tetap berupaya menahan harga bahan bakar minyak agar daya beli masyarakat tidak terganggu, sembari memaksimalkan penerimaan dari sektor perpajakan dan komoditas unggulan.",Babel Insight
Makan Siang Gratis,Program Makan Bergizi Gratis Disyukuri Pelajar Kota Sorong - Kemenko Polkam R.I.,"Fri, 22 Aug 2025 07:00:00 GMT",Kemenko Polkam R.I.,https://polkam.go.id,https://news.google.com/rss/articles/CBMihwFBVV95cUxQVnhweDVZOGUxSkU2Sm9RUHN4N3JZVVoxTWkyS0lpbFI4d1dhemZVZWJCUzBxZ1VCTXBONG51OXRpQjJQZ0FTVnM2dVZ5Q2lMX0JDYjhscmxxM1U0YWc1MXRTZFVWZkpfbWlNN05fdFlWMkFMS0Z6SnZsNDdwckhyXzJqRjhkb1k?oc=5,https://polkam.go.id/program-makan-bergizi-gratis-disyukuri-pelajar-kota-sorong/,"SIARAN PERS No. 359/SP/HM.01.02/POLKAM/8/2025
Polkam, Sorong – Kementerian Koordinator Bidang Politik dan Keamanan (Kemenko Polkam) melakukan pemantauan program prioritas presiden, yaitu Program Makan Bergizi Gratis, di Kota Sorong, Papua Barat Daya, Kamis (21/8/2025). Pemantauan dilakukan di dua sekolah, yaitu SMKN 1 Kota Sorong dan SMPN 2 Kota Sorong.
Asisten Deputi Koordinasi Telekomunikasi dan Informatika, Marsma TNI Agus Pandu Purnama, menyatakan bahwa ia mengecek langsung program makan siang gratis di sekolah. Menurutnya, makanan yang disediakan sudah sesuai standar serta memenuhi kebutuhan 35% Gizi harian, dan enak, Indikatornya, seluruh makanan habis.
“Anak-anak sekolah, begitu saya buka tempat makan mereka, itu semua habis. Enak dan terjamin gizinya,” kata Marsma Pandu.
Ia menambahkan, program Makan Bergizi Gratis sangat bermanfaat, terutama bagi kebutuhan gizi harian para pelajar-pelajar di daerah. Tak terkecuali di Papua Barat Daya. Terlebih ada fakta bahwa banyak anak berangkat sekolah tanpa sarapan. Hal ini menjadikan program Makan Bergizi Gratis sangat dinantikan setiap hari. Program ini terbukti bukan hanya menyehatkan, tetapi juga mendorong semangat belajar siswa.
“Ini kesempatan untuk anak-anak tumbuh berkembang dengan sehat dan menjadi generasi yang tangguh menyambut Indonesia Emas 2045,” tambah Pandu.
Program MBG di SMKN 1 dan SMPN 2 Kota Sorong berjalan lancar dan mendapat sambutan hangat siswa. Sejak Mei 2025, lebih dari 1.600 paket makanan bergizi per hari didistribusikan oleh SPPG yang berlokasi dekat sekolah.
Siswa menyatakan puas dengan menu yang disajikan, meskipun beberapa berharap adanya tambahan sambal.
Salah satu pelajar yang mengaku sangat senang dengan program ini adalah Viola, siswi SMP Negeri 2 Kota Sorong. “Enak. Senang sekali, sangat membantu,” kata Viola.
Berdasarkan data Kantor Komunikasi Kepresidenan, secara nasional hingga Juli 2025, program Makan Bergizi Gratis sudah menyasar 7.374.135 penerima manfaat. Sebanyak 2.375 dapur Satuan Pelayanan Pemenuhan Gizi (SPPG) juga telah beroperasi. Program ini juga membuat lebih dari 100.000 tenaga kerja terserap.
Pemantauan tim Kemenko Polkam juga dilakukan ke dapur penyedia makanan untuk masing-masing sekolah guna memastikan kualitas dan kebersihan makanan. Kedua dapur penyedia menu Makan Bergizi Gratis dinilai memiliki kualitas baik. Mulai dari kualitas makanan hingga kebersihan tempat dipatok dengan standar tinggi. Masing-masing dapur bahkan sudah dilengkapi ahli gizi.",Humas Kemenko Polhukam RI
MBG,Rektor IPB Respons Positif Dorongan BGN Agar PTN Buka Dapur MBG - CNN Indonesia,"Sat, 02 May 2026 09:05:16 GMT",CNN Indonesia,https://www.cnnindonesia.com,https://news.google.com/rss/articles/CBMixgFBVV95cUxPZXRaS0FrT1lTblFlNy1ySEotWkdRYWQtZUdkSS1idFZHNUlKRFpNRlBub2lYUmdrLUhHUkFWbFp4ZWRSOTY5ZDRJXzE2NHdrY3lacXRvRjR6V0VaLTMxWHhMcVpzZWpOTVNQcXI3TzNSb2hQNFhFSGVGdUFVUEJEZDlPWFlzdWxiNVJJLXl0dE9lWHFwNlVfVm5IRzZYekcxc3g1WF82ZFV5SkZmX3ItMmVOZzdPSFFtSGw0T0M5bGliVjgxLWfSAcsBQVVfeXFMT0NoNHlYOXBTa2FZY0RadTNYdldJeUpOTnpCejhVMGFIOTY3WnJYbDRIQkNhOUk0MWJXYW5NRGxXUU9xS2R0N05RS0FNUlRRZjFOQU5rVnJyR2lueU5kXzdPMW5zM3VaY2FvN3hUZGxVUmhpSlBmckQtU042SXowVHFmLXdmc1hMYi1fXzd5WEduc0RhSzlNajMxRVJ6WEVzRjVONnE4OFFYSjVQMlhRYmFycTdJWmVZbTloT3JtTmE1V21mVjRpRDJCa00?oc=5,https://www.cnnindonesia.com/nasional/20260502144356-20-1354385/rektor-ipb-respons-positif-dorongan-bgn-agar-ptn-buka-dapur-mbg,"Rektor IPB University Alim Setiawan Slamet merespons positif permintaan Badan Gizi Nasional (BGN) agar perguruan tinggi membangun dan mengelola dapur Makan Bergizi Gratis (MBG) atau Satuan Pelayanan Pemenuhan Gizi (SPPG).
Menurut Alim, langkah tersebut menunjukkan keterbukaan pemerintah dalam melibatkan kampus untuk mendukung program MBG.
ADVERTISEMENT
SCROLL TO CONTINUE WITH CONTENT
""Saya kira itu hal yang sangat positif dan patut diapresiasi atas keterbukaan dari BGN karena kampus juga ingin berkontribusi untuk mensukseskan program (MBG),"" kata Alim di Hotel Borobudur, Jakarta, Sabtu (2/5).
Ia menilai peran kampus tidak hanya sebatas mengoperasikan dapur, tetapi juga membangun ekosistem terintegrasi dari hulu hingga hilir.
Jadi, SPPG yang dibangun oleh kampus bisa menjadi satu ekosistem yang terintegrasi melibatkan petani, serta rantai pasok yang disuplai dari sekitarnya.
Ia menjelaskan keterlibatan kampus juga membuka peluang pemanfaatan SPPG sebagai sarana pembelajaran langsung bagi mahasiswa.
Menurut dia, fasilitas tersebut dapat menjadi laboratorium hidup atau living lab, sekaligus wadah experiential learning dan penelitian bagi dosen secara real time.
Berbagai inovasi kampus juga bisa diterapkan, mulai dari efisiensi energi dapur, pengembangan menu, hingga peningkatan standar keamanan dan mutu pangan, termasuk pengelolaan limbah.
Alim mengatakan IPB saat ini tengah membangun SPPG melalui yayasan mereka. Satu unit ditargetkan rampung dibangun pada Mei, disusul satu unit lainnya pada Juni. Keduanya berlokasi di Bogor.
Ia menambahkan sejak tahun lalu IPB telah ditugaskan Badan Perencanaan Pembangunan Nasional (Bappenas) sebagai center of excellence dalam pemenuhan pangan dan gizi untuk program MBG.
""Kita bekerjasama dengan berbagai kementerian dan juga didukung oleh UNICEF dan juga BGN,"" ujar Alim.
Melalui peran tersebut, IPB terlibat dalam pelatihan, penyusunan modul, serta panduan pelaksanaan MBG. Selain itu, kampus juga menjadi mitra BGN dalam melakukan kajian dan riset terkait program tersebut.
Kepala BGN Dadan Handayana meminta langsung I perguruan tinggi membangun dan mengelola dapur SPPG secara mandiri untuk mendukung program MBG.
""Saya kira kampus perlu memahami ini, karena ini peluang besar. Minimal punya satu SPPG dulu, dan kalau bisa pasokannya berasal dari civitas akademika sendiri,"" ujar Dadan dalam keterangan resmi di Makassar, Selasa (28/4).
Dadan mengatakan satu unit SPPG membutuhkan dukungan pasokan bahan pangan dalam jumlah besar. Untuk kebutuhan beras, satu SPPG memerlukan sekitar 8 hektare lahan sawah.
Sementara untuk kebutuhan pakan ternak dibutuhkan sekitar 19 hektare lahan jagung. Selain itu, kebutuhan telur harian untuk satu SPPG juga membutuhkan sekitar 3.700 hingga 4.000 ayam petelur.
""Kalau ingin telurnya dipasok sendiri, maka harus ada sekitar 3.700 sampai 4.000 ayam petelur untuk satu SPPG,"" katanya.
Menurut Dadan, kebutuhan tersebut dapat dipenuhi melalui keterlibatan civitas akademika maupun kerja sama dengan petani, peternak, dan pelaku usaha di sekitar kampus.
Ia menyebut kampus dapat menjadikan pengelolaan SPPG sebagai bagian dari kegiatan praktik lapangan mahasiswa, mulai dari pertanian, peternakan, pengolahan pangan, hingga distribusi.
Dengan demikian, kata dia, SPPG tidak hanya berfungsi sebagai dapur penyedia makanan bergizi, tetapi juga menjadi tempat penerapan kegiatan akademik yang terkait dengan rantai pasok pangan.",
MBG,IPB siap bangun SPPG di Bogor Mei ini untuk dukung MBG - ANTARA News,"Sat, 02 May 2026 11:51:21 GMT",ANTARA News,https://www.antaranews.com,https://news.google.com/rss/articles/CBMinAFBVV95cUxPdnVTNjBxeXROazRLdG9ZMC03X21hYk9zN3dsZVZFS3BHZnl0QmdDVmVIcTFZVTRRVUpmSjRWaTdBLVhFc3lxd2JkdjN6VWU3c0EyVS02eFM1MjJERVY0VF9BWEh5WWVDNFNVd01La0VsUndMZnVZb3pDZjVHbHVWaVBBWVltS01hbVZJbmxOclRaQzN3eUJ3VE9KelTSAZ8BQVVfeXFMTWVsa3VHNEJqQ0lqSVJFekRTYmxuWS0wQTVQZG9RRkIwZ0ZEVy1XUnlpOV9nc1Jka2w5QkpjU1dQLTVqdEVNNmxQS3JIby1odTlMY0pjT082Q184eFAydG9yYXRVREpVMW1Zam1KQUs2TVVzdjV4YjVaSEh0QnlDRThVX2Z3NjBwSE90RHdnaUI2S3J0UTZySUE1NmY2M3k4?oc=5,https://www.antaranews.com/berita/5551375/ipb-siap-bangun-sppg-di-bogor-mei-ini-untuk-dukung-mbg,"Jakarta (ANTARA) - Institut Pertanian Bogor (IPB) University menyatakan kesiapannya membangun Satuan Pelayanan Pemenuhan Gizi (SPPG) di Bogor pada Mei ini untuk mendukung pelaksanaan program Makan Bergizi Gratis (MBG).
Rektor IPB University Alim Setiawan Slamet menyebut jumlah SPPG yang akan dibangun dapat lebih dari dua unit, menyesuaikan kesiapan pelaksanaan di lapangan. Lokasi SPPG berada tetap di Bogor agar dekat dengan kampus.
“Kalau di IPB, Insyaallah mungkin Mei, kesatu. Dan mungkin nanti berikutnya di Juni,” kata Alim saat dijumpai wartawan usai acara “Sinergi Alumni IPB untuk Bangsa” di Jakarta, Sabtu.
SPPG yang dibangun IPB nantinya akan menyalurkan makanan bergizi ke sejumlah sekolah di sekitar wilayah Bogor. Namun, Alim belum merinci aspek teknis, termasuk jumlah sekolah sasaran, karena pengelolaannya berada di bawah pihak yayasan.
“Ada (rencana membangun dapur SPPG), dari salah satu yayasan IPB,” ujar Alim.
Secara umum, Alim menyambut positif atas dorongan Badan Gizi Nasional (BGN) agar perguruan tinggi berkontribusi dalam pembangunan SPPG.
Ia memandang keterlibatan kampus tidak hanya sebatas membangun atau mengelola dapur SPPG, tetapi juga dapat membuka model ekosistem yang lebih terintegrasi.
Dalam hal ini, SPPG yang dikelola kampus diharapkan dapat menjadi contoh desain yang melibatkan petani dan rantai pasok lokal.
Model ini diharapkan dapat diadopsi oleh SPPG lain, terutama untuk memastikan pemenuhan kebutuhan bahan pangan berasal dari dalam negeri, bukan impor.
Alim menambahkan, keterlibatan kampus juga menjadi wahana pembelajaran bagi mahasiswa melaluiexperiential learning, sekaligus ruang bagi dosen untuk melakukan riset secarareal time.
Selain itu, inovasi kampus di bidang efisiensi energi dapur, peningkatan keamanan pangan, standar mutu, hingga pengelolaan sampah juga dapat diterapkan.
Alim menyebut pengembangan SPPG oleh kampus juga berpotensi mendorong model ekonomi sirkular dan ramah lingkungan, termasuk dalam pengelolaan limbah, yang relevan dengan isu lingkungan hidup.
Selain pembangunan SPPG, Alim mengatakan bahwa sejak awal pihaknya juga telah ditugaskan oleh Kementerian Perencanaan Pembangunan Nasional/Badan Perencanaan Pembangunan Nasional (Kementerian PPN/Bappenas) sebagaicenter of excellenceuntuk pemenuhan pangan bergizi dalam program MBG.
Dalam peran tersebut, pihak kampus bekerja sama dengan berbagai kementerian, serta didukung oleh UNICEF dan BGN.
Alim mengatakan bahwa IPB telah menyelenggarakan pelatihan atautraining of trainers(TOT), serta menyusun berbagai modul dan panduan pelaksanaan MBG. Di samping itu, IPB juga menjadi mitra BGN dalam melakukan kajian dan riset.
Sebelumnya, BGN menyampaikan bahwa kampus bisa mulai mempertimbangkan untuk memiliki setidaknya satu SPPG guna mendukung program peningkatan gizi nasional.
Hal itu disampaikan Kepala BGN Dadan Hindayana untuk mengingatkan bahwa perguruan tinggi juga memiliki peran strategis dalam mendukung keberhasilan program MBG (MBG).
""Saya kira kampus perlu memahami ini, karena ini peluang besar. Minimal punya satu SPPG dulu, dan kalau bisa pasokannya berasal dari civitas akademika sendiri,"" ujar Dadan dalam keterangan resmi di Jakarta, Rabu (29/4).
Kampus juga didorong untuk membangun dan mengelola SPPG secara mandiri, sekaligus menjadikannya sebagai pusat pembelajaran berbasis praktik.
Menurut Dadan, satu unit SPPG tidak hanya berfungsi sebagai dapur penyedia makanan bergizi, tetapi juga sebagai simpul ekonomi yang membutuhkan dukungan produksi pangan dalam jumlah besar.
Baca juga:Himpunan Alumni IPB kembangkan bisnis rantai pasok untuk MBG
Baca juga:Guru Besar IPB sebut MBG bukan beban sektor pendidikan
Baca juga:Pakar IPB paparkan nutrisi susu untuk tingkatkan gizi pada Program MBG
Pewarta: Rizka KhaerunnisaEditor: Azis KurmalaCopyright © ANTARA 2026
Dilarang keras mengambil konten, melakukan crawling atau pengindeksan otomatis untuk AI di situs web ini tanpa izin tertulis dari Kantor Berita ANTARA.
KirimKomentar menjadi tanggung-jawab Anda sesuai UU ITE.",antaranews.com
MBG,Prabowo di Depan Massa Buruh: MBG Bermanfaat atau Tidak? - Kompas.com,"Fri, 01 May 2026 03:16:00 GMT",Kompas.com,https://nasional.kompas.com,https://news.google.com/rss/articles/CBMiqwFBVV95cUxOWUZUY3RCQllfUHMyUGpvNE5vQkt0U1Rydy1sLVVtMzFpMUx0bE1SRy1fSzc1dUZPaXhMSE5jal9LemJTNmx6NXhUcWVOZzBvbU1JVTlGZ2J3SWVPQ0RZQWdkLXNhR2VCWm5RME1tV0hDMFJwNFEzMVhQRm9KTGFvX2J6TURQNzNMZkpub2FSMnEzZ2hkekg1Z05vV0pDZUlwWGV4NHVfRjlrQUk?oc=5,https://nasional.kompas.com/read/2026/05/01/10163541/prabowo-di-depan-massa-buruh-mbg-bermanfaat-atau-tidak,"Prabowo di Depan Massa Buruh: MBG Bermanfaat atau Tidak?
Tim Redaksi
JAKARTA, KOMPAS.com- Di panggung perayaan May Day 2026, Presiden RI Prabowo Subianto menegaskan program Makan Bergizi Gratis (MBG) sangat penting bagi masyarakat Indonesia, khususnya anak-anak.
""Saya bertanya kepada saudara-saudara,MBGbermanfaat atau tidak? MBG itu sangat penting untuk anak-anak kita,"" kata Prabowo dalam acara Hari Buruh Internasional di Lapangan Monas, Jakarta, Jumat (1/5/2026).
Baca juga:Prabowo Janjikan Rumah untuk Buruh, Cicilan hingga 40 Tahun
Banyak buruh menjawab beragam respons.
Prabowo mengatakan banyak anak Indonesia hingga kini masih kurang gizi.
""Saudara-saudara sekalian, anak-anak kita banyak yang mengalami kurang gizi. Badannya kecil, selnya tidak berkembang ya,"" ucapnya.
Baca juga:Prabowo: Potongan Ojol Harus di Bawah 10 Persen
Selain itu, MBG juga menghidupkan ekonomi masyarakat, termasuk petani.
""Dengan MBG ekonomi kita hidup di mana-mana saudara-saudara sekalian. rakyat butuh telur, rakyat butuh daging, rakyat butuh sayur, susu, ikan. Ekonomi kita hidup, petani-petani kita dapat penghasilan saudara-saudara sekalian,"" tuturnya.
Ekonomi di Indonesia juga berputar karena program MBG.
Baca juga:Guyoni Fahri Hamzah, Prabowo: Kalau Sudah Berdiri 3 Juta Rumah, Boleh Senyum-senyum
""Uang ini semua beredar, Indonesia tambah kuat, Indonesia tambah sejahtera saudara-saudara sekalian"" tuturnya.
Perayaan May Day tahun ini kembali digelar di lapangan Monas, seperti perayaan tahun sebelumnya.
Prabowo Subiantohadir naik ke mimbar pidato, didampingi oleh elite organisasi buruh, yakni Said Iqbal, Andi Gani Nena Wea, Jumhur Hidayat yang juga Menteri Lingkungan Hidup, dan Elly Rosita Silaban.
Baca juga:Ingatkan Ancaman Perang, Prabowo: Jangan Lengah, 40 Persen Jalur Perdagangan Lewat Indonesia
Para menteri, pimpinan lembaga tinggi negara, kepala lembaga negara, Gubernur Jakarta Pramono Anung, hingga Kapolri Jenderal Listyo Sigit Prabowo dan Panglima TNI Jenderal Agus Subianto hadir di acara ini.
Keterangan:
Isi berita ini mengalami perubahan pada Jumat (1/5/2026) pukul 16.22 WIB.
News
BrandzView
News
Bola
Travel
News
BrandzView
News
News
News
News
News
News
News
Copyright 2008 - 2026 PT. Kompas Cyber Media (Kompas Gramedia Digital Group). All Rights Reserved.",Kompas Cyber Media
Program Makan Gratis Pemerintah,"Makan Bergizi Gratis (MBG) Bukan Sekadar Pangan, Tapi Strategi Ekonomi Rakyat - Bali Tribune","Sat, 02 May 2026 23:52:28 GMT",Bali Tribune,https://balitribune.co.id,https://news.google.com/rss/articles/CBMirAFBVV95cUxQZjd1QXVKZlIwSGFseXZNcFFQc2N5V0MzcjZnbVk2YmVySC1ZNWZESW1KOUg0Z2FVdEU4QmZQSDBDZTd6NklBVGh0QVFvSnBMZGhBWnlsV0lfU2tJblFKMUJvXzZxSWk3WFdEcEh4Y1FFQkZSZ2pJYVZEU1FVWTdFOUJndFZyaFBrWUNyMlVxX3FaV0Q4TXBqNndPa0I3elJzbVBUSFZQQm1fcFFP?oc=5,https://balitribune.co.id/content/makan-bergizi-gratis-mbg-bukan-sekadar-pangan-tapi-strategi-ekonomi-rakyat,"balitribune.co.id | Denpasar- Program Makan Bergizi Gratis (MGB) yang digulirkan pemerintah sejak awal 2025 terus mengalami penyempurnaan. Anggota Komisi IX DPR RI, Tutik Kusuma Wardani, SE., MM., M.Kes.,  menegaskan bahwa program ini masih dalam tahap evaluasi agar implementasinya semakin optimal dan merata di seluruh daerah, termasuk Bali.
“Program ini sedang disempurnakan. Data dan sistemnya masih terus diperbaiki sebelum nantinya dibuka lebih luas,” ujar Tutuik saat ditemui di Rumah Aspirasi, Kamis (30/4/2026).
Sejak diluncurkan pada 6 Januari 2025, MGB telah menggelontorkan dana besar ke daerah. Di Bali saja, perputaran anggaran pada Januari 2025 tercatat mencapai sekitar Rp1,39 triliun. Angka ini dinilai memberikan dampak langsung terhadap perekonomian masyarakat, khususnya kelompok kecil. Tak hanya menyasar pemenuhan gizi, program ini juga berdampak pada penyerapan tenaga kerja. Hingga April 2026, tercatat sebanyak 228 Satuan Pelayanan Pemenuhan Gizi (SPPG) telah beroperasi di Bali, melayani sekitar 462.139 penerima manfaat dari kalangan peserta didik, serta 30.275 penerima non-peserta didik seperti balita.
""Selain itu, program ini juga menyerap sekitar 11.786 tenaga kerja melalui dapur-dapur penyedia makanan. “Ini bukan sekadar program makan, tapi juga menggerakkan ekonomi desa. Petani, peternak, dan nelayan sekarang punya pasar yang jelas karena hasil produksinya langsung diserap,” jelasnya.
Menurut Tutik, kehadiran dapur MGB telah memotong rantai distribusi yang selama ini membebani produsen di desa. Jika sebelumnya mereka harus menjual hasil panen ke pasar dengan risiko tidak laku, kini produk mereka langsung dibeli oleh pengelola dapur. Namun, ia mengakui program ini belum sepenuhnya merata. Dari kebutuhan sekitar 400 SPPG di Bali, saat ini baru terealisasi 228 unit. Kondisi ini memicu potensi kecemburuan sosial di masyarakat yang belum tersentuh program.
“Masih banyak wilayah yang belum terlayani. Ini jadi tantangan ke depan agar distribusinya lebih adil,” katanya.
Selain pemerataan, tantangan lain juga datang dari faktor geografis dan infrastruktur, terutama di wilayah seperti Nusa Penida. Kondisi jalan yang sempit dan rusak, keterbatasan air bersih, hingga gangguan hama seperti monyet menjadi kendala dalam pengembangan pertanian dan distribusi bahan pangan. Tutik juga mendorong adanya sinergi lintas kementerian, khususnya dengan Kementerian Ketenagakerjaan, untuk mengarahkan pelatihan kerja ke sektor pertanian modern. Menurutnya, sektor ini memiliki potensi besar karena mampu menyerap hingga 40 persen tenaga kerja.
“Anak muda harus didorong kembali ke desa dengan keterampilan pertanian modern. Kalau ini berhasil, ketahanan pangan kita bisa kuat tanpa bergantung pada impor,” tegasnya.
Di sisi lain, ia menilai pola pelatihan kerja juga perlu diubah. Program job fair dinilai kurang efektif dan sebaiknya diganti dengan sistem magang yang lebih fokus pada peningkatan keterampilan praktis. Dalam aspek edukasi, MGB juga diharapkan mampu mengubah pola konsumsi masyarakat, terutama anak-anak. Program ini mendorong konsumsi makanan sehat dan bergizi, bukan makanan instan yang cenderung minim nutrisi.
“Gemuk itu belum tentu sehat. Yang penting adalah asupan gizinya seimbang,” ujarnya.
Meski masih menghadapi berbagai tantangan, Tutik menegaskan bahwa program MGB menunjukkan dampak positif yang signifikan, baik dari sisi kesehatan, ekonomi, maupun sosial. Ke depan, keberhasilan program ini sangat bergantung pada kolaborasi antara pemerintah dan masyarakat, termasuk dalam penyediaan infrastruktur dan investasi dapur. Pemerintah, kata dia, akan menyewa fasilitas yang disiapkan masyarakat, sehingga tercipta model gotong royong dalam pelaksanaan program.
“Ini program besar yang butuh waktu untuk sempurna. Tapi manfaatnya sudah mulai dirasakan nyata oleh masyarakat,” pungkasnya.",
Program Makan Gratis Pemerintah,"Launching Dapur MBG SPPG Cikitu dan Maruyung, Dukung Program Makan Bergizi Gratis di Pacet - jurnalpolisi.co.id","Sun, 03 May 2026 06:14:26 GMT",jurnalpolisi.co.id,https://jurnalpolisi.co.id,https://news.google.com/rss/articles/CBMiuAFBVV95cUxNcjNCX3ZWcGtuaTA0RlA5TzdyWjNvOVdPYkZJVmRzSG5YYWVRY0RmaVdabjR0eGV2akU3VGZ6SGFUdHFSbUFkd0lPVVEtcmQ5eklUbmpLSFhFVW1TQ3h3SGM5czZrQ3A5VW9janFqQUk2RXZoTHlQZWdxanRNcDVQYmdLc0VNbTlEVUJBd19FN3hvYWkxejRlUWh4djZNYkZRd1NzakQ1WFlRQkFkR2JNb0pZSnhfd20w?oc=5,https://jurnalpolisi.co.id/launching-dapur-mbg-sppg-cikitu-dan-maruyung-dukung-program-makan-bergizi-gratis-di-pacet/,"Polresta Bandung – Dalam rangka mendukung program pemerintah terkait penyediaan makan bergizi gratis, telah dilaksanakan kegiatan launching Dapur Makan Bergizi Gratis (MBG) SPPG Cikitu 01 dan Maruyung 04 yang berlokasi di wilayah Kecamatan Pacet, Kabupaten Bandung.
Kegiatan tersebut berlangsung pada Minggu, 03 Mei 2026, mulai pukul 13.50 WIB hingga 15.45 WIB, bertempat di Dapur MBG SPPG Bandung Cikitu, tepatnya di Jl. Raya Pacet, Kampung Cibutak RT 003 RW 001, Desa Cikitu, Kecamatan Pacet. Launching ini berada di bawah tanggung jawab Sdr. Doiful Mubdi, SH.
Acara dihadiri oleh berbagai unsur pemerintahan dan masyarakat, di antaranya perwakilan Kecamatan Pacet, unsur Polsek dan Koramil Pacet, Bhabinkamtibmas, perwakilan Puskesmas, perangkat desa, Ketua RT/RW, serta para relawan dapur MBG dan tamu undangan lainnya.
Rangkaian kegiatan diawali dengan pembukaan, dilanjutkan pembacaan ayat suci Al-Qur’an, sambutan-sambutan, hingga kegiatan sosial berupa pemberian bingkisan kepada anak yatim di sekitar Desa Cikitu dan Maruyung. Acara kemudian ditutup dengan doa bersama.
Kegiatan ini menjadi wujud nyata sinergitas antara pemerintah, aparat keamanan, dan masyarakat dalam mendukung program peningkatan gizi masyarakat, khususnya bagi anak-anak. Tutupnya.***
(Humas Polsek Pacet)
Red (JP).",
Program Makan Gratis Pemerintah,Efektivitas Program Makan Bergizi Gratis Tekan Kemiskinan Mulai Diuji - Babel Insight,"Thu, 30 Apr 2026 07:59:19 GMT",Babel Insight,https://www.babelinsight.id,https://news.google.com/rss/articles/CBMie0FVX3lxTE5hWTFtbWtENUFTZENVY2NLNlJqVE1OVlZOcXNvUUdiS2IxTHJZRTdtUkg4ZFp0dHhUYWdPeHdVSzRtSU1aczl6OVZhN1paNktFellFS2xWNUJack9RQUlITzR3NktVNW9xcG5MS0NnT2tEOW9iUHZ4aFZaQQ?oc=5,https://www.babelinsight.id/efektivitas-makan-bergizi-gratis-kemiskinan,"Efektivitas ProgramMakan Bergizi Gratis(MBG) sebagai instrumen utama pemerintah dalam menekan angkakemiskinanekstrem mulai mendapatkan sorotan tajam pada Senin (27/4/2026). Program prioritas ini dinilai memiliki dampak ekonomi yang bersifat tidak langsung, terbatas, serta berisiko menimbulkan distorsi pada ekosistem usaha lokal.
Menteri Koordinator Pemberdayaan Masyarakat Muhaimin Iskandar menyatakan bahwa program tersebut menjadi salah satu intervensi yang paling berpengaruh dalam upaya menurunkan angka kemiskinan ekstrem secara nasional. Penurunan tersebut merujuk pada data kemiskinan ekstrem yang tercatat sebesar 1,26 persen pada Maret 2024 menjadi 0,78 persen pada September 2025.
""Yang paling berdampak tentu program makan bergizi gratis,"" ujarnya usai rapat evaluasi pengentasan kemiskinan di Jakarta, Senin (27/4/2026).
Data pemerintah menunjukkan jumlah penduduk miskin ekstrem mengalami penyusutan dari 3,56 juta orang menjadi 2,2 juta orang dalam periode tersebut. Namun, dilansir dari Ekonomi, sejumlah pakar menilai klaim dampak langsung program MBG terhadap indikator kemiskinan tidak sepenuhnya akurat secara metodologis.
Direktur Center of Economic and Law Studies (CELIOS) Nailul Huda memberikan pandangan berbeda terkait pencatatan statistik kemiskinan yang berbasis pada pengeluaran rumah tangga. Menurut penjelasannya, program ini lebih merupakan belanja negara dibandingkan peningkatan daya beli langsung masyarakat.
""Makan bergizi gratis itu tidak masuk dalam pengeluaran rumah tangga karena yang membayar negara,"" ujarnya kepada Bisnis, Selasa (28/4/2026).
Huda juga menyoroti bahwa sasaran program bersifat umum bagi pelajar dan ibu hamil, sehingga tidak secara spesifik menyasar penduduk dalam kategori miskin ekstrem. Ia menegaskan bahwa kelompok tersebut lebih membutuhkan dukungan finansial langsung untuk kebutuhan dasar.
""Program ini diberikan ke anak sekolah, balita, ibu hamil, bukan spesifik ke orang miskin ekstrem,"" katanya.
Kapasitas ekonomi masyarakat miskin ekstrem dinilai tidak akan meningkat secara signifikan hanya melalui pemberian makanan tanpa adanya stimulus modal. Dukungan berupa uang tunai dianggap lebih relevan untuk kelompok rentan tersebut.
""Orang miskin ekstrem butuh cash transfer, bukan makanan,"" ujarnya.
Kesenjangan alokasi nilai ekonomi antara penerima manfaat dan pengelola program juga menjadi poin kritik dalam distribusi anggaran program ini. Huda membandingkan nilai bantuan harian yang diterima individu dengan potensi pendapatan pemilik dapur pengelola.
""Penerima bantuan hanya Rp10.000 per hari, pemilik dapur bisa Rp6 juta per bulan. Timpang,"" katanya.
Kekhawatiran serupa disampaikan oleh pengamat kebijakan publik Agus Pambagio mengenai potensi dampak negatif terhadap pelaku usaha mikro di lingkungan sekolah. Pengalihan konsumsi ke sistem distribusi terpusat dikhawatirkan mematikan pendapatan pedagang pasar tradisional.
""Pedagang di pasar pelanggannya turun karena semua ke MBG. Yang untung supplier besar,"" ujarnya.
Agus menilai desain program saat ini belum sepenuhnya mengintegrasikan kekuatan ekosistem ekonomi lokal yang sudah ada sebelumnya. Hal ini berdampak langsung pada hilangnya mata pencaharian bagi pengelola kantin sekolah yang tidak terlibat dalam skema program.
""Yang kaya supplier-nya, bukan pedagang. Yang ngelola kantin sekarang menganggur,"" katanya.
Ia berpendapat bahwa solusi jangka panjang untuk kemiskinan tetap harus berfokus pada pembukaan lapangan kerja yang luas bagi masyarakat. Kemandirian ekonomi melalui pekerjaan formal dinilai lebih stabil dalam menjamin kecukupan pangan keluarga.
""Orang dengan pekerjaan bisa hidup dan kasih makan keluarganya,"" katanya.
Kajian dari Institute for Development of Economics and Finance (Indef) memperkuat indikasi bahwa dampak makroekonomi program MBG baru akan terasa secara bertahap dalam waktu lama. Simulasi menunjukkan peningkatan produktivitas tenaga kerja baru mulai terlihat antara dua hingga enam tahun mendatang.
Produktivitas melalui sektor kesehatan diprediksi meningkat 0,2 persen dalam dua tahun, sementara melalui pendidikan meningkat 0,5 persen dalam enam tahun. Dampak terhadap produk domestik bruto diperkirakan hanya mencapai puncaknya pada level 0,15 hingga 0,17 persen pada awal tahun 2040-an.
Indef mencatat kenaikan konsumsi justru lebih banyak dinikmati oleh kelompok menengah ke atas, dengan porsi tertinggi pada kelompok satu persen terkaya. Lembaga tersebut menyimpulkan bahwa MBG merupakan investasi modal manusia jangka panjang daripada penggerak pertumbuhan ekonomi instan.
""Dampak makroekonomi positif, tetapi kecil dan transisional,"" demikian hasil kajian tersebut.",Babel Insight
Badan Gizi Nasional,Bilamana SPPG Tak Dapat Insentif Rp 6 Juta per Hari? - Kompas.com,"Thu, 30 Apr 2026 01:54:00 GMT",Kompas.com,https://nasional.kompas.com,https://news.google.com/rss/articles/CBMiswFBVV95cUxPWW5tV285R3doT3E3YVJVQ3dYb0kwYWNWcDh2ZDhkZlgzSE1SbGpiSVljaEo1TlJMSlpwcEFabWFweUNVaU8zeUhuYWFmMmNpbFBWZVB2NFFyV2JLdWRJdjMwU0JaWl9sV2cwWHZvcE1SSkp1aWdYb2pKMWJvSUtuZlRqYl9zUF9fY2VaX0prWXp6VjUtZE5YUnpEbmlneGpFRkxNZmdxbUpINmNsbnh6aFkxZw?oc=5,https://nasional.kompas.com/read/2026/04/30/08544411/bilamana-sppg-tak-dapat-insentif-rp-6-juta-per-hari?page=all,"Bilamana SPPG Tak Dapat Insentif Rp 6 Juta per Hari?
Tim Redaksi
JAKARTA, KOMPAS.com- Kebijakan Badan Gizi Nasional (BGN) terkait insentif untuk Satuan Pelayanan Pemenuhan Gizi (SPPG) atau dapur Makan Bergizi Gratis, menuai sorotan publik.
Dalam Keputusan Kepala BGN Nomor 401.1 Tahun 2025 tentang Petunjuk Teknis (Juknis) Tata Kelola Penyelenggaraan Program MBG Tahun Anggaran 2026, insentif fasilitasSPPGditetapkan Rp 6 juta per hari.
Penerimanya dalah mitra penyedia fasilitas SPPG. Mitra adalah perorangan atau badan hukum yang menyediakan fasilitas untuk MBG, bisa berupa kolaborasi antara yayasan dengan perorangan atau badan hukum.
Baca juga:Kepala BGN Sarankan Kampus Punya Minimal Satu SPPG
Juknis menyebut, insentif Rp 6 juta diberikan per hari yakni selama enam hari dalam sepekan, atau 12 hari dalam 2 minggu.
""Berlaku untuk periode 2 (dua) tahun sejak SPPG mulai beroperasi, selanjutnya akan dilakukan evaluasi,"" tertulis isi Juknis itu.
Namun, baru-baru ini BGN mengungkapkan bahwa mereka tetap memberikan insentif kepada 1.720 SPPG yang masih ditutup sementara akibat persoalan sanitasi.
Kepala BGN Dadan Hindayana mengatakan, insentif tersebut diberikan karena SPPG yang ditutup tetap memiliki sejumlah kewajiban yang harus dipenuhi.
""Untuk yang (ditutup) sementara itu tetap diberi (insentif). Karena dia harus mengurus yang lain-lain,"" ujar Dadan, di Makassar, dikutip dari Kompas.com, Selasa (28/4/2026).
Menurut dia, dana tersebut digunakan untuk mendukung berbagai kebutuhan, seperti pelatihan karyawan serta pemenuhan standar operasional yang ditetapkan pemerintah sebelum dapur kembali beroperasi.
Sebagian besar SPPG tersebut ditutup sementara lantaran belum memiliki sistem instalasi pengolahan air limbah (IPAS), serta belum mengantongi Sertifikat Laik Higiene Sanitasi (SLHS).
Adapun, penutupan akan dicabut setelah seluruh persyaratan tersebut terpenuhi.
""Jadi ini IPAL-nya sudah ada. Saya sudah ceklist. Ada yang tidak daftar SLHS belum. Begitu daftar SLHS-nya langsung dibuka. Nah, ini yang ini sudah daftar,"" kata Dadan.
Dadan mengatakan, insentif Rp 6 juta dinilai jauh lebih efisien dibandingkan jika MBG harus membuat semua fasilitas SPPG dari awal atau dari nol.
""Biaya yang diberikan jauh lebih efisien bila BGN membangun sendiri semua fasilitas dan infrastrukturnya,"" kata Dadan, saat dikonfirmasi Kompas.com, Rabu (18/2/2026).
Ia melanjutkan, pemberian insentif harian itu juga sebagai bentuk penghargaan negara kepada semua pihak yang ikut kontribusi dalam percepatan pelaksanaan MBG.
""Insentif dasar diberikan sebagai bentuk penghargaan negara kepada semua pihak yang telah berkontribusi terhadap percepatan pembangunan SPPG yang telah dilakukan,"" ungkap dia.
Dadan menyatakan, aspek kecepatan waktu serta ketersediaan fasilitas SPPG adalah hal krusial dalam percepatan program MBG.
Dengan pertimbangan aspek kecepatan itu, pemerintah memberikan insentif.
Dadan mengatakan, status pemberian insentif kepada SPPG ditentukan berdasarkan penyebab dan tingkat pelanggaran yang terjadi.
Oleh karena itu, dapur MBG tetap bisa mendapatkan masih dapat menerima insentif meski berstatus suspend atau disetop sementara operasionalnya.
""Jika KLB terjadi akibat kesalahan teknis di tingkat pelaksana dapur, misalnya tidak menjalankan standar operasional prosedur (SOP) seperti proses memasak yang terlalu cepat, maka SPPG masih dapat menerima insentif meskipun berstatus suspend,"" kata Dadan, dalam keterangan pers, Rabu (29/4/2026).
Baca juga:Anggota DPR Pertanyakan SPPG Ditutup Masih Dapat Insentif
Dalam hal ini, kata Dadan, kesalahan dinilai bersifat operasional dan masih dapat diperbaiki tanpa indikasi pelanggaran sistemik.
Lain halnya apabila kasus KLB terjadi akibat kelalaian mitra atau yayasan, seperti fasilitas dapur yang tidak layak atau tidak memenuhi standar.
""Maka, SPPG tersebut tidak berhak mendapatkan insentif,"" tegas Dadan.
Hal serupa berlaku jika insiden keamanan pangan dipicu oleh bahan baku yang tidak segar atau kesalahan dari mitra sebagai penyedia bahan baku.
""Termasuk jika ada praktik tidak sehat seperti monopoli supplier atau permainan harga, itu jelas tidak dapat insentif,"" tutur dia.
Insentif juga tidak akan dibayarkan apabila SPPG diberhentikan secara permanen atau mengalami penghentian sementara akibat tidak terpenuhinya kondisi standby readiness.
""Contohnya adalah ketika terjadi renovasi besar atau perbaikan mayor yang membuat SPPG tidak dapat menjalankan fungsinya secara normal,"" ujar Dadan.
Wakil Ketua Komisi IX DPR RI Charles Honoris mempertanyakan kebijakan BGN tetap memberikan insentif kepada SPPG yang ditutup sementara itu bukan hanya mengherankan, tetapi juga bermasalah dari segi moral dalam penggunaan anggaran negara.
Charles mengingatkan, kebijakan pemberian insentif terhadap SPPG yang ditutup sementara, berpotensi mengakibatkan pemborosan anggaran dalam jumlah besar apabila tetap dilaksanakan.
Baca juga:Kepala Bappisus Sebut 1.700 SPPG Kurangi Porsi MBG, Ayam Dipotong 20 Bagian
""Dana itu seharusnya bisa digunakan untuk program pendidikan atau meningkatkan kesejahteraan tenaga kesehatan di garda terdepan, bukan malah dibuang percuma untuk membayar unit yang sedang disanksi,"" kata dia.
Politikus PDI-P itu menilai, kebijakan tersebut bertentangan dengan narasi efisiensi anggaran yang selama ini digaungkan pemerintah.
Di satu sisi, kata Charles, pemerintah mendorong penghematan di berbagai sektor, namun di sisi lain tetap mengucurkan anggaran untuk unit yang tidak beroperasi.
""Uang negara justru dihamburkan secara brutal untuk membiayai unit-unit yang sedang tidak beroperasi karena melakukan pelanggaran,"" imbuh Charles.
Tekno
BrandzView
News
Properti
News
News
BrandzView
News
Regional
Regional
Regional
Regional
News
News
Copyright 2008 - 2026 PT. Kompas Cyber Media (Kompas Gramedia Digital Group). All Rights Reserved.",Kompas Cyber Media
Badan Gizi Nasional,BGN Nabire: Pendidikan dan gizi dua hal yang tak terpisahkan - ANTARA News Papua Tengah,"Sat, 02 May 2026 12:03:46 GMT",ANTARA News Papua Tengah,https://papuatengah.antaranews.com,https://news.google.com/rss/articles/CBMiqwFBVV95cUxPU1FONnNCbEpnTHF3aEhfNmN3WWhOdVFlZXRlQ1JBVm5pSTdkc3M4emlHUkZhRGRVOEJPYkpQU3ZzWGE4aVp5UWQ1VzdVbnZLWWRTeEd5eVFiZzF5alppdEw3YUc0NGhnYUpXZGRXaXhoemQ1U3RlOFpsalJLdlVzaFZwUFVncjRlR05raTFrNzk0bWdldEhKUWFrZmdwcWtuZGZYSkxxVW8xaFHSAbABQVVfeXFMTjFadnNRY0xjOGNZX1FvT1pMQ1JKZU90aVNXcHl0UUw0M1NONXk4UDlZMDJEZlh2RWZaVG9JZmJTTE5aY3h3R0VhVGtmaEhkTkliMEY0dVZqeEVXcWdGU0FmTHpHVGZ3SzN6Vzk1VzN0eDRKNVNlOTJiMDB4RHM3M211Zk1mMWkzeHZiVXB4NFJHNXhWWDVlTnRTdE1Qc0NUZG5pclFlRHgyMnVkSFhzVzY?oc=5,https://papuatengah.antaranews.com/berita/82380/bgn-nabire-pendidikan-dan-gizi-dua-hal-yang-tak-terpisahkan,"Nabire (ANTARA) - Badan Gizi Nasional (BGN) Kabupaten Nabire menyatakan pemenuhan gizi dan proses pendidikan merupakan dua aspek yang saling berkaitan dalam membentuk sumber daya manusia (SDM) unggul di Papua.Koordinator Wilayah BGN Nabire Marsel Asyerem di Nabire, Sabtu, mengatakan peringatan Hari Pendidikan Nasional (Hardiknas) 2026 semestinya menjadi momentum refleksi untuk memperkuat fondasi pembangunan manusia sejak usia sekolah.“Kualitas pembelajaran tidak bisa dilepaskan dari kesiapan fisik peserta didik. Guru membentuk pola pikir, tetapi asupan bergizi membentuk daya pikir. Keduanya saling melengkapi,” ujarnya.Menurut dia, upaya menyiapkan generasi emas Papua harus diawali dari pembenahan pola konsumsi anak di lingkungan pendidikan.Karena itu, pihaknya mendorong penguatan literasi gizi agar sekolah tidak hanya menjadi ruang transfer ilmu, tetapi juga pusat pembiasaan hidup sehat.Ia menjelaskan, pemahaman mengenai makanan bergizi perlu ditanamkan sejak dini agar siswa menyadari pentingnya nutrisi bagi pertumbuhan dan kemampuan kognitif.“Anak yang terpenuhi kebutuhan gizinya memiliki konsentrasi lebih baik, lebih aktif, dan lebih siap meraih prestasi,” katanya.Selain edukasi, BGN Nabire memperluas jangkauan layanan melalui program Makan Bergizi Gratis (MBG) guna memastikan akses pangan sehat menjangkau wilayah pesisir hingga pegunungan.Marsel menekankan tidak boleh ada anak di Kabupaten Nabire yang mengalami hambatan belajar akibat kekurangan asupan makanan karena faktor ekonomi maupun geografis.“Jangan sampai mereka tidak optimal mengikuti pelajaran karena lapar atau kondisi tubuh yang tidak prima,” tegasnya.Ia menambahkan, keberhasilan peningkatan kualitas SDM tidak dapat dicapai secara parsial, melainkan membutuhkan kolaborasi pemerintah daerah, tenaga pendidik, serta orang tua.Melalui sinergi lintas sektor, Marsel berharap literasi gizi menjadi budaya baru di satuan pendidikan sehingga pembangunan manusia menuju Indonesia Emas 2045 dapat diwujudkan dari wilayah timur tanah air itu.
Pewarta: Ali Nur IchsanEditor  : Evarianus SuparCOPYRIGHT © ANTARA 2026",ANTARA News Agency
Badan Gizi Nasional,Respons UI dan UNJ soal Usulan SPPG di Kampus - Gaya Hidup - Bloomberg Technoz,"Fri, 01 May 2026 02:48:47 GMT",Bloomberg Technoz,https://www.bloombergtechnoz.com,https://news.google.com/rss/articles/CBMioAFBVV95cUxQVjRNT181YmlDb0taV1phNnd1TjFvcWJWTmdwZXZjSUxyalhVbWlmWUlHZDRyWFU3Z2RDcFhkbFhGX3NqaFdNeEk2WGt2bE5OX0ZlZXYxS3NkcGFjYzJwWTl2TUIyZXNreTRLWXdVUHQyVEMtVDlZUzdrb21wMExyTGNHYTdmMkwxbWZYTmk3ZnZBc3U1dXhocDFfQXF3ZHFV?oc=5,https://www.bloombergtechnoz.com/detail-news/107734/respons-ui-dan-unj-soal-usulan-sppg-di-kampus/2,"Sementara itu, Universitas Negeri Jakarta juga belum mengambil langkah konkret. Wakil Rektor UNJ Bidang Kerja Sama dan Bisnis, Andy Hadiyanto, menyampaikan bahwa pihaknya masih menunggu arahan dari forum pihak kampus.
""Terkait dengan SPPG kampus, UNJ belum membuat tim atau persiapan khusus. UNJ hanya menunggu instruksi dari forum PTNBH terkait keikutsertaan dalam pembuatan SPPG,""tambahnya.
Di sisi lain, Kepala Kantor Humas dan Informasi Publik UNJ, Syaifudin, menjelaskan bahwa UNJ telah memulai kajian awal terkait program MBG.
Ia menyebut kampus saat ini masih berada pada tahap awal dan belum masuk ke tahap operasional karena masih menunggu pedoman teknis dari pemerintah.
Ia menambahkan bahwa kajian yang dilakukan mencakup berbagai aspek, mulai dari kesiapan kelembagaan hingga potensi risiko implementasi di lingkungan perguruan tinggi, sebagai bentuk kehati-hatian dalam mengambil kebijakan.
""Hingga saat ini, UNJ belum mengambil langkah operasional karena masih menunggu arahan resmi dan pedoman teknis dari Kemdiktisaintek. Sikap ini mencerminkan kehati-hatian UNJ dalam memastikan bahwa setiap kebijakan yang diadopsi selaras dengan regulasi nasional, kebutuhan akademik, serta prinsip tata kelola perguruan tinggi yang baik dan berkelanjutan di masa depan,"" katanya.
Sebelumnya, Kepala Badan Gizi Nasional (BGN), Dadan Hindayana, menekankan bahwa perguruan tinggi memiliki peran strategis dalam mendukung keberhasilan program MBG dan didorong untuk membangun SPPG secara mandiri.
“Saya kira kampus perlu memahami ini, karena peluang ini besar. Minimal punya satu SPPG dulu, dan kalau bisa pasokannya berasal dari civitas akademika sendiri,” ujar Dadan dalam Forum U25 Perguruan Tinggi Negeri Badan Hukum (PTN-BH) di Makassar, Selasa (28/4).
(dec)",
Satuan Pelayanan Pemenuhan Gizi,HAK JAWAB: KLARIFIKASI RESMI SATUAN PELAYANAN PEMENUHAN GIZI (SPPG) NEGLASARI TERKAIT PEMBERITAAN “DUGAAN PELANGGARAN PROSEDUR PENGOLAHAN LIMBAH” - investigasi bhayangkara indonesia,"Sat, 02 May 2026 17:44:24 GMT",investigasi bhayangkara indonesia,https://investigasibhayangkara.com,https://news.google.com/rss/articles/CBMihwJBVV95cUxQS1UyaEY0M1dsX1hBbThjbTdiTUZZaTA1ekVBeE9CdGF5R0NaMHRkNENvRURpNlhvOUh6LXQ2d1V2S1FZQWcxRXItOXBoWnJiSXRZMTJyOU83OGRvdy1USEhRd1FuOFcySjlJQ2EyREQ3SVYtLUtXd3lXSFFvbGVBSFdfbGlLZnhiSWpad21TRWtfS1h6STVkeDVQX28tV1U0S0tTQlMwUXllSTl5M2I2dTJpSGlTT2JpN1pLVVFuRFVMY09fbUp2ZTdHRmhIRV9odkMwMjdXWWRialpKaW8zUERnV2gzR2xFaGxaSFhMdHh0WnI1dVQ2dE4wWUlpeG1nNXVBMjJLSQ?oc=5,https://investigasibhayangkara.com/hak-jawab-klarifikasi-resmi-satuan-pelayanan-pemenuhan-gizi-sppg-neglasari-terkait-pemberitaan-dugaan-pelanggaran-prosedur-pengolahan-limbah/,Sepertinya tidak ada yang ditemukan di lokasi ini. Mungkin coba salah satu tautan di bawah ini atau cari?,
Satuan Pelayanan Pemenuhan Gizi,BGN Dorong Perguruan Tinggi Kelola Satuan Pelayanan Pemenuhan Gizi - Babel Insight,"Thu, 30 Apr 2026 05:12:15 GMT",Babel Insight,https://www.babelinsight.id,https://news.google.com/rss/articles/CBMiaEFVX3lxTE5oRkF1dnlLRjRlZWhOeU1udEZWUnVhbjB4T3lSOTgwYkpRYjVrTklrTWhPV3pZbFZ5VEZPYnNqbjd2cnpOOXVtZnJKS0xRU2lFSTdrZ1RnY0Q0SWtoNUNkZ2RxVHl1RTA2?oc=5,https://www.babelinsight.id/bgn-dorong-kampus-kelola-sppg,"Kepala Badan GiziNasional(BGN) Dadan Hindayana mendorong keterlibatan perguruan tinggi secara aktif dalam pelaksanaan program Makan Bergizi Gratis (MBG) melalui pembentukan Satuan Pelayanan Pemenuhan Gizi (SPPG) di lingkungan kampus pada Rabu (29/4/2026).
Langkah ini dinilai sebagai peluang strategis bagi sivitas akademika untuk berkontribusi langsung pada keberhasilan program nasional tersebut. Dilansir dari Kompas, keterlibatan institusipendidikantinggi diharapkan mampu memperkuat rantai pasok kebutuhan gizi masyarakat.
""Saya kira kampus perlu memahami ini, karena ini peluang besar. Minimal punya satu SPPG dulu, dan kalau bisa pasokannya berasal dari sivitas akademika sendiri,"" kata Dadan Hindayana, Kepala Badan Gizi Nasional.
Dadan menjelaskan bahwa SPPG yang dikelola secara mandiri oleh perguruan tinggi dapat berfungsi ganda sebagai pusat pembelajaran praktis bagi mahasiswa. Unit ini tidak hanya berperan sebagai dapur penyedia makanan, tetapi juga menjadi simpul ekonomi yang memerlukan dukungan produksipanganskala besar.
Penyediaan satu unit SPPG membutuhkan lahan pertanian yang luas, termasuk delapan hektare sawah untuk suplai beras. Selain itu, diperlukan lahan jagung seluas 19 hektare guna memenuhi kebutuhan pakan ternak dalam rantai produksi tersebut.
Sektor peternakan juga memegang peranan krusial, di mana satu unit SPPG memerlukan setidaknya 4.000 ekor ayam petelur demi menjamin ketersediaan protein hewani bagi peserta program.
""Kalau ingin telurnya dipasok sendiri, maka harus ada sekitar 3.700 sampai 4.000 ayam petelur untuk satu SPPG,"" kata Dadan Hindayana dikutip Antara.
Pengembangan SPPG di lingkungan kampus membuka kesempatan bagi mahasiswa untuk terjun langsung dalam manajemen distribusi pangan, pertanian, hingga peternakan. Dadan menegaskan bahwa kehadiran unit ini akan menjadi laboratorium hidup bagi pengembangan riset dan teknologi pengolahan pangan di tanah air.",Babel Insight
Satuan Pelayanan Pemenuhan Gizi,Badan Gizi Nasional Tegaskan Undangan Bimtek Pengelolaan SPPG 2026 Adalah Dokumen Palsu - InvestorTrust,"Fri, 01 May 2026 16:52:52 GMT",InvestorTrust,https://investortrust.id,https://news.google.com/rss/articles/CBMixwFBVV95cUxQaFV2N3ZsazU4R1JiTVZkenZPdE5MM0M0TGZUcXBGYW0ydm0zUWZjSkVYZEtFeHl5OHd4M1ZNOVllSmloTGRmRGVWeGtTQjA5azlIamJmLUhraDJJQlBQbDFJRXY0WkdGQWJLWmswVF9YQ3ZTYWRQQjJhdWRtXzZWZVNMbUFUY2M4SFFpTUJ3bjVYQnZjOFo3R3pXV0Z5NHVjUFhzbkExTWJQU28tX0NrdTVkQXVOcEVJelRmSW43Z3d4MUFTVDVz?oc=5,https://investortrust.id/national/102025/badan-gizi-nasional-tegaskan-undangan-bimtek-pengelolaan-sppg-2026-adalah-dokumen-palsu,"JAKARTA, Investortrust.id— Badan Gizi Nasional (BGN) secara resmi memberikan klarifikasi terkait beredarnya dokumen undangan kegiatan bimbingan teknis (bimtek) pengelolaan Satuan Pelayanan Pemenuhan Gizi (SPPG) nasional tahun 2026 yang mencatut nama institusi serta Sekretaris Utama BGN.
Dalam keterangan resmi yang diterbitkan di Jakarta pada Jumat (1/5/2026), BGN menyatakan bahwa surat tersebut sama sekali tidak benar dan bukan merupakan dokumen resmi negara. Berdasarkan hasil penelusuran internal, dokumen tersebut tidak pernah diterbitkan oleh Sekretariat Utama maupun unit kerja mana pun di lingkungan BGN, sehingga segala bentuk kegiatan yang mengatasnamakan undangan tersebut berada di luar tanggung jawab lembaga.
Menyikapi temuan ini, Biro Hukum dan Humas BGN mengeluarkan peringatan keras guna mencegah terjadinya penipuan terhadap masyarakat maupun pemangku kepentingan.
""BGN mengimbau kepada seluruh pihak untuk meningkatkan kewaspadaan terhadap potensi penyalahgunaan nama instansi pemerintah. Masyarakat dan pemangku kepentingan diharapkan tidak menindaklanjuti undangan dimaksud serta lebih cermat dalam memverifikasi keabsahan dokumen yang beredar,"" bunyi imbauan resmi tersebut sebagaimana dikutipAntara.
Bappisus Tegaskan Anggaran Motor Listrik BGN Sudah Terukur, Bantah Kritik Publik
Sebagai langkah antisipatif, BGN mengingatkan agar setiap informasi atau undangan yang mengatasnamakan lembaga selalu dikonfirmasi terlebih dahulu melalui kanal komunikasi resmi guna menghindari potensi kerugian material maupun immaterial.
Guna menjaga integritas Program Makan Bergizi Gratis (MBG), BGN menyediakan layanan pengaduan bagi masyarakat yang mendapati informasi mencurigakan melaluicall center127 yang dikenal sebagai Sentra Aduan Gizi Interaktif (SAGI).
Kanal ini disiapkan untuk melayani kritik, saran, maupun aduan demi perbaikan tata kelola program di masa depan.
Sebelumnya, sebuah surat palsu beredar luas yang mengundang pengelola SPPG dan mitra untuk menghadiri acara di Balai Sudirman, Jakarta, pada Senin, 4 Mei 2026 mendatang. BGN kembali menegaskan bahwa surat tersebut adalah murni tindakan penipuan dan meminta masyarakat untuk sepenuhnya mengabaikan informasi menyesatkan tersebut.","Editor |Fajar WidhiyantoSABTU, 2 MEI 2026, 07.37 WIB"
Satuan Pelayanan Pemenuhan Gizi,"Anggaran MBG Hanya Rp8.000–10.000 per Porsi, Dapur Berusaha Sajikan Menu Terbaik - RRI.co.id","Sun, 03 May 2026 07:15:01 GMT",RRI.co.id,https://rri.co.id,https://news.google.com/rss/articles/CBMivwFBVV95cUxPQkxseU5RQkJaVG1YWFY0bWVoNU16ZlNZWkppUHBab2dDal9zbkJmekxQa0Y5R3lSbzNqSjV1RnZyZUMyajZ4R2s5UzBoZEJ2QVNXdjRBaVZCYXkyTW5Tbl9OQU4waUF4MFpaY0ZRMGwxUUxHai1YX05XSlJPSWRUckh3bVhoTk1GU19tRmlfYmstdWdKZU5IclBXdVMwUFYyeUNPS2g2U1BmTWgtVUZWdlpkcjdZRmo1eEF6RXBDRQ?oc=5,https://rri.co.id/takengon/asta-cita/2385299/anggaran-mbg-hanya-rp8000-10000-per-porsi-dapur-berusaha-sajikan-menu-terbaik,"RRI.CO.ID, Takengon – Fakta mengejutkan terungkap dalam program siaran RRI Takengon, Sabtu, 2 Mei 2026. Anggaran bahan baku Program Makan Bergizi Gratis (MBG) per orang ternyata hanya berkisar Rp8.000 hingga Rp10.000. Meski terbatas, dapur MBG tetap dituntut menghadirkan makanan yang sehat, bergizi, dan disukai siswa.
Hal ini disampaikan Kepala Satuan Pelayanan Pemenuhan Gizi (SPPG) Pinangan, Ilham Firmanda, S.AP. Ia meluruskan anggapan masyarakat yang selama ini mengira anggaran MBG mencapai Rp15.000 per porsi.
“Rp15.000 itu bukan semuanya untuk makanan. Ada Rp2.000 untuk sewa dapur dan Rp3.000 untuk operasional. Jadi bahan baku murninya memang Rp8.000 sampai Rp10.000,” jelasnya.
Meski dengan anggaran minim, Ilham menegaskan kebutuhan gizi tetap terpenuhi karena menu dirancang langsung oleh ahli gizi. Tim dapur bekerja sama dengan bagian keuangan untuk menyesuaikan komposisi makanan berdasarkan kebutuhan nutrisi, bukan sekadar harga bahan.
Proses penyajian MBG pun tidak sederhana. Bahan makanan dibeli setiap hari demi menjaga kesegaran. Setelah melewati proses pengecekan kualitas, tim dapur mulai memasak sejak tengah malam.
“Jam 12 malam sudah mulai masak, subuh mulai packing, pagi langsung didistribusikan ke sekolah,” ungkap Ilham.
Setiap tahap diawasi ketat, termasuk pengecekan suhu makanan sebelum dikemas. Bahkan, satu dapur bisa melayani lebih dari 2.000 penerima manfaat dari berbagai jenjang pendidikan.
Di sisi lain, tantangan besar juga dihadapi, mulai dari harga bahan pangan yang fluktuatif hingga ketersediaan barang di pasar yang tidak menentu.
“Kalau bahan utama tidak tersedia, kami harus cepat mencari alternatif. Jadi harus selalu ada rencana cadangan,” katanya.
Selain itu, kondisi infrastruktur dan distribusi di Aceh Tengah turut memengaruhi kelancaran program. Namun demikian, dapur MBG tetap berupaya maksimal agar makanan yang disajikan tetap berkualitas.
Menariknya, sisa makanan siswa juga menjadi bahan evaluasi bagi tim dapur. Dari situ, mereka menilai tingkat kesukaan anak terhadap menu yang disajikan.
Ke depan, pihak SPPG berharap adanya penyesuaian anggaran seiring kenaikan harga bahan pokok, agar kualitas layanan tetap terjaga.
Program MBG pun diharapkan tidak hanya dipahami sebagai bantuan makanan, tetapi sebagai upaya serius pemerintah dalam memenuhi kebutuhan gizi masyarakat, khususnya anak-anak, meski dengan keterbatasan anggaran.
Memuat rekomendasi berita...",Nur Hasanah
SPPG,IPB Siap Bangun SPPG di Bogor Guna Dukung Program Makan Bergizi Gratis - MetroTVNews.com,"Sat, 02 May 2026 20:28:23 GMT",MetroTVNews.com,https://www.metrotvnews.com,https://news.google.com/rss/articles/CBMisgFBVV95cUxQMW0tbnJ0a3ExRDhMQmZGY1V5bnk3MjhUUE5ZMWZZNUJCZ0JXZHNyczlJUUtKcVhuWUh1d3dqRVFXQzZvSkFaanpCMTJ4Y1hxekg1a2tieXJrbzFTN2RwVWJEUGZIa19OaWIwVHJXNmppbV9EN1B5amRlZUN6Qi1GQjI0SG1tdFNkSEdaUERsRjQ4UnpEdlhkMm02U3J0bFREblZod0x4RzBpMEtZQUZjT2hn?oc=5,https://www.metrotvnews.com/play/kpLCQ3mX-ipb-siap-bangun-sppg-di-bogor-guna-dukung-program-makan-bergizi-gratis,"Nasional
ADVERTISEMENT
3 May 2026 03:28
SHARE NOW
Institut Pertanian Bogor(IPB) menyambut baik kolaborasi dengan Badan Gizi Nasional untuk membangun dapur programMakan Bergizi Gratis(MBG) di lingkungan kampus. Sebagai langkah konkret, IPB tengah menyiapkan pembangunan dua titikSatuan Pelayanan Pangan Bergizi(SPPG) yang akan berlokasi di wilayah Bogor.ADVERTISEMENT""InsyaAllah Mei dan mungkin berikutnya di Juni,"" ujar Rektor IPB Alim Setiawan yang dikutip dari Headline News, Sabtu 2 Mei 2026.Alim Setiawan, menjelaskan bahwa fasilitas ini bukan sekadar operasional dapur. SPPG dirancang sebagai model integrasi ekosistem pangan dari hilir yang akan membawa dampak positif bagi ketahanan pangan lokal.
ADVERTISEMENT
ADVERTISEMENT
terkait
lainnya",Metro TV
SPPG,"MBG Menjangkau Pelosok, SPPG Banjarmasin Lakukan Terobosan Distribusi - RRI.co.id","Sat, 02 May 2026 08:49:00 GMT",RRI.co.id,https://rri.co.id,https://news.google.com/rss/articles/CBMiuAFBVV95cUxNNUw1UXBtb0c2MklfWHpQOVgtT1ZrTkFURE8xUDdDTnpnX3lmdFVqTUpHbXFWa0RWb0kyZlFqRkRySmhCYm5MOXowbVBrQzR4TUE3ZjB6OHZtSGJSa1hIQzItdkIzRk1pWktBQXk4bzRrUkxUR3d6TEFjTWJUbUVLbDFiZmpjQ2lZajU2cnZxLTZBaDRwXzc3N0VWNGNzSENWOFFHUDdENHZlT28zSlVRRjJuNGxldFpz?oc=5,https://rri.co.id/banjarmasin/berita-video/42592/mbg-menjangkau-pelosok-sppg-banjarmasin-lakukan-terobosan-distribusi,"RRI.CO.ID, Banjarmasin – Tantangan geografis tidak menyurutkan langkah Satuan Pelayanan Pemenuhan Gizi (SPPG) di Kota Banjarmasin dalam menyalurkan program Makan Bergizi Gratis (MBG) bagi para siswa. Petugas di lapangan terus berinovasi agar distribusi tetap menjangkau seluruh wilayah, termasuk daerah sulit akses.
Koordinator Wilayah SPPG Banjarmasin, Ahmad Cahyadi, menyebut berbagai modifikasi dilakukan pada kendaraan operasional agar mampu menembus jalur sempit maupun medan ekstrem. Selain itu, transportasi air seperti jukung dan perahu motor juga dimanfaatkan untuk menjangkau sekolah di bantaran sungai.
Inovasi serupa diterapkan di wilayah SPPG Sungai Bilu, Banjarmasin Timur. Distribusi ratusan paket makanan dilakukan menggunakan gerobak modifikasi untuk menjangkau sekolah yang berada di dalam gang sempit.
Kepala SPPG Sungai Bilu, Ahmad Rizki, menjelaskan langkah tersebut dilakukan agar paket makanan tetap sampai ke siswa di Madrasah Ibtidaiyah Khadijah. Menurutnya, kondisi akses yang terbatas tidak menjadi penghalang dalam menjalankan program.
Upaya ini sejalan dengan kebijakan Badan Gizi Nasional yang menerapkan pendekatan afirmasi bagi wilayah sulit. Melalui pedoman teknis MBG 2026, pemerintah memastikan program dijalankan secara adaptif sesuai kondisi geografis masing-masing daerah.
Memuat rekomendasi berita...",Muhammad Luqmanul
SPPG,Respons IPB soal Usulan Bangun SPPG MBG di Kampus - Bloomberg Technoz,"Fri, 01 May 2026 11:10:00 GMT",Bloomberg Technoz,https://www.bloombergtechnoz.com,https://news.google.com/rss/articles/CBMiowFBVV95cUxNUEd6Q0psWGdteE5ZcENsODJ0b0JqNVJVR2NuWUZaYmNNMURSdWhHbEN3SFNoYm1kNjdBMVVzeEktQTNHbG52Qm14VzdRVzJHcmlpTVRNdkFRY0JjYklKR2swcnlHUTZMV0JuT3YzSjdNOENXdU0zSFNfM0hLa29SNWZnWVZsX3U2bzdJaHREWjZWUEhrdWpVU0tUWk4wZFFDLS1n?oc=5,https://www.bloombergtechnoz.com/detail-news/107774/respons-ipb-soal-usulan-bangun-sppg-mbg-di-kampus,"Bloomberg Technoz, Jakarta- Institut Pertanian Bogor (IPB) merespons usulan Kepala Badan Gizi Nasional (BGN) Dadan Hindayana agar lingkungan kampus membangun Satuan Pelayanan Pemenuhan Gizi (SPPG) secara mandiri. Selain untuk mendukung Program Makan Bergizi Gratis (MBG), hal itu sekaligus guna menjadi pusat pembelajaran berbasis praktik.
Menanggapi hal itu, Rektor IPB Alim Setiawan Slamet menilai keterlibatan perguruan tinggi memiliki dasar strategis karena dapat menempatkan kampus sebagai penyedia solusi berbasis pengetahuan.
Alim menyebut, keterlibatan kampus dalam pembangunan SPPG memiliki rasionalitas yang kuat. Ia menilai, “Keterlibatan kampus dalam pembangunan SPPG untuk program MBG memiliki rasional strategis karena menempatkan kampus sebagaiknowledge-based solution provider,"" katanya dalam keterangan kepada Bloomberg Technoz, Jumat (1/5).
Menurut dia, program MBG menyasar isu-isu fundamental seperti gizi, pendidikan, dan kualitas sumber daya manusia. Karena itu, pendekatan berbasis sains menjadi kunci.
“Program ini menyasar isu fundamental seperti gizi, pendidikan, dan kualitas SDM, sehingga perlu dijalankan berbasis sains. Kampus memastikan desain, implementasi, hingga evaluasi dilakukan secara terukur dan berbasis data,” ujarnya.",
Perpres Nomor 83 Tahun 2024,"Sejarah Badan Gizi Nasional (BGN): Dibentuk Jokowi, Dibesarkan Prabowo - National Geographic Indonesia","Sun, 19 Apr 2026 07:00:00 GMT",National Geographic Indonesia,https://nationalgeographic.grid.id,https://news.google.com/rss/articles/CBMitwFBVV95cUxNcUQxVFVJXzd0M1BxeHhkSGpwNmxhdl9zTXdLUjF1ZGExV2dMMFZJTXBLUDJQbElqWkFDbkgzQlVPS1Z4UkR6OHpMdU1YUkdvbERDaldqSVVYcUFNUDFDaWE5S05XTEdNUkV0SVhJOXBTWjFGSUNuRGhOS3ltak9aWWJkcmJJS1dsYUtwS1UtSUVJMXRDUDFCWllUZnZGb1o4YnhtRzlrRE9wbjA1QmN6TjVnOGlkLU3SAbYBQVVfeXFMT0J1eklYYnlwOGNRYTA1SUtMWW9oMVNkMTQ1QTM0NWJ1MklvaEUwY1pNSDFMV2xJRzY0ZXo1dmxmbEpPR2l0ZTdFRzIxcEVPWXJyUmRXZU5ocVhmYjZQQ2JOWTNHZ2hadjNLeXJhUVlUWnBqcE5fSDBaNFNoYXBnOW5hTEVKNTA2YlhyVk5uU0RwTS1CRXlWeDZOWFlNUm1CeE1RV2FDdEwtV2F0b1BEWUdySmNsZmc?oc=5,https://nationalgeographic.grid.id/read/134372162/sejarah-badan-gizi-nasional-bgn-dibentuk-jokowi-dibesarkan-prabowo,"Baca berita tanpa iklan.Gabung National Geographic+
Minggu, 19 April 2026 | 14:00 WIB
Utomo Priyambodo
Utomo Priyambodo
Reporter
Kepala Badan Gizi Nasional (BGN), Dadan Hindayana.
Nationalgeographic.co.id—Badan Gizi Nasional (BGN), lembaga yang saat ini mengurus program Makan Bergizi Gratis (MBG), dibentuk oleh Joko Widodo atau Jokowi pada hari-hari terakhir masa kekuasaannya. Lembaga ini berada di bawah dan bertanggung jawab langsung kepada Presiden.
Dikutip dari lamanSekretariat Kabinet Republik Indonesia, BGN dibentuk berdasarkan Peraturan Presiden Republik Indonesia (Perpres) Nomor 83 Tahun 2024. Perpres ini ditetapkan, diundangkan, dan berlaku sejak 15 Agustus 2024.Penetapan Perpres tersebut terjadi hanya sekitar dua bulan sebelum Jokowi resmi lengser dari jabatannya sebagai Presiden Republik Indonesia, yaitu pada 20 Oktober 2025. Itu adalah hari ketika Prabowo dilantik sebagai presiden baru yang terpilih.
Selain membentuk BGN, Jokowi adalah orang yang juga memilih dan melantik Dadan Hindayana sebagai kepala BGN. Jokowi melantik Dadan Hindayana sebagai Kepala Badan Gizi Nasional pada Senin, 19 Agustus 2024, di Istana Negara Jakarta.
Alasan Jokowi Bentuk BGN
Dadan Hindayana pernah mengungkapkan alasan Jokowi membentuk BGN. Ia menjelaskan bahwa BGN pada dasarnya dibentuk guna mendukung program Presiden Terpilih Prabowo Subianto. Sebab, Prabowo memang memiliki program populis yaitu Makan Bergizi Gratis.
“Jadi gini, Badan Gizi Nasional ini kan sebetulnya dibentuk untuk melaksanakan program prioritasnya Pak Presiden Terpilih,” kata Dadan usai dilantik menjadi Kepala Badan Gizi di Istana Negara Jakarta, seperti dikutip dari lamanDewan Pertimbangan Presiden Republik Indonesia.
Dadan juga menjelaskan alasan BGN justru dibentuk di era Jokowi alih-alih setelah Prabowo menjabat. Dosen Institut Pertanian Bogor (IPB) program studi S2 Entomologi itu mengatakan alasan pembentukan itu itu berkaitan dengan siklus anggaran.
Pasalnya, anggaran untuk BGN harus segera masuk nota keuangan 2025. Dengan segera dibentuk, BGN bisa langsung bekerja pada Januari 2025.
“Sehingga Perpres ini harus dibentuk di era Pak Jokowi. Dan saya kira ini adalah satu bagian dari keberlanjutan pemerintahan,” jelas Dadan.
Berdasarkan isi Pasal 5 ayat 1 Perpres 83 Tahun 2024 tentang Badan Gizi Nasional, sasaran pemenuhan gizi yang menjadi tugas dan fungsi BGN diberikan kepada peserta didik pada jenjang pendidikan anak usia dini, pendidikan dasar, dan pendidikan menengah di lingkungan pendidikan umum, pendidikan kejuruan, pendidikan keagamaan, pendidikan khusus, pendidikan layanan khusus, dan pendidikan pesantren.
Selain itu, pemenuhan gizi juga akan diberikan untuk anak usia di bawah lima tahun, ibu hamil, dan ibu menyusui.
Sebanyak 20 siswa SDN 12 Benua Kayong, Kabupaten Ketapang, Kalimantan Barat, mengalami gejala keracunan usai menyantap menu makan siang program Makan Bergizi Gratis (MBG) pada Selasa (23/9/2025).
Sains & Alam
Sejarah & Budaya
Sejarah & Budaya
Sains & Alam
Arkeologi & Paleontologi",Utomo Priyambodo
Perpres Nomor 83 Tahun 2024,Dashboard Makan Bergizi Gratis - DJPb Kemenkeu,"Wed, 13 Aug 2025 07:00:00 GMT",DJPb Kemenkeu,https://djpb.kemenkeu.go.id,https://news.google.com/rss/articles/CBMixAFBVV95cUxPT0c3NDk3R0dWZVpDdHg4bGxWdk0tdk9OM09ndDZzd2hJTmgwSjNsd1plc19HbkEtbUM3NTJxVHprUGtVdnNqQUNuZU91dmd5YnIwS2JBS3ZfMktwMHZOd3VHUFRhSzNPSzdBc2xVc0FRaDh2WFFrNDNKQkpoNTJDTzZiT01td2N5cXVvRDM4RGx3aUw2SjNzekRVTVp3dklPNWsySDVLY3hsZjRhNk5UWm1VXzVyTkN4Mk9WX3ZXd2JtTGZF?oc=5,https://djpb.kemenkeu.go.id/kanwil/banten/id/informasi-publik/inovasi/9-uncategorised/3066-dashboard-makan-bergizi-gratis.html,"Dasar Hukum
Peraturan Presiden (Perpres) Nomor 83 Tahun 2024​
Peraturan Badan Gizi Nasional Nomor 6 Tahun 2024
Kab/Kota yangadaSPPG​ :8​JumlahSPPG: 741JumlahSupplier​ :1291​Penerima Manfaat​ :2.134.335​​​
Analisis Perkembangan Implementasi Program
Isu Strategis​
Rekomendasi​
Dasar Hukum
Peraturan Presiden (Perpres) Nomor 83 Tahun 2024​
Peraturan Badan Gizi Nasional Nomor 6 Tahun 2024
Kab/Kota yangadaSPPG​ :8​JumlahSPPG: 741JumlahSupplier​ :1291​Penerima Manfaat​ :2.134.335​​​
Analisis Perkembangan Implementasi Program
Isu Strategis​
Rekomendasi​
Dasar Hukum
Peraturan Presiden (Perpres) Nomor 83 Tahun 2024​
Peraturan Badan Gizi Nasional Nomor 6 Tahun 2024
Kab/Kota yangadaSPPG​ :8​JumlahSPPG: 741JumlahSupplier​ :1291​Penerima Manfaat​ :2.134.335​​​
Analisis Perkembangan Implementasi Program
Isu Strategis​
Rekomendasi​
Dasar Hukum
Peraturan Presiden (Perpres) Nomor 83 Tahun 2024​
Peraturan Badan Gizi Nasional Nomor 6 Tahun 2024
Kab/Kota yangadaSPPG​ :8​JumlahSPPG: 741JumlahSupplier​ :1291​Penerima Manfaat​ :2.134.335​​​
Analisis Perkembangan Implementasi Program
Isu Strategis​
Rekomendasi​
Dasar Hukum
Peraturan Presiden (Perpres) Nomor 83 Tahun 2024​
Peraturan Badan Gizi Nasional Nomor 6 Tahun 2024
Kab/Kota yangadaSPPG​ :8​JumlahSPPG: 741JumlahSupplier​ :1291​Penerima Manfaat​ :2.134.335​​​
Analisis Perkembangan Implementasi Program
Isu Strategis​
Rekomendasi​
Dasar Hukum
Peraturan Presiden (Perpres) Nomor 83 Tahun 2024​
Peraturan Badan Gizi Nasional Nomor 6 Tahun 2024
Kab/Kota yangadaSPPG​ :8​JumlahSPPG: 649JumlahSupplier​ :1103​Penerima Manfaat​ :1.735.031​​​
Analisis Perkembangan Implementasi Program
Isu Strategis​
Rekomendasi​
Dasar Hukum
Peraturan Presiden (Perpres) Nomor 83 Tahun 2024​
Peraturan Badan Gizi Nasional Nomor 6 Tahun 2024
Kab/Kota yangadaSPPG​ :8​JumlahSPPG: 649JumlahSupplier​ :1103​Penerima Manfaat​ :1.735.031​​​
Analisis Perkembangan Implementasi Program
Isu Strategis​
Rekomendasi​
Dasar Hukum
Peraturan Presiden (Perpres) Nomor 83 Tahun 2024​
Peraturan Badan Gizi Nasional Nomor 6 Tahun 2024
Kab/Kota yangadaSPPG​ :8​JumlahSPPG: 640JumlahSupplier​ :1073​Penerima Manfaat​ :1.734.489​​​
Analisis Perkembangan Implementasi Program
Isu Strategis​
Rekomendasi​
Dasar Hukum
Peraturan Presiden (Perpres) Nomor 83 Tahun 2024​
Peraturan Badan Gizi Nasional Nomor 6 Tahun 2024
Kab/Kota yangadaSPPG​ :8​JumlahSPPG: 593JumlahSupplier​ :1024​Penerima Manfaat​ :1.665.726​​​
Analisis Perkembangan Implementasi Program
Isu Strategis​
Rekomendasi​
Dasar Hukum
Peraturan Presiden (Perpres) Nomor 83 Tahun 2024​
Peraturan Badan Gizi Nasional Nomor 6 Tahun 2024
Kab/Kota yangadaSPPG​ :8​JumlahSPPG: 537JumlahSupplier​ :801​Penerima Manfaat​ :1.576.046​​​
Analisis Perkembangan Implementasi Program
Isu Strategis​
Rekomendasi​
Dasar Hukum
Peraturan Presiden (Perpres) Nomor 83 Tahun 2024​
Peraturan Badan Gizi Nasional Nomor 6 Tahun 2024
Kab/Kota yangadaSPPG​ :8​JumlahSPPG: 561JumlahSupplier​ :926​Penerima Manfaat​ :1.607.510​​​
Analisis Perkembangan Implementasi Program
Isu Strategis​
Rekomendasi​
Dasar Hukum
Peraturan Presiden (Perpres) Nomor 83 Tahun 2024​
Peraturan Badan Gizi Nasional Nomor 6 Tahun 2024
Kab/Kota yangadaSPPG​ :8​JumlahSPPG: 499JumlahSupplier​ :545​Penerima Manfaat​ :1.502.254​​
Analisis Perkembangan Implementasi Program
Isu Strategis​
Rekomendasi​
Dasar Hukum
Peraturan Presiden (Perpres) Nomor 83 Tahun 2024​
Peraturan Badan Gizi Nasional Nomor 6 Tahun 2024
Kab/Kota yangadaSPPG​ :8​JumlahSPPG: 499JumlahSupplier​ :545​Penerima Manfaat​ :1.502.254​​
Analisis Perkembangan Implementasi Program
Isu Strategis​
Rekomendasi​
Dasar Hukum
Peraturan Presiden (Perpres) Nomor 83 Tahun 2024​
Peraturan Badan Gizi Nasional Nomor 6 Tahun 2024
Kab/Kota yangadaSPPG​ :8​JumlahSPPG: 393JumlahSupplier​ :545​Penerima Manfaat​ :1.249.737​​
Analisis Perkembangan Implementasi Program
Isu Strategis​
Rekomendasi​
Dasar Hukum
Peraturan Presiden (Perpres) Nomor 83 Tahun 2024​
Peraturan Badan Gizi Nasional Nomor 6 Tahun 2024
Kab/Kota yangadaSPPG​ :8​JumlahSPPG: 393JumlahSupplier​ :545​Penerima Manfaat​ :1.249.737​​
Analisis Perkembangan Implementasi Program
Isu Strategis​
Rekomendasi​
Dasar Hukum
Peraturan Presiden (Perpres) Nomor 83 Tahun 2024​
Peraturan Badan Gizi Nasional Nomor 6 Tahun 2024
Kab/Kota yangadaSPPG​ :8​JumlahSPPG: 389JumlahSupplier​ :545​Penerima Manfaat​ :1.230.298​​
Analisis Perkembangan Implementasi Program
Isu Strategis​
Rekomendasi​
Dasar Hukum
Peraturan Presiden (Perpres) Nomor 83 Tahun 2024​
Peraturan Badan Gizi Nasional Nomor 6 Tahun 2024
Kab/Kota yangadaSPPG​ :8​JumlahSPPG: 358JumlahSupplier​ :523​Penerima Manfaat​ :1.079.275​​
Analisis Perkembangan Implementasi Program
Isu Strategis​
Rekomendasi​
Dasar Hukum
Peraturan Presiden (Perpres) Nomor 83 Tahun 2024​
Peraturan Badan Gizi Nasional Nomor 6 Tahun 2024
Kab/Kota yangadaSPPG​ :8​JumlahSPPG: 331JumlahSupplier​ :500​Penerima Manfaat​ :1.110.023​​
Analisis Perkembangan Implementasi Program
Isu Strategis​
Rekomendasi​
Dasar Hukum
Peraturan Presiden (Perpres) Nomor 83 Tahun 2024​
Peraturan Badan Gizi Nasional Nomor 6 Tahun 2024
Kab/Kota yangadaSPPG​ :8​JumlahSPPG: 304JumlahSupplier​ :478​Penerima Manfaat​ :1.049.736​​
Analisis Perkembangan Implementasi Program
Isu Strategis​
Rekomendasi​
Dasar Hukum
Peraturan Presiden (Perpres) Nomor 83 Tahun 2024​
Peraturan Badan Gizi Nasional Nomor 6 Tahun 2024
Kab/Kota yangadaSPPG​ :8​JumlahSPPG​ : 62JumlahSupplier​ :150​Penerima Manfaat​ :230.771​​
Analisis Perkembangan Implementasi Program
Isu Strategis​
Rekomendasi​
Dasar Hukum
Peraturan Presiden (Perpres) Nomor 83 Tahun 2024​
Peraturan Badan Gizi Nasional Nomor 6 Tahun 2024
Kab/Kota yangadaSPPG**​ :8​JumlahSPPG**​ : 257JumlahSupplier*​ :150​Penerima Manfaat**​ : 828.863*Data SINTESAtidakterupdate**Data DIALUR BGN​​
Analisis Perkembangan Implementasi Program
Isu Strategis​
Rekomendasi​
Dasar HukumPeraturanPresiden(Perpres)Nomor83Tahun2024
Kab/Kota yangadaSPPG​ :8​JumlahSPPG​ : 62JumlahSupplier​ :150​Penerima Manfaat​ :230.771​​
Analisis Perkembangan Implementasi Program
Isu Strategis​
Rekomendasi​
Dasar Hukum
Peraturan Presiden (Perpres) Nomor 83 Tahun 2024​
Peraturan Badan Gizi Nasional Nomor 6 Tahun 2024
Kab/Kota yangadaSPPG**​ :8​JumlahSPPG**​ : 257JumlahSupplier*​ :150​Penerima Manfaat**​ : 828.863*Data SINTESAtidakterupdate**Data DIALUR BGN​​
Analisis Perkembangan Implementasi Program
Isu Strategis​
Rekomendasi​
Dasar HukumPeraturanPresiden(Perpres)Nomor83Tahun2024
Target Awal​ (masih dinamis)​
Keberadaan Program​Program yangmulaidijalankansecaranasionalpada6Januari2025ini,serentakdilaksanakanjuga diProvinsiBanten padatanggalyangsama.​
Sumber dan Kinerja Pendapatan​APBN.​RealisasidariAPBNs.d1 Agustus 2025sebesarRp152,33miliar(Dit.PA,denganpendekatanlokasikepadaBGN)​
ManfaatPrograminitelahmenjangkau230.771penerimamanfaat(8%daritargetsebanyak2.908.059). Programinijugatelahmenyerap2.680tenagakerjasebagaipetugasSPPG.​
Koordinasi yang telah Dilakukan​
Perkembangan Implementasi Program
Isu Strategis​
Rekomendasi​
Dasar HukumPeraturanPresiden(Perpres)Nomor83Tahun2024
Kab/Kota yangadaSPPG​ :8​JumlahSPPG​ : 62JumlahSupplier​ :150​Penerima Manfaat​ :230.771​​
Analisis Perkembangan Implementasi Program
Isu Strategis​
Rekomendasi​
Dasar HukumPeraturanPresiden(Perpres)Nomor83Tahun2024
Kab/Kota yangadaSPPG​ :8​JumlahSPPG​ : 62JumlahSupplier​ :150​Penerima Manfaat​ :230.771​​
Analisis Perkembangan Implementasi Program
Isu Strategis​
Rekomendasi​",Redaksi Kanwil Banten
Perpres Nomor 83 Tahun 2024,Inilah Perpres 83 Tahun 2024 tentang Badan Gizi Nasional - Sekretariat Kabinet Republik Indonesia,"Mon, 19 Aug 2024 07:00:00 GMT",Sekretariat Kabinet Republik Indonesia,https://setkab.go.id,https://news.google.com/rss/articles/CBMihAFBVV95cUxPZWwyWE5tM1JYWDY0bm5jRHpzVUtWOWE0UjFGOFNuckdua01YTU80d0ZjWUVobUpETUtLMlpsYUlyRlY2bU1paElLTlVySDJIT3ZPWW9sdVVhYUNjOC1KeXA0VjVodV8wb0FzRE1Jd2psd2hzVjNITDZWUHhuN3BnVW1fWUI?oc=5,https://setkab.go.id/inilah-perpres-83-tahun-2024-tentang-badan-gizi-nasional/,"Presiden RI Joko Widodo (Jokowi) telah melantik Dadan Hindayana sebagai Kepala Badan Gizi Nasional, Senin (19/08/2024), di Istana Negara, Jakarta. Badan Gizi Nasional sendiri adalah sebuah lembaga pemerintah yang dibentuk berdasarkan Peraturan Presiden Republik Indonesia (Perpres) Tahun 83 Tahun 2024.
“Badan Gizi Nasional adalah lembaga pemerintah yang dibentuk oleh Presiden untuk melaksanakan tugas pemenuhan gizi nasional,” demikian disebutkan dalam Perpres yang dapat diakses di lamanJDIH Sekretariat Kabinetini.
Dalam menjalankan tugasnya melaksanakan pemenuhan gizi nasional, Badan Gizi Nasional menyelenggarakan tujuh fungsi.
Pertama, koordinasi, perumusan, dan penetapan kebijakan teknis di bidang sistem dan tata kelola, penyediaan dan penyaluran, promosi dan kerja sama, serta pemantauan dan pengawasan pemenuhan gizi nasional.
Kedua, koordinasi dan pelaksanaan kebijakan teknis di bidang sistem dan tata kelola, penyediaan dan penyaluran, promosi dan kerja sama, serta pemantauan dan pengawasan pemenuhan gizi nasional.
Ketiga, koordinasi pelaksanaan tugas, pembinaan, dan pemberian dukungan administrasi kepada seluruh unsur organisasi di lingkungan Badan Gizi Nasional.
Keempat, pengelolaan barang milik/kekayaan negara yang menjadi tanggung jawab Badan Gizi Nasional.
Kelima, pelaksanaan dukungan yang bersifat substantif kepada seluruh unsur organisasi di lingkungan Badan Gizi Nasional.
Keenam, pengawasan atas pelaksanaan tugas di lingkungan Badan Gizi Nasional.
Terakhir, pelaksanaan fungsi lain yang diberikan oleh Presiden.
Disebutkan pada Pasal 5 ayat 1, sasaran pemenuhan gizi yang menjadi tugas dan fungsi Badan Gizi Nasional diberikan kepada:– peserta didik pada jenjang pendidikan anak usia dini, pendidikan dasar, dan pendidikan menengah di lingkungan pendidikan umum, pendidikan kejuruan, pendidikan keagamaan, pendidikan khusus, pendidikan layanan khusus, dan pendidikan pesantren;– anak usia di bawah lima tahun;– ibu hamil; dan– ibu menyusui.
“Perubahan sasaran pemenuhan gizi sebagaimana dimaksud pada ayat (1) ditetapkan oleh Presiden,” bunyi Pasal 5 ayat 2.
Badan Gizi Nasional berada di bawah dan bertanggung jawab kepada Presiden. Adapun susunan organisasi Badan Gizi Nasional terdiri atas Dewan Pengarah dan Pelaksana. Dewan Pengarah terdiri atas Ketua, Wakil Ketua, dan Anggota. Sedangkan Pelaksana terdiri atas Kepala, Wakil Kepala, Sekretariat Utama, Deputi Bidang Sistem dan Tata Kelola, Deputi Bidang Penyediaan dan Penyaluran, Deputi Bidang Promosi dan Kerja Sama, Deputi Bidang Pemantauan dan Pengawasan, serta  Inspektorat Utama.
Dalam ketentuan peralihan pada Pasal 55 disebutkan, pada saat Perpres ini mulai berlaku, pelaksanaan tugas dan fungsi kerawanan gizi yang dilaksanakan oleh Deputi Bidang Kerawanan Pangan dan Gizi, Badan Pangan Nasional (Bapanas) sebagaimana diatur dalam Perpres Nomor 66 Tahun 2021 tentang Badan Pangan Nasional dialihkan menjadi tugas dan fungsi Badan Gizi Nasional.
“Pada saat Peraturan Presiden ini mulai berlaku, semua peraturan perundang-undangan yang merupakan peraturan pelaksanaan dari Peraturan Presiden Nomor 66 Tahun 2021 tentang Badan Pangan Nasional (Lembaran Negara Republik Indonesia Tahun 2021 Nomor 162), yang berkaitan dengan ketentuan mengenai tugas dan fungsi di bidang kerawanan gizi, dinyatakan masih tetap berlaku sepanjang tidak bertentangan dengan ketentuan dalam Peraturan Presiden ini,” bunyi Pasal 60.
Perpres 83/2024ini berlaku sejak diundangkan pada tanggal 15 Agustus 2024.(UN)",Humas
Perpres Nomor 83 Tahun 2024,Pengesahan Perpres MBG Tunggu Masukan Kementerian Kesehatan - Tempo.co,"Fri, 10 Oct 2025 07:00:00 GMT",Tempo.co,https://www.tempo.co,https://news.google.com/rss/articles/CBMinAFBVV95cUxOLVhxZXhXZkNuMXU5bm5VNjh4OUdnb2NnOFVPdVUwbXdYWVpsN1VSdEs5dzJSRGE5V3N3ZWdGMzdrajNxam9nbVIzX3NDejl4Z2QyS2JheTZ2WEhVVkF2R3lrMXczRUxvYWY0UkhlNldRTHptVUV1RHBfaUFES1RzMFpsN05aRjFVVVZrTTQ4V0plTHVhRDVYazdJN0k?oc=5,https://www.tempo.co/politik/pengesahan-perpres-mbg-tunggu-masukan-kementerian-kesehatan-2078324,"MENTERI Sekretaris Negara Prasetyo Hadi mengatakan telah menerima draf peraturan presiden (perpres) tentang Tata Kelola Makan Bergizi Gratis (MBG). Perpres itu belum disahkan oleh Presiden Prabowo Subianto karena isi dalam regulasi tersebut masih digodok dan dirancang. “Masih ada beberapa masukan terutama dari Kementerian Kesehatan,” kata Prasetyo saat ditemui di kawasan Menteng, Jakarta Selatan, pada Jumat, 10 Oktober 2025.
Politikus Partai Gerindra itu menuturkan, pemerintah masih mengatur bagaimana keterlibatan Kementerian Kesehatan dan Badan Pengawas Obat dan Makanan (BPOM) untuk pengelolaan MBG. Kedua lembaga itu diminta untuk turun tangan setelah ribuan siswa mengalami keracunan setelah menyantap menu di MBG. “Kami ingin Kementerian Kesehatan dan BPOM juga ikut terlibat memberikan pengawasan. Jadi keluarnya perpres itu tunggu sebentar, sabar,” ujar Prasetyo.
Scroll ke bawah untuk melanjutkan membaca
Baca berita dengan sedikit iklan,klik di sini
Jaringan Pemantau Pendidikan Indonesia atau JPPI mencatat jumlah korban keracunan MBG tembus menjadi 10.482 orang per Sabtu, 4 September 2025. Temuan itu lebih tinggi daripada yang dicatat oleh Badan Gizi Nasional (BGN) yakni sebanyak 6.517 orang keracunan  sejak proyek MBG diluncurkan pada Januari 2025 hingga 30 September 2025.
Makan bergizi gratis merupakan salah satu program unggulan Prabowo yang masuk daftar janji kampanyenya pada kontestasi pemilihan presiden 2024. Prabowo menargetkan program ini menjangkau 82,9 juta penerima manfaat yang terdiri atas anak sekolah, ibu hamil, ibu menyusui dan balita.
Sejak diluncurkan pada Januari 2025, MBG sebetulnya belum memiliki payung hukum untuk penggunaan anggaran negara. Baik dalam undang-undang maupun peraturan presiden (perpres). Adapun pemerintah sejauh ini baru mengeluarkan Perpres Nomor 83 Tahun 2024 tentang Badan Gizi Nasional.
Prasetyo menjelaskan, kendati perpres khusus tata kelola MBG belum rampung, program ini tetap bisa berjalan mengacu Perpres Nomor 83 Tahun 2024 tentang Badan Gizi Nasional. “Bukan berarti saat ini tata kelola atau pelaksanaan MBG yang dilaksanakan oleh BGN itu tidak ada perpresnya,” ujar dia. Pemerintah, kata Prasetyo, berkomitmen ingin memperbaiki tata kelola MBG, sehingga program tersebut berjalan optimal.
Pilihan Editor:",
Perpres Nomor 83 Tahun 2024,Siapa Saja Penerima MBG? Ini 4 Kelompok Sasaran Sesuai Perpres Nomor 83 Tahun 2024 - KONTAN,"Mon, 29 Sep 2025 07:00:00 GMT",KONTAN,https://regional.kontan.co.id,https://news.google.com/rss/articles/CBMitwFBVV95cUxNQlBqdmZyOXBqaEpIcjlqS0xseVU1YkkyUFZodERHWGlVcXh1TUdPTjJiLUhGc3dtSkxEb2V2aW5ndW1faDBiaFVyQVlCbzQ4UjhIUlhjQ0dDa1paQ3BrTU9Ra1FlVkRpbEJSd0dHQXQyNTdLUzJ5RG1sdFVnQnVrVWJrb0c3SXFxaldBMG8xSTdKajBZOHdLanNvTExjeUhBb2dLNnN3dUlLeFlRbmJ6bW1Ta2tZTXM?oc=5,https://regional.kontan.co.id/news/siapa-saja-penerima-mbg-ini-4-kelompok-sasaran-sesuai-perpres-nomor-83-tahun-2024,"ILUSTRASI. Pekerja mempersiapkan wadah makan bergizi gratis di dapu rumum Gedung Erbe Hall di Tangerang Selatan, Banten, Rabu (17/9/2025). Yayasan Restu Bunda Emi (YRBE) meresmikan Gedung Erbe Hall yang akan difungsikan sebagai pusat operasional dapur umum untuk mendukung penuh program Makan Bergizi Gratis. YRBE pertama kali mengoperasikan dapur MBG di wilayah Tangerang Selatan dengan melayani total 3.600 penerima manfaat yang terdiri dari siswa, balita, ibu hamil, dan ibu menyusui./KONTAN/Carolus Agus Waluy0.
KONTAN.CO.ID -Simak siapa saja sasaran Makan Bergizi Gratis pada Pemerintahan Presiden Prabowo. Program Makan Bergizi Gratis yang digagas pemerintah melalui Peraturan Presiden (Perpres) Nomor 83 Tahun 2024 tentang Badan Gizi Nasional.
Program ini menjadi salah satu terobosan besar dalam upaya peningkatan kualitas sumber daya manusia Indonesia. Tentu, masih ada pertanyaan, siapa saja sasaran dari program MBG dan menjadi penting?
Melansir dari lamanSetkab,Pemerintah ingin memastikan bahwa bantuan tersebut benar-benar tepat guna dan menyasar kelompok yang paling membutuhkan.
Sehingga, MBG tidak hanya untuk anak-anak sekolah, program ini juga ditujukan ke beberapa kelompok rentan lain.
Baca Juga:Prabowo Gelar Rapat di Kertanegara, Program MBG Jadi Fokus Utama
Berdasarkan Perpres Nomor 83 Tahun 2024 tentang Badan Gizi Nasional, sasaran dari MBG ini tidak hanya menyasar peserta didik.
Ada beberapa kelompok rentan lainnya yang membutuhkan dukungan gizi seimbang untuk menunjang tumbuh kembang dan kesehatan.
Ada empat kategori utama penerima manfaat, yaitu:
1. Peserta Didik dari PAUD hingga SMA baik Negeri dan Swasta
Anak-anak sekolah dari berbagai jenjang pendidikan, mulai PAUD, pendidikan dasar, menengah, hingga pesantren dan pendidikan khusus, menjadi fokus utama. Hal ini penting karena mereka berada dalam usia emas perkembangan fisik dan kecerdasan.
Baca Juga:Buntut Kasus Keracunan MBG, Pemerintah Bakal Tutup Sementara SPPG Bermasalah
2. Balita atau Anak Usia di Bawah Lima Tahun
Balita termasuk kelompok yang sangat rentan terhadap gizi buruk dan stunting. Dengan adanya program ini, mereka diharapkan bisa mendapatkan asupan makanan yang sehat dan bergizi untuk mendukung pertumbuhan optimal.
3. Ibu Hamil
Asupan gizi yang cukup bagi ibu hamil sangat penting, tidak hanya untuk kesehatan sang ibu tetapi juga untuk perkembangan janin. Dengan adanya makanan bergizi gratis, risiko bayi lahir dengan berat badan rendah atau mengalami masalah kesehatan bisa ditekan.
4. Ibu Menyusui
Ibu menyusui memerlukan tambahan gizi agar dapat menghasilkan ASI berkualitas bagi bayinya. Program ini menjadi bentuk dukungan nyata bagi ibu menyusui agar kebutuhan nutrisi mereka tetap tercukupi.
Baca Juga:Soal Keracunan MBG, Prabowo: Ini Masalah Besar, Jangan Sampai Dipolitisasi
Penyaluran Program Makan Bergizi Gratis sesuai amanat Perpres Nomor 83 Tahun 2024 tentang Badan Gizi Nasional dilakukan secara bertahap agar pelaksanaannya lebih terukur dan efektif.
Sesuai dengan arahan Presiden Prabowo, pada tahun 2025 program ini dijalankan sekitar 40%, kemudian meningkat menjadi 80% pada tahun 2028, hingga mencapai target 100% cakupan pada tahun 2029.
Mekanisme pembagian dilakukan dua kali dalam sehari, pagi dan siang, sesuai jadwal yang telah ditentukan di masing-masing daerah.
Demikian informasi terkait sasaran Makan Bergizi Gratis sesuai dengan Perpres Nomor 83 Tahun 2024 tentang Badan Gizi Nasional.
Tonton:Kepala BGN Lapor ke Prabowo, Ungkap Penyebab Keracunan MBG
Cek Berita dan Artikel yang lain diGoogle News",Grahanusa Mediatama
Perpres Nomor 115 Tahun 2025,BGN Tegaskan Kepala Daerah Bisa Rekomendasikan Penutupan Dapur MBG yang Langgar Aturan - Jurnal Patroli News,"Sat, 02 May 2026 15:46:03 GMT",Jurnal Patroli News,https://jurnalpatrolinews.co.id,https://news.google.com/rss/articles/CBMixwFBVV95cUxOOEllR3VEcUFSNG9Lemt2UVhEVDBwMlJyQm8ycGVvUlZNc0ZSTlB1d0l3Y2hrYW90LVZZSEtNRW1IMVFnbkhyTWc3UGNhYlVJdjY0aTVkX3BSZnNDdFlTZ3VId3dYOThOLUJ1aTNpaVNJU0pzbTlEWHdsdmwyZEJ4U280eU91TENNOEVoN3ZYRzl0elVNNVJiUGtjTE0yd2JRd0tpRzJrYVlGRjJITDdoMHZIUlpvMGlFQ2RwMEhXT3d0bFBIMFpn?oc=5,https://jurnalpatrolinews.co.id/nasional/bgn-tegaskan-kepala-daerah-bisa-rekomendasikan-penutupan-dapur-mbg-yang-langgar-aturan/,"JurnalPatroliNews– Semarang- Badan Gizi Nasional (BGN) meminta jajaran Kepala Daerah untuk terlibat aktif dalam mengawasi jalannya Program Makan Bergizi Gratis (MBG) di wilayah masing-masing.
Wakil Kepala BGN, Nanik Sudaryati Deyang, menegaskan bahwa para pimpinan daerah kini memiliki dasar hukum yang kuat untuk meninjau langsung operasional Satuan Pelayanan Pemenuhan Gizi (SPPG), termasuk memastikan menu yang disajikan sesuai dengan standar gizi dan anggaran.
Langkah pengawasan ini diperkuat dengan terbitnya Keputusan Presiden (Keppres) Nomor 28 Tahun 2025 tentang Tim Koordinasi 17 Kementerian dan Lembaga untuk Pelaksanaan Program MBG.
Dalam aturan tersebut, Kementerian Dalam Negeri merupakan salah satu anggota tim, sehingga Gubernur, Bupati, hingga Wali Kota memiliki peran sebagai komandan di daerah untuk mengarahkan dan mengawasi jalannya program.
Selain itu, Tata Kelola Program MBG juga telah diatur secara rinci dalam Peraturan Presiden (Perpres) Nomor 115 Tahun 2025.
Nanik menjelaskan bahwa keterlibatan Kepala Daerah, hingga tingkat Camat dan Lurah, sangat krusial mengingat terbatasnya personel Deputi Pemantauan dan Pengawasan (Tauwas) BGN yang hanya berjumlah 70 orang.
Dengan kewenangan ini, pimpinan daerah dapat mengecek kesesuaian bangunan dapur dengan juknis, kondisi lingkungan, hingga ketersediaan fasilitas penunjang seperti Instalasi Pembuangan Air Limbah (IPAL).
Sikap tegas ditunjukkan BGN terkait pelanggaran prosedur operasional. Nanik menyatakan bahwa Kepala Daerah berhak memberikan rekomendasi penutupan atau relokasi SPPG jika ditemukan kondisi dapur yang buruk, sering menimbulkan keresahan masyarakat, atau tidak memiliki sistem pengolahan limbah yang memadai.
Instruksi ini menjadi bagian dari upaya BGN dalam meningkatkan kualitas layanan dapur di tahun 2026.
Selain masalah teknis dapur, aspek ekonomi lokal menjadi poin utama dalam pengawasan. Berdasarkan Perpres 115 Tahun 2025, setiap SPPG wajib menyerap bahan pangan dari petani, peternak, nelayan, dan UMKM lokal di sekitar lokasi dapur.
Penyerapan bahan baku dari luar daerah hanya diperbolehkan jika ketersediaan di tingkat kabupaten/kota benar-benar kosong.
BGN mengancam akan melakukan penindakan langsung berupa pembekuan operasional (suspend) hingga penutupan permanen bagi SPPG yang terbukti menolak bahan pangan lokal.
Nanik menekankan bahwa Program MBG harus menjadi stimulus bagi pertumbuhan ekonomi daerah. Oleh karena itu, para Kepala Daerah diminta segera melaporkan setiap temuan pelanggaran agar tindakan disiplin dapat dilaksanakan secara cepat dan tepat.",
Perpres Nomor 115 Tahun 2025,pemerintah-perkuat-implementasi-program-makan-bergizi-gratis-di-jawa-tengah-melalui-target-nasional-82-9-juta-penerima-manfaat-percepatan-validasi-data-dan-standar-keamanan-pangan-jadi-prioritas - Kementerian Koordinator Bidang Pangan,"Wed, 04 Mar 2026 09:29:39 GMT",Kementerian Koordinator Bidang Pangan,https://www.kemenkopangan.go.id,https://news.google.com/rss/articles/CBMi3gJBVV95cUxPdUhucHJfSXh5SHYzeThBcUt1TGVJOEpPb2hBMWdTX0g5bl93YW54elc5amFCdXR2alJvNXJ5dXVPNUZVNjcxMUVxM1RLVTlxb3lGVWNld1NGYVZLR0luWDEtUWQzRVBWMkVzcFg5OUJYNHYzUk9PcXVwLWpSMkoyVnFYWndPV212TzNHY0xET2w3b0lyd2lXQTRBZUUtRFJINzg1bnlWa01mUTlJd2VCZVA2M0FkVEFpTWVDVVZkQXBGb1h2WEMtZWY0eG5zYlh3R3VYVUFlSFNiSUxHZDJDdmpYM01oVkx5bDk3Q2VyZjI1QlZ3QnQ5VkdKTnBJN04yLXVsRnphbmpNeW1nUXJSTFM2ZEE0TFF0Q3I4cU9lbXhCRHJNc3k5SUpESkxWYS1SZV9rcWN3R0R3QnFFSFBOSHlGc0lLaVoweGtuNEtReVluYkFLbnYyOEZETTNnUQ?oc=5,https://www.kemenkopangan.go.id/detail-artikel/pemerintah-perkuat-implementasi-program-makan-bergizi-gratis-di-jawa-tengah-melalui-target-nasional-82-9-juta-penerima-manfaat-percepatan-validasi-data-dan-standar-keamanan-pangan-jadi-prioritas,"03 Maret 2026
Semarang, 3 Maret 2026–
Menteri Koordinator Bidang Pangan memimpin Rapat Koordinasi Implementasi Perpres No. 115 Tahun 2025 tentang Tata Kelola Penyelenggaraan Program Makan Bergizi Gratis (MBG) di Provinsi Jawa Tengah. Rapat ini bertujuan mensosialisasikan kebijakan sekaligus mengevaluasi pelaksanaan program di daerah.
Hingga 27 Februari 2026, MBG telah berjalan di 38 provinsi dengan 61,2 juta penerima manfaat melalui 24.368 SPPG. Di Jawa Tengah, Program MBG menjangkau 9,29 juta penerima manfaat dengan 3.838 SPPG beroperasi.
Pelaksanaan MBG didukung 28 K/L sesuai Perpres No. 115 Tahun 2025 dan Keppres No. 28 Tahun 2025. BGN bertindak sebagai penyelenggara utama, didukung Tim Koordinasi yang ditetapkan melalui Kepmenko No. 78 Tahun 2025. Substansi penting mencakup pengawasan keamanan pangan, standar gizi, penanganan limbah, pemanfaatan pangan lokal, serta sistem pelaporan terpadu.
Pemda berperan strategis dalam penjaminan mutu, percepatan Sertifikat Laik Higiene Sanitasi (SLHS), dan stabilisasi pasokan pangan lokal. Capaian SLHS Jawa Tengah mencapai 35,03%, di atas rata-rata nasional 32%. Menko Pangan menginstruksikan evaluasi terhadap SPPG yang mengalami kejadian luar biasa (KLB) keracunan pangan.
MBG menggerakkan ekonomi lokal melalui keterlibatan UMKM, BUMDes, koperasi nelayan, dan peternak mandiri. Pasokan bahan pokok SPPG di Jawa Tengah mayoritas berasal dari Koperasi/BUMDes dan UMKM. Produksi unggulan meliputi telur ayam di Pati dan susu sapi perah di Boyolali.
Masih ditemukan ketidaksesuaian data penerima manfaat yang memerlukan validasi lanjutan oleh Pemda. Capaian layanan: siswa sekolah perlu percepatan hingga 100%, pesantren baru 7,7%, santri 3,24%, SPPG pesantren 12,13%. Capaian ibu hamil dan menyusui telah melampaui 50%, sementara balita non-PAUD 24,4%.
Program MBG tetap dilaksanakan selama Bulan Ramadhan serta masa libur dan cuti bersama. Untuk wilayah mayoritas berpuasa, diberikan paket makanan kemasan sehat. Sementara itu, sekolah mayoritas non-muslim tetap menjalankan program secara normal.
Kemenko Bidang Pangan akan membangun Command Center MBG untuk mendukung koordinasi dan pengawasan nasional.
Pemerintah berkomitmen memastikan MBG berjalan tepat sasaran, aman, berkualitas, dan berkelanjutan sebagai fondasi pembangunan generasi sehat menuju Indonesia Emas 2045.
Unduh Lampiran :Lampiran",Arivia Agustin
Perpres Nomor 115 Tahun 2025,"Kementerian Kependudukan dan Pembangunan Keluarga, Jangkau Ibu dan Anak di Wilayah Adat Baduy - VOI.ID","Sat, 02 May 2026 04:23:39 GMT",VOI.ID,https://voi.id,https://news.google.com/rss/articles/CBMiugFBVV95cUxOZEpQS2lKY0NLdEdfM1hqeFBXMTR2MVRlbWdRT2FvaGdHamFwckRTdTZzZXgyNVpRTkFfenFyeG5jTDBBcEtJdGdvSURmUnlyUW9FV0NHMDg5aUhJeWxQMDhOdE5pRWRXOHNBSUNLci1yVHVCdEVjX25HTDVnOVNGYU5mSDBta2V5YXR1WmdOU0VGbXNpQXl3TGtCamtEMnN4SGZKMTlPS2xCWWFNRktpMU9hTVU5WTBJd0HSAboBQVVfeXFMTmRKUEtpSmNDS3RHXzNYanhQVzE0djFUZW1nUU9hb2hnR2phcHJEU3U2c2V4MjVaUU5BX3pxcnhuY0wwQXBLSXRnb0lEZlJ5clFvRVdDRzA4OWlISXlsUDA4TnROaUVkVzhzQUlDS3ItclR1QnRFY19uR0w1ZzlTRmFOZkgwbWtleWF0dVpnTlNFRm1zaUF5d0xrQmprRDJzeEhmSjE5T0tsQllhTUZLaTFPYU1VOVkwSXdB?oc=5,https://voi.id/amp/573429/kementerian-kependudukan-dan-pembangunan-keluarga-jangkau-ibu-dan-anak-di-wilayah-adat-baduy,"JAKARTA - Pemerintah terus memperkuat komitmen untuk hadir di wilayah Terdepan, Terluar, dan Tertinggal (3T). Kali ini, melalui Kementerian Kependudukan dan Pembangunan Keluarga (Kemendukbangga)/BKKBN, negara memastikan program Makan Bergizi Gratis (MBG) 3B menjangkau masyarakat adat Baduy di Kabupaten Lebak, Banten.
Program ini difokuskan untuk menjamin pemenuhan gizi bagi tiga kelompok prioritas: Ibu hamil, Ibu menyusui, dan Balita (3B).
Negara Hadir Tanpa Terkecuali di Wilayah Adat
Menteri Kependudukan dan Pembangunan Keluarga/Kepala BKKBN, Dr. Wihaji, S.Ag., M.Pd., menegaskan bahwa ketiadaan sekolah formal di wilayah Baduy bukan menjadi alasan bagi negara untuk absen memberikan layanan kesehatan.
Hal tersebut disampaikan Wihaji dalam kegiatanSABA BUDAYAyang bertepatan dengan pemantauan program prioritas MBG 3B dan HUT Ikatan Bidan Indonesia (IBI) ke-75, Kamis (01/05/2026).
""Memang di Baduy tidak terdapat sekolah formal, namun di sana tetap ada ibu hamil, ibu menyusui, dan balita yang membutuhkan perhatian. Negara hadir untuk memastikan hak-hak dasar warga negara tetap terpenuhi,"" tegas Menteri Wihaji.
Baca juga:
Distribusi Tepat Sasaran Berdasarkan Perpres No. 115 Tahun 2025
Sesuai dengan Peraturan Presiden Nomor 115 Tahun 2025 Pasal 47, distribusi program MBG dilaksanakan melalui pendamping keluarga. Hal ini bertujuan agar bantuan langsung menyentuh sasaran yang paling membutuhkan di lapangan.
Berdasarkan data terkini di Desa Kanekes, sasaran penerima manfaat MBG 3B meliputi:
Data ini mencakup total 479 KK di Baduy Dalam dan 4.317 KK di Baduy Luar, yang menjadi dasar krusial dalam penyaluran bantuan gizi yang tepat sasaran.
Menghormati Kearifan Lokal Masyarakat Baduy
Dalam dialog langsung dengan tokoh adat, Menteri Wihaji mengungkapkan bahwa masyarakat Baduy sangat terbuka terhadap bantuan gizi ini, asalkan dilakukan dengan pendekatan yang menghormati aturan adat mereka.
""Kami akan berkoordinasi dengan Badan Gizi Nasional agar implementasi MBG tetap menghormati budaya masyarakat adat lokal,"" tambahnya.
Selain pembagian makanan bergizi, kegiatan ini juga memberikan layanan KB serentak dan edukasi kesehatan reproduksi bagi masyarakat Baduy Luar secara persuasif.
Dukungan Pemerintah Provinsi Banten
Wakil Gubernur Banten, Dimyati Natakusumah, turut memberikan apresiasi tinggi terhadap inisiatif ini. Menurutnya, prioritas pada kelompok 3B adalah langkah strategis untuk meningkatkan kualitas kesehatan ibu dan anak di Banten.
""Ini program yang sangat baik. Prioritas utama MBG memang seharusnya pada kelompok ibu hamil, menyusui, dan balita,"" ujar Dimyati.
Melalui pendekatan yang adaptif dan menghormati tradisi, program MBG 3B diharapkan mampu menekan angkastuntingdan meningkatkan status gizi masyarakat hingga ke pelosok terdalam Indonesia.
Tag:bkkbnbaduimbgwihaji",
