title,label,link
Andi Gani: Yang Teriak MBG Tak Bermanfaat Depan Prabowo Buruh Lajang - CNN Indonesia,netral,https://www.cnnindonesia.com/nasional/20260504203904-20-1355054/andi-gani-yang-teriak-mbg-tak-bermanfaat-depan-prabowo-buruh-lajang
"Konsolidasi Bersama Badan Gizi Nasional dan Gubernur Jambi, Perkukuh Komitmen Dukung Program MBG - Polri",positif,https://mediahub.polri.go.id/in/image/detail/455550-konsolidasi-bersama-badan-gizi-nasional-dan-gubernur-jambi-perkukuh-komitmen-dukung-program-mbg
Mengapa Dapur MBG Bisa Beroperasi Tanpa Memenuhi SOP - Tempo.co,negatif,https://www.tempo.co/politik/limbah-dapur-mbg-sppg-2133643
"Cerita Sony Sonjaya, Program Makan Bergizi Gratis Dibangun Tanpa Kontrak, Modal Kepercayaan - JPNN.com",positif,https://jabar.jpnn.com/jabar-terkini/30913/cerita-sony-sonjaya-program-makan-bergizi-gratis-dibangun-tanpa-kontrak-modal-kepercayaan
Sejarah Makan Bergizi Gratis dan Awal Pendirian BGN: Berawal dari Tim Kecil Jadi Program Nasional - Tribuncirebon.com,positif,https://cirebon.tribunnews.com/news/182124/sejarah-makan-bergizi-gratis-dan-awal-pendirian-bgn-berawal-dari-tim-kecil-jadi-program-nasional
Sony Sanjaya Memaparkan Sejarah Makan Bergizi Gratis dan Pendirian Badan Gizi Nasional - Media Indonesia,positif,https://mediaindonesia.com/jabar/berita/886539/sony-sanjaya-memaparkan-sejarah-makan-bergizi-gratis-dan-pendirian-badan-gizi-nasional
"Viral Siswa SMP di Deli Serdang Buang MBG ke Jalan, Diduga Basi dan Tak Layak Makan - Liputan6.com",negatif,https://www.liputan6.com/regional/read/6327490/viral-siswa-smp-di-deli-serdang-buang-mbg-ke-jalan-diduga-basi-dan-tak-layak-makan
"Viral Buruh Teriak Tidak Soal Makan Bergizi Gratis, Ini Penjelasan Lengkap KSPSI - Suara.com",netral,https://www.suara.com/news/2026/05/04/193108/viral-buruh-teriak-tidak-soal-makan-bergizi-gratis-ini-penjelasan-lengkap-kspsi
"Tembus Rp291,91 Miliar, Program Makan Bergizi Gratis Bengkulu Sudah Jangkau 330 Ribu Orang - betv.disway.id - BETV Disway",positif,https://betv.disway.id/provinsi-bengkulu/read/72958/tembus-rp29191-miliar-program-makan-bergizi-gratis-bengkulu-sudah-jangkau-330-ribu-orang
"SMSI, JMSI, dan AMSI Lampung bentuk Sekber kawal Program Makan Bergizi Gratis - ANTARA News Lampung",positif,https://lampung.antaranews.com/berita/822509/smsi-jmsi-dan-amsi-lampung-bentuk-sekber-kawal-program-makan-bergizi-gratis
Menuju Sekolah ASRI: Kemendikdasmen Integrasikan Makan Bergizi Gratis dengan Penguatan Karakter - Lombok Post,positif,https://lombokpost.jawapos.com/nasional/2605020045/menuju-school-asri-kemendikdasmen-integrasikan-makan-bergizi-gratis-dengan-penguatan-karakter
"Mahasiswa Sumut Gelar Aksi, Desak Evaluasi Program Makan Bergizi Gratis - AnalisaDaily.com",negatif,https://analisadaily.com/berita/baca/2026/05/04/1073582/mahasiswa-sumut-gelar-aksi-desak-evaluasi-program-makan-bergizi-gratis/
Ateng Sutisna Dorong Integrasi Kader Posyandu ke Program Makan Bergizi Gratis - Fraksi PKS,netral,https://fraksi.pks.id/2026/05/05/ateng-sutisna-dorong-integrasi-kader-posyandu-ke-program-makan-bergizi-gratis/
"Yuliansyah Cek Langsung Makan Bergizi Gratis, Pastikan Kualitas dan Gizi Terjaga - Gerindra",positif,https://gerindra.id/2026/05/04/yuliansyah-cek-langsung-makan-bergizi-gratis-pastikan-kualitas-dan-gizi-terjaga/
KSP Dudung Abdurachman Periksa Insentif Dapur Makan Bergizi Gratis - Babel Insight,negatif,https://www.babelinsight.id/dudung-periksa-insentif-makan-bergizi
Program Makan Bergizi Gratis Dorong Stabilitas Usaha Pedagang Lokal di Katingan - Portal Katingan,positif,https://portal.katingankab.go.id/berita/read/program-makan-bergizi-gratis-dorong-stabilitas-usaha-pedagang-lokal-di-katingan
Wali Kota Robinsar Resmikan 3 Dapur Makan Bergizi Gratis - Berita Cilegon,positif,https://berita.cilegon.go.id/baca/Wali-Kota-Robinsar-Resmikan-3-Dapur-Makan-Bergizi-Gratis/20260504/Mjg5NjUw
Warga Desa Mangun Sari Antusias Ikuti Sosialisasi Program Makan Bergizi Gratis - ZonaPasar.com,positif,https://zonapasar.com/warga-desa-mangun-sari-antusias-ikuti-sosialisasi-program-makan-bergizi-gratis-59951
Sinergi Intelijen Lintas Sektoral Perkuat Pelaksanaan PSN Makan Bergizi Gratis 2026 di Jawa Tengah - Kemenko Polkam R.I.,netral,https://polkam.go.id/sinergi-intelijen-lintas-sektoral-perkuat-pelaksanaan-psn-makan-bergizi-gratis-2026-di-jawa-tengah/
"Penyaluran Makan Bergizi Gratis di Batui Mandek, Ini Penyebabnya - Obor Motindok",negatif,https://www.obormotindok.co.id/penyaluran-makan-bergizi-gratis-di-batui-mandek-ini-penyebabnya/
Dudung Abdurachman Endus Potensi Korupsi Program Makan Bergizi Gratis - AsatuNews.co.id,negatif,https://www.asatunews.co.id/potensi-korupsi-makan-bergizi-gratis
"Polsek Cikijing Laksanakan Patroli SPPG, Pastikan Kelancaran Produksi Makanan Bergizi Gratis - Reformasi Aktual",positif,https://reformasiaktual.com/2026/05/05/polsek-cikijing-laksanakan-patroli-sppg-pastikan-kelancaran-produksi-makanan-bergizi-gratis/
Risiko Kampus Jadi 'Dapur Negara' dalam Program Makan Bergizi Gratis - jatimnow.com,negatif,https://jatimnow.com/baca-84245-risiko-kampus-jadi-dapur-negara-dalam-program-makan-bergizi-gratis
"Yuliansyah Tinjau Dapur Makan Bergizi Gratis di Pontianak, Pastikan Standar Mutu dan Sterilitas Terjaga - fraksi gerindra dpr-ri",positif,https://www.fraksigerindra.id/yuliansyah-tinjau-dapur-makan-bergizi-gratis-di-pontianak-pastikan-standar-mutu-dan-sterilitas-terjaga/
Bupati Gorontalo Ikuti Dialog Nasional Program Makan Bergizi Gratis di Semarang - Pemerintah Kabupaten Gorontalo,netral,https://gorontalokab.go.id/berita/1092/bupati-gorontalo-ikuti-dialog-nasional-program-makan-bergizi-gratis-di-semarang
KSP dan KPK Evaluasi Pencegahan Korupsi Program Makan Bergizi Gratis - Babel Insight,netral,https://www.babelinsight.id/ksp-kpk-evaluasi-korupsi-makan-bergizi
Presiden Jokowi Bakal Monitor Uji Coba Makan Bergizi Gratis di Kota Cilegon - Berita Cilegon,positif,https://berita.cilegon.go.id/baca/Presiden-Jokowi-Bakal-Monitor-Uji-Coba-Makan-Bergizi-Gratis-di-Kota-Cilegon/20260504/MTE1Ng%3D%3D
"Yuliansyah Kunjungi MIN Teladan 1 Pontianak, Pastikan Program Makan Bergizi Gratis Berjalan Tepat Sasaran - fraksi gerindra dpr-ri",positif,https://www.fraksigerindra.id/yuliansyah-kunjungi-min-teladan-1-pontianak-pastikan-program-makan-bergizi-gratis-berjalan-tepat-sasaran/
"Kisah di Balik Makan Bergizi Gratis: Dimulai dari 2 Personel dan Belasan Relawan, Kini Jadi Program Nasional - NewsTasikmalaya",positif,https://newstasikmalaya.com/kisah-di-balik-makan-bergizi-gratis-dimulai-dari-2-personel-dan-belasan-relawan-kini-jadi-program-nasional
BRIN: Limbah Pangan Program MBG Bisa Diolah Jadi Energi dan Pupuk - Niaga.Asia,netral,https://www.niaga.asia/brin-limbah-pangan-program-mbg-bisa-diolah-jadi-energi-dan-pupuk/
BRIN tekankan pengawasan maksimal di sejumlah poin krusial Program MBG - ANTARA News,netral,https://www.antaranews.com/berita/5554385/brin-tekankan-pengawasan-maksimal-di-sejumlah-poin-krusial-program-mbg?utm_source=antaranews&utm_medium=desktop&utm_campaign=editor_picks
"Heri Gunawan Monitoring Dapur MBG Sukabumi, Pastikan Proses Production hingga Distribusi Berjalan Optimal - fraksi gerindra dpr-ri",positif,https://www.fraksigerindra.id/heri-gunawan-monitoring-dapur-mbg-sukabumi-pastikan-proses-produksi-hingga-distribusi-berjalan-optimal/
MBG dan Matinya Logika - Kompas.id,positif,https://www.kompas.id/artikel/mbg-dan-matinya-logika
Kadin Sultra Hadirkan Sufana Sari Kedelai untuk Sukseskan Makan Bergizi Gratis - Pena Faktual,positif,https://penafaktual.com/kadin-sultra-hadirkan-sufana-sari-kedelai-untuk-sukseskan-makan-bergizi-gratis/
KSP Soroti Potensi Ketimpangan Program Makan Bergizi Gratis - AsatuNews.co.id,negatif,https://www.asatunews.co.id/ksp-kpk-cegah-korupsi-mbg
"KSP Dudung Ungkap Banyak Celah Korupsi di Program MBG, Soroti Jual Beli SPPG - InvestorTrust",negatif,https://investortrust.id/national/102301/ksp-dudung-ungkap-banyak-celah-korupsi-di-program-mbg-soroti-jual-beli-sppg
Akademisi Kudus Kritik Pelibatan Kampus di Dapur Makan Bergizi Gratis - Joglo Jateng,negatif,https://joglojateng.com/2026/05/05/akademisi-kudus-kritik-pelibatan-kampus-di-dapur-makan-bergizi-gratis/
KSPSI Bantah Kabar Buruh Tolak Program Makan Bergizi Gratis Prabowo - Babel Insight,netral,https://www.babelinsight.id/kspsi-bantah-buruh-tolak-program-mbg
MBG hingga Kopdes Kerek Pertumbuhan Sektor Peternakan-Konstruksi - Bloomberg Technoz,positif,https://www.bloombergtechnoz.com/detail-news/108023/mbg-hingga-kopdes-kerek-pertumbuhan-sektor-peternakan-konstruksi
"Launching Dapur MBG SPPG Cikitu and Maruyung, Dukung Program Makan Bergizi Gratis di Pacet - Katerciko -",positif,https://katerciko.com/launching-dapur-mbg-sppg-cikitu-dan-maruyung-dukung-program-makan-bergizi-gratis-di-pacet/
Momen Kejujuran di May Day 2026: Logika Komunikasi Kekuasaan - Babel Insight,negatif,https://www.babelinsight.id/prabowo-mayday-makan-bergizi-gratis
Arzeti Bilbina: Program Makan Bergizi Gratis Jadi Motor Penggerak Ekonomi Rakyat - Siaga Indonesia,positif,https://siagaindonesia.id/arzeti-bilbina-program-makan-bergizi-gratis-jadi-motor-penggerak-ekonomi-rakyat
Peternak Rakyat Minta Program Makan Bergizi Gratis Serap Telur - RRI.co.id,negatif,https://rri.co.id/surakarta/regional/2384790/peternak-rakyat-minta-program-makan-bergizi-gratis-serap-telur
Andi Gani Jelaskan Alasan Buruh Lajang Tolak Makan Bergizi Gratis - AsatuNews.co.id,netral,https://www.asatunews.co.id/andi-gani-jelaskan-buruh-lajang-tolak-mbg
APPMBGI Bangun Gudang Pangan dan Cold Storage demi Program Makan Bergizi Gratis - InvestorTrust,positif,https://investortrust.id/business/102005/appmbgi-bangun-gudang-pangan-dan-cold-storage-demi-program-makan-bergizi-gratis
DPR Apresiasi Aplikasi 'SIAP' yang Bisa Pantau MBG secara Real Time - MetroTVNews.com,positif,https://www.metrotvnews.com/play/KYVCeQXQ-dpr-apresiasi-aplikasi-siap-yang-bisa-pantau-mbg-secara-real-time
"Makan Bergizi Gratis (MBG) Bukan Sekadar Pangan, Tapi Strategi Ekonomi Rakyat - balitribune.co.id",positif,https://balitribune.co.id/content/makan-bergizi-gratis-mbg-bukan-sekadar-pangan-tapi-strategi-ekonomi-rakyat
Pakar Hukum: Program Makan Bergizi Gratis Sangat Konstitusional - RRI.co.id,positif,https://rri.co.id/manado/nasional/2385889/pakar-hukum-program-makan-bergizi-gratis-sangat-konstitusional
Sony Sonjaya Ungkap Perjuangan Awal Program Makan Bergizi Gratis - NOA.co.id,positif,https://www.noa.co.id/sony-sonjaya-ungkap-perjuangan-awal-program-makan-bergizi-gratis/
Peran Aktif Babinsa Serda Ronal Manalu dalam Pengawalan Distribusi 2.024 Porsi Makan Bergizi Gratis - SeribuParitNews.com,positif,https://seribuparitnews.com/detail/45367/peran-aktif-babinsa-serda-ronal-manalu-dalam-pengawalan-distribusi-2024-porsi-makan-bergizi-gratis
"BGN Bentuk Tim Khusus, Program Makan Bergizi Gratis Kini Lebih Selektif - Kompas.tv",netral,https://www.kompas.tv/nasional/664147/bgn-bentuk-tim-khusus-program-makan-bergizi-gratis-kini-lebih-selektif?page=all
IPB Siap Bangun SPPG di Bogor Guna Dukung Program Makan Bergizi Gratis - MetroTVNews.com,positif,https://www.metrotvnews.com/play/kpLCQ3mX-ipb-siap-bangun-sppg-di-bogor-guna-dukung-program-makan-bergizi-gratis
Guru Besar Untad Dukung Makan Bergizi Gratis Tingkatkan Kesetaraan - Koran Manado,positif,https://www.koranmanado.co.id/guru-besar-untad-makan-bergizi-gratis
"Sejarah Makan Bergizi Gratis dan Pendirian Badan Gizi Nasional (Oleh Irjen Pol (P) Sony Sonjaya, SIK)* - Kabar Priangan - Kabar Priangan",positif,https://kabarpriangan.pikiran-rakyat.com/nasional/pr-14810185002/sejarah-makan-bergizi-gratis-dan-pendirian-badan-gizi-nasional-oleh-irjen-pol-p-sony-sonjaya-sik?page=all
"Tolak MBG, Solidaritas Mahasiswa: Orang Papua Butuh Pendidikan Gratis - Suara Papua",negatif,https://suarapapua.com/2026/05/05/tolak-mbg-solidaritas-mahasiswa-orang-papua-butuh-pendidikan-gratis/
"Dudung Audiensi dengan KPK, Soroti Potensi Korupsi Program MBG - MetroTVNews.com",negatif,https://www.metrotvnews.com/read/KYVCeQpA-dudung-audiensi-dengan-kpk-soroti-potensi-korupsi-program-mbg
Babinsa Batu Putih Dampingi Program Makan Bergizi Gratis untuk Kelompok 3B - Gentra News,positif,https://gentra.co.id/2026/05/04/babinsa-batu-putih-dampingi-program-makan-bergizi-gratis-untuk-kelompok-3b/
"Tingkatkan Mutu Pendidikan, SPPG Polres Pulang Pisau 2 Sosialisasi Makan Bergizi Gratis - TargetNews.ID",positif,https://targetnews.id/2026/05/04/tingkatkan-mutu-pendidikan-sppg-polres-pulang-pisau-2-sosialisasi-makan-bergizi-gratis/
Mencurigai Program MBG Jadi Ladang Korupsi Baru - INAnews,negatif,https://www.inanews.co.id/2026/05/mencurigai-program-mbg-jadi-ladang-korupsi-baru/
"Kawal Program Makan Bergizi Gratis, Ombudsman Tinjau Langsung Dapur SPPG Laiyolo di Kepulauan Selayar - Ombudsman RI",positif,https://ombudsman.go.id/perwakilan/news/r/pwk--kawal-program-makan-bergizi-gratis-ombudsman-tinjau-langsung-dapur-sppg-laiyolo-di-kepulauan-selayar
Prabowo Minta Dudung Mengecek Dapur MBG Di-suspend tapi Dapat Insentif Rp 6 Juta/Hari - Kompas.com,negatif,https://nasional.kompas.com/read/2026/05/05/12441991/prabowo-minta-dudung-mengecek-dapur-mbg-di-suspend-tapi-dapat-insentif-rp-6
Unhas Jadi Percontohan Program Makan Bergizi Gratis di Kampus - Mediasulsel.com,positif,https://www.mediasulsel.com/unhas-jadi-percontohan-program-makan-bergizi-gratis-di-kampus/
"Polres Gresik Dukung Program Presiden, Kapolres Tinjau SPPG dan MBG di SLB Kemala Bhayangkari 2 - Sabdanews",positif,https://sabdanews.com/polres-gresik-dung-program-presiden-kapolres-tinjau-sppg-dan-mbg-di-slb-kemala-bhayangkari-2/
"Perbaikan Gizi Jadi Gerakan Bersama, Menuju Indonesia Emas 2045 - MetroTVNews.com",positif,https://www.metrotvnews.com/read/K5nCRAz6-perbaikan-gizi-jadi-gerakan-bersama-menuju-indonesia-emas-2045
P2G Soroti PHK Massal Guru akibat Pemangkasan Transfer Daerah untuk MBG - NU Online,negatif,https://nu.or.id/nasional/p2g-soroti-phk-massal-guru-akibat-pemangkasan-transfer-daerah-untuk-mbg-bPq6T
Dudung Ungkap Celah Potensi Korupsi Program MBG: Ada Jual-Beli Titik SPPG - detikNews,negatif,https://news.detik.com/berita/d-8475154/dudung-ungkap-celah-potensi-korupsi-program-mbg-ada-jual-beli-titik-sppg
Wamenkes Benny Pastikan Pengawasan Ketat Jaga Kualitas Makanan Bergizi Gratis - Kemenkes,positif,https://www.kemkes.go.id/id/---wamenkes-benny-pastikan-pengawasan-ketat-jaga-kualitas-makanan-bergizi-gratis
"Krisis Kepercayaan Mengintai Program Makan Bergizi Gratis, Sorotan Tertuju pada Tata Kelola dan Pengawasan - Detik Sumsel - Detik Sumsel",negatif,https://www.detiksumsel.com/nasional/97417081521/krisis-kepercayaan-mengintai-program-makan-bergizi-gratis-sorotan-tertuju-pada-tata-kelola-dan-pengawasan
KSPSI Bantah Kabar Buruh Tolak Program Makan Bergizi Gratis - AsatuNews.co.id,netral,https://www.asatunews.co.id/kspsi-bantah-buruh-tolak-makan-bergizi
"Demo Kantor Gubernur Kalbar, BEM Soroti Program Makan Bergizi Gratis - VIVA Siap",negatif,https://siap.viva.co.id/news/25016-demo-kantor-gubernur-kalbar-bem-soroti-program-makan-bergizi-gratis
TNI-Polri dan Pemerintah Bersinergi Sukseskan Program Makan Bergizi Gratis di Tegallinggah - Gentra News,positif,https://gentra.co.id/2026/05/04/tni-polri-dan-pemerintah-bersinergi-sukseskan-program-makan-bergizi-gratis-di-tegallinggah/
SLHS: Kunci Keberhasilan dan Keamanan Program Makan Bergizi Gratis bagi SPPG - Dinkes Kota Malang,positif,https://dinkes.malangkota.go.id/2026/04/16/slhs-kunci-keberhasilan-dan-keamanan-program-makan-bergizi-gratis-bagi-sppg/
APPMBGI Nilai Dapur MBG di Unhas Jadi Model Ideal - InvestorTrust,positif,https://investortrust.id/national/102185/appmbgi-nilai-dapur-mbg-di-unhas-jadi-model-ideal
Guru Besar Untad Sebut Program Makan Bergizi Gratis Ciptakan Kesetaraan - AsatuNews.co.id,positif,https://www.asatunews.co.id/program-makan-bergizi-gratis-untad
"Sejarah Makan Bergizi Gratis dan Awal Pendirian BGN: Berawal dari Tim Kecil, Kini Jadi Program Nasional - Inilah Tasik -",positif,https://inilahtasik.com/sejarah-makan-bergizi-gratis-dan-awal-pendirian-bgn-berawal-dari-tim-kecil-kini-jadi-program-nasional/
Mahasiswa UI Protes Anggaran Pendidikan Digunakan untuk Makan Bergizi Gratis - AsatuNews.co.id,negatif,https://www.asatunews.co.id/mahasiswa-ui-protes-anggaran-pendidikan
"Ada Dugaan Jual-Beli Titik MBG, Dudung Bakal Turun Sidak - Bisnis.com",negatif,https://kabar24.bisnis.com/read/20260505/15/1971453/ada-dugaan-jual-beli-titik-mbg-dudung-bakal-turun-sidak
Rektor Unwahas Paparkan Riset Peran Pemda dalam Program Makan Bergizi Gratis - Espos.id,netral,https://news.espos.id/rektor-unwahas-paparkan-riset-peran-pemda-dalam-program-makan-bergizi-gratis-2212579
Kapolsek Soreang Monitoring Kegiatan Satuan Pelayanan Pemenuhan Gizi (SPPG) di Desa Gajahmekar untuk Dukung Program Makan Bergizi Gratis bagi Pelajar - jurnalpolisi.co.id,positif,https://jurnalpolisi.co.id/kapolsek-soreang-monitoring-kegiatan-satuan-pelayanan-pemenuhan-gizi-sppg-di-desa-gajahmekar-untuk-dukung-program-makan-bergizi-gratis-bagi-pelajar/
Peresmian Dapur MBG Dukuhmaja 05 Meriah. Bupati: Penting Bagi Penyediaan Gizi Anak-Anak - PanturaNews,positif,https://panturanews.com/index.php/panturanews/baca/266925/05/05/2026/peresmian-dapur-mbg-dukuhmaja-05-meriah-bupati-penting-bagi-penyediaan-gizi-anak-anak.html
Kisah Perjuangan Lahirnya Program Makan Bergizi Gratis - habanusantara,positif,https://habanusantara.net/2026/05/kisah-perjuangan-lahirnya-program-makan-bergizi-gratis.html
"SPPG Polres OKU Mulai Beroperasi, Dukung Program Makan Bergizi Gratis untuk Anak dan Ibu Hamil - Detik Sumsel - Detik Sumsel",positif,https://www.detiksumsel.com/daerah/97417080237/sppg-polres-oku-mulai-beroperasi-dukung-program-makan-bergizi-gratis-untuk-anak-dan-ibu-hamil
"3 SPPG di Bangka Belitung Rampung, Siap Dukung Program Makan Bergizi Gratis - rentak.id",positif,https://rentak.id/3-sppg-di-bangka-belitung-rampung-siap-dukung-program-makan-bergizi-gratis/
Kapasitas Makan Bergizi Gratis di Bogor Meningkat Usai Juru Masak Kantongi Sertifikat BNSP - WestJavaToday.com,positif,https://www.westjavatoday.com/kapasitas-makan-bergizi-gratis-di-bogor-meningkat-usai-juru-masak-kantongi-sertifikat-bnsp
Respon Pakar Kesehatan UMSURA Saol Usulan Bangun SPPG MBG di Kampus - Universitas Muhammadiyah Surabaya,netral,https://www.um-surabaya.ac.id/article/respon-pakar-kesehatan-umsura-saol-usulan-bangun-sppg-mbg-di-kampus
Implementasi MBG di Sorong Selatan baru menjangkau pusat kota - RRI.co.id,negatif,https://rri.co.id/sorong/daerah-3t/2390071/implementasi-mbg-di-sorong-selatan-baru-menjangkau-pusat-kota
"Siswa di Anambas Keracunan MBG, Hasil Uji Lab: Mengandung Boraks-Bakteri - detikcom",negatif,https://www.detik.com/sumut/berita/d-8474816/siswa-di-anambas-keracunan-mbg-hasil-uji-lab-mengandung-boraks-bakteri
Pensiunan dan Dosen UGM Berseteru soal Pembangunan Dapur MBG - Tempo.co,negatif,https://www.tempo.co/politik/pensiunan-dan-dosen-ugm-berseteru-soal-pembangunan-dapur-mbg-2133598
Kolaborasi Lintas Sektor Didorong Perkuat Program Makan Bergizi Nasional - Media Indonesia,netral,https://mediaindonesia.com/politik-dan-hukum/886368/kolaborasi-lintas-sektor-didorong-perkuat-program-makan-bergizi-nasional
"PELUANG CUAN TERBUKA! Begini Cara Resmi Daftar Mitra MBG 2026, UMKM Wajib Tahu - Kabar Tasikmalaya - Kabar Tasikmalaya",positif,https://kabartasikmalaya.pikiran-rakyat.com/ekonomi-bisnis/pr-32510186733/peluang-cuan-terbuka-begini-cara-resmi-daftar-mitra-mbg-2026-umkm-wajib-tahu
MBG Dorong Pertumbuhan Ekonomi RI Kuartal I 2026 - Media Indonesia,positif,https://mediaindonesia.com/ekonomi/886748/mbg-dorong-pertumbuhan-ekonomi-ri-kuartal-i-2026
Anggota Komisi II DPR RI Longki Djanggola Tekankan Standar Pengelolaan Limbah MBG - RRI.co.id,netral,https://rri.co.id/palu/regional/2390759/anggota-komisi-ii-dpr-ri-longki-djanggola-tekankan-standar-pengelolaan-limbah-mbg
"Jadwal Makan Bergizi Gratis Bakal Hanya 4 Hari, Tekan Defisit APBN - Tabloid Elemen",negatif,https://tabloidelemen.com/jadwal-makan-bergizi-gratis-bakal-hanya-4-hari-tekan-defisit-apbn/
Klarifikasi Resmi dari KSPSI: Tak Ada Penolakan Buruh Terhadap Program Makan Bergizi Gratis saat Peringatan May Day - MediaKompeten,positif,https://mediakompeten.co.id/post/klarifikasi-resmi-dari-kspsi-tak-ada-penolakan-buruh-terhadap-program-makan-bergizi-gratis-saat-peringatan-may-day
Aktivis Suara Ibu Pernah Diintimidasi karena Kritik MBG - Tempo.co,negatif,https://www.tempo.co/politik/aktivis-suara-ibu-pernah-diintimidasi-karena-kritik-mbg-2133592
"Ayam MBG di SDN 13 Nyanyum Landak Berulat, Kepsek Rekam Video sebagai Bukti - Inside Pontianak",negatif,https://insidepontianak.com/landak/42409/ayam-mbg-di-sdn-13-nyanyum-landak-berulat-kepsek-rekam-video-sebagai-bukti
"Dinilai Pandai Berinovasi, Kota Cilegon Ditunjuk Jadi Proyek Percontohan Program Makan Siang Gratis - Berita Cilegon",positif,"https://berita.cilegon.go.id/baca/Dinilai-Pandai-Berinovasi,-Kota-Cilegon-Ditunjuk-Jadi-Proyek-Percontohan-Program-Makan-Siang-Gratis/20260504/MTE0OA%3D%3D"
Pemerintah Hapus Program Makan Gratis Hari Sabtu demi Hemat Anggaran - Babel Insight,negatif,https://www.babelinsight.id/penghapusan-makan-gratis-sabtu-apbn
"MBG: Bukan Sekadar Makan Gratis, Tapi Kurikulum Kepemimpinan Nyata - PWMU.CO",positif,https://pwmu.co/mbg-bukan-sekadar-makan-gratis-tapi-kurikulum-kepemimpinan-nyata/
"Iwan Suryawan: Efisiensi Rp50 Triliun Makan Bergizi Gratis Harus Perkuat Rantai Pasok, Tidak Pangkas Gizi - VOI.id",netral,https://voi.id/berita/573214/iwan-suryawan-efisiensi-rp50-triliun-makan-bergizi-gratis-harus-perkuat-rantai-pasok-tidak-pangkas-gizi
Kakan Kemenag Pontianak Dampingi Anggota DPR Pantau Program Makan Bergizi Gratis - RRI.co.id,positif,https://rri.co.id/pontianak/asta-cita/2376447/kakan-kemenag-pontianak-dampingi-anggota-dpr-pantau-program-makan-bergizi-gratis
Tidak Ada Makan Siang Gratis - Kompas.id,negatif,https://www.kompas.id/artikel/tidak-ada-makan-siang-gratis
Prabowo Subianto Tinjau Distribusi Makan Bergizi Gratis di Cilacap - Babel Insight,positif,https://www.babelinsight.id/prabowo-tinjau-makan-bergizi-gratis-cilacap
Guru Besar Untad: Program MBG Jadikan Siswa Setara - Sulawesion,positif,https://sulawesion.com/palu/guru-besar-untad-program-mbg-jadikan-siswa-setara/
"Perbandingan Makan Siang Gratis di 7 Negara: Finlandia hingga India Sudah Lama, Bagaimana dengan Program MBG Indonesia? - Radar Tulungagung",netral,https://radartulungagung.jawapos.com/nasional/2603100068/perbandingan-makan-siang-gratis-di-7-negara-finlandia-hingga-india-sudah-lama-bagaimana-dengan-program-mbg-indonesia
"Makan Gratis di Sekolah: Harapan Besar Siswa SMA 6 Palu, Dari Perut Kenyang ke Semangat Belajar - Butol Post - Butol Post",positif,https://buol.pikiran-rakyat.com/daerah/pr-34510184699/makan-gratis-di-sekolah-harapan-besar-siswa-sma-6-palu-dari-perut-kenyang-ke-semangat-belajar
"Re-opening Kober Mie Suhat, Kenalkan Menu Baru dan Promo Makan Gratis - MalangVoice",netral,https://malangvoice.com/re-opening-kober-mie-suhat-kenalkan-menu-baru-dan-promo-makan-gratis/
"Arsip Foto ""Kompas"": Satu Tahun Perjalanan Program Makan Bergizi Gratis - Kompas.id",netral,https://www.kompas.id/artikel/arsip-foto-kompas-satu-tahun-perjalanan-program-makan-bergizi-grati-arsip-foto-kompas-satu-tah
Program Makan Bergizi Gratis Disyukuri Pelajar Kota Sorong - Kemenko Polkam R.I.,positif,https://polkam.go.id/program-makan-bergizi-gratis-disyukuri-pelajar-kota-sorong/
Pemkab Pohuwato Bentuk Satgas Percepatan Program Makan Siang Bergizi Gratis - prokopim.pohuwatokab.go.id,netral,https://prokopim.pohuwatokab.go.id/berita/bacaberita/4632/pemkab-pohuwato-bentuk-satgas-percepatan-program-makan-siang-bergizi-gratis
Program Makan Bergizi Gratis Mulai Menjangkau Sekolah Rakyat - InfoPublik,positif,https://infopublik.id/kategori/phtc/929580/program-makan-bergizi-gratis-mulai-menjangkau-sekolah-rakyat
Program Makan Siang Gratis Harus Memenuhi Standar Gizi Seimbang - umj.ac.id,netral,https://umj.ac.id/opini-1/program-makan-siang-gratis-harus-memenuhi-standar-gizi-seimbang/
"MBG: Ribuan siswa keracunan Makan Bergizi Gratis, orang tua trauma dan larang anaknya konsumsi MBG - BBC",negatif,https://www.bbc.com/indonesia/articles/cm2zney05ypo
Pimpinan MPR Dukung Program Makan Siang Bergizi Gratis: Amanat Konstitusi Mencerdaskan Bangsa - mpr.go.id,positif,https://www.mpr.go.id/berita/Pimpinan-MPR-Dukung-Program-Makan-Siang-Bergizi-Gratis:-Amanat-Konstitusi-Mencerdaskan-Bangsa
"MAHASISWA BERSUARA: Bukan Memberi Makan Siang Gratis, tapi Merombak Sistem Pendidikan - BandungBergerak.id",negatif,https://bandungbergerak.id/article/detail/1546035498/mahasiswa-bersuara-bukan-memberi-makan-siang-gratis-tapi-merombak-sistem-pendidikan
Program Makan Bergizi Gratis Dorong Kebiasaan Menabung di Kalangan Pelajar - Tim Percepatan Penurunan Stunting,positif,https://stunting.go.id/program-makan-bergizi-gratis-dorong-kebiasaan-menabung-di-kalangan-pelajar/?btwaf=29459083
6 bulan Makan Bergizi Gratis: Program kesehatan atau bantuan sosial? - The Conversation,negatif,https://theconversation.com/6-bulan-makan-bergizi-gratis-program-kesehatan-atau-bantuan-sosial-260691
Ini Catatan Temuan Ombudsman Sulsel pada Program Makan Siang Gratis di Makassar - Ombudsman RI,netral,https://ombudsman.go.id/perwakilan/news/r/pwksiaran--ini-catatan-temuan-ombudsman-sulsel-pada-program-makan-siang-gratis-di-makassar
Ekonom Khawatir akan Keberlanjutan Program Makan Siang Bergizi - Voice of America Indonesia,negatif,https://www.voaindonesia.com/a/ekonom-khawatir-akan-keberlanjutan-program-makan-siang-bergizi/7969258.html
"Program Makan Bergizi Gratis, Ini Komentar Para Pelajar di Kabupaten Bekasi - bekasikab",positif,https://www.bekasikab.go.id/program-makan-bergizi-gratis-ini-komentar-para-pelajar-di-kabupaten-bekasi
"Program Makan Siang Gratis di Pekanbaru Tertunda, Ini Penyebabnya - Media Center Riau",negatif,https://mediacenter.riau.go.id/read/89562/program-makan-siang-gratis-di-pekanbaru-tertu.html
Presiden Prabowo Targetkan Seluruh Anak Dapat Akses Makan Bergizi Gratis pada Akhir 2025 - Presiden RI,positif,https://presidenri.go.id/siaran-pers/presiden-prabowo-targetkan-seluruh-anak-dapat-akses-makan-bergizi-gratis-pada-akhir-2025/
Pemprov Jateng Dukung Penuh Program Makan Bergizi Gratis - Pemerintah Provinsi Jawa Tengah,positif,https://jatengprov.go.id/publik/pemprov-jateng-dukung-penuh-program-makan-bergizi-gratis/
"Dukung Program Makan Bergizi Gratis, Jateng Alokasikan Rp67,13 Miliar - Pemerintah Provinsi Jawa Tengah",positif,https://jatengprov.go.id/publik/dukung-program-makan-bergizi-gratis-jateng-alokasikan-rp6713-miliar/
GRAND LAUNCHING 7 DAPUR MAKAN BERGIZI GRATIS (MBG) SATUAN PELAYANAN PEMULIHAN GIZI (SPPG) - prokopim.magetan.go.id,positif,https://prokopim.magetan.go.id/grand-launching-7-dapur-makan-bergizi-gratis-mbg-satuan-pelayanan-pemulihan-gizi-sppg/
Program makan bergizi gratis andalan Presiden Prabowo Subianto 'belum memenuhi standar kebutuhan gizi' - BBC,negatif,https://www.bbc.com/indonesia/articles/cd0e05p7n1go
"Guru Akan Dapat Makan Siang Gratis, Prabowo: Ada yang Kurang Gizi - KBR.ID",positif,https://kbr.id/articles/ragam/guru-akan-dapat-makan-siang-gratis-prabowo-ada-yang-kurang-gizi
Pendidikan Gratis atau Makan Siang Gratis? - TIMES Indonesia,negatif,https://timesindonesia.co.id/kopi-times/557073/pendidikan-gratis-atau-makan-siang-gratis
Program makan bergizi gratis Prabowo: Rp10.000 dapat menu makanan apa di Medan hingga Papua dan bagaimana kandungan gizinya? - BBC,negatif,https://www.bbc.com/indonesia/articles/ce3219dkq15o
Pemkab Beltim Uji Coba Pemberian Makan Siang Gratis - Lawang Beltim,positif,https://portal.beltim.go.id/2024/11/14/pemkab-beltim-uji-coba-pemberian-makan-siang-gratis/
"China bantu Prabowo ongkosi makan bergizi gratis, tapi apa 'timbal balik' yang diminta China? - BBC",negatif,https://www.bbc.com/indonesia/articles/c04lvd4dw0yo
Gerak Cepat! Pemkab Banyuasin Segera Bentuk Satuan Tugas Program Makan Siang Begizi Gratis - banyuasinkab.go.id,positif,https://banyuasinkab.go.id/2025/08/gerak-cepat-pemkab-banyuasin-segera-bentuk-satuan-tugas-program-makan-siang-begizi-gratis/
"Program makan bergizi gratis perdana sasar 600 ribu orang, jauh dari target awal - Apakah program ini terlalu tergesa-gesa? - BBC",negatif,https://www.bbc.com/indonesia/articles/cx2ywv21708o
Danlanud Halim Perdanakusuma Tinjau Uji Coba Makan Siang Bergizi Gratis di Sekolah Angkasa - TNI AU,positif,https://tni-au.mil.id/berita/detail/danlanud-halim-perdanakusuma-tinjau-uji-coba-makan-siang-bergizi-gratis-di-sekolah-angkasa
"Memasuki Hari 8, 1.262 siswa di 4 Madrasah Makan Gizi Gratis - Kementerian Agama",positif,https://maluku.kemenag.go.id/artikel/memasuki-hari-8-1-262-siswa-di-4-madrasah-makan-gizi-gratis
Makan Bergizi Gratis: Antusiasme Dibayangi Potensi Korupsi - dw.com,negatif,https://www.dw.com/id/makan-bergizi-gratis-antusiasme-dibayangi-potensi-korupsi/a-71230230
22 Daerah di Jabar Mulai Laksanakan Makan Bergizi Gratis - Jabarprov,netral,https://jabarprov.go.id/berita/22-daerah-di-jabar-mulai-laksanakan-makan-bergizi-gratis-17066
Negara-negara dengan Program Makan Bergizi GRATIS - Indonesia Baik,netral,https://indonesiabaik.id/infografis/negara-negara-dengan-program-makan-bergizi-gratis
"Tinjau Program Makan Bergizi Gratis di Bekasi, Wapres Tekankan Pentingnya Pemanfaatan Bahan Pangan Lokal - Tim Percepatan Penurunan Stunting",positif,https://stunting.go.id/tinjau-program-makan-bergizi-gratis-di-bekasi-wapres-tekankan-pentingnya-pemanfaatan-bahan-pangan-lokal/
Makan Bergizi Gratis Mulai Dibagikan di Kota Magelang - Pemerintah Kota Magelang,positif,https://www.magelangkota.go.id/view/makan-bergizi-gratis-mulai-dibagikan-di-kota-magelang-2
Cek Fakta: benarkah 76 negara punya program makan siang dan susu gratis untuk anak sekolah? - The Conversation,netral,https://theconversation.com/cek-fakta-benarkah-76-negara-punya-program-makan-siang-dan-susu-gratis-untuk-anak-sekolah-219913
"Peluncuran Makan Bergizi Gratis di Kabupaten Buleleng, Sasar 15 Sekolah yang tersebar di Kecamatan Banjar. - Disdagperinkopukm Buleleng",positif,https://disdagperinkopukm.bulelengkab.go.id/informasi/detail/berita/80_peluncuran-makan-bergizi-gratis-di-kabupaten-buleleng-sasar-15-sekolah-yang-tersebar-di-kecamatan-banjar
"Pemkab Cilacap Gelar Uji Coba Program Makan Bergizi Gratis, Pj. Bupati Cilacap Lakukan Monitoring - sekretariat daerah kabupaten cilacap",positif,https://humas.cilacapkab.go.id/pemkab-cilacap-gelar-uji-coba-program-makan-bergizi-gratis-pj-bupati-cilacap-lakukan-monitoring/
"Program Makan Siang Gratis di Pekanbaru Tertunda, Ini Alasannya - InfoPublik",negatif,https://infopublik.id/kategori/nusantara/896909/program-makan-siang-gratis-di-pekanbaru-tertunda-ini-alasannya
"Prabowo Tetapkan Anggaran Makan Bergizi Gratis Rp10 Ribu Per Anak, Cukup Bergizikah? - Voice of America Indonesia",negatif,https://www.voaindonesia.com/a/prabowo-tetapkan-anggaran-makan-bergizi-gratis-rp10-ribu-per-anak-cukup-bergizikah-/7885835.html
"Laksanakan Program Makan Gizi Gratis, Pemprov Kalsel Akan Lakukan Percontohan Di Kota Banjarmasin - Media Center Provinsi Kalimantan Selatan",positif,https://diskominfomc.kalselprov.go.id/2024/12/27/laksanakan-program-makan-gizi-gratis-pemprov-kalsel-akan-lakukan-percontohan-di-kota-banjarmasin/
Program Makan Siang Gratis Prabowo-Gibran Bersumber dari Pajak dan Subsidi BBM - Ikatan Konsultan Pajak Indonesia,netral,https://ikpi.or.id/program-makan-siang-gratis-prabowo-gibran-bersumber-dari-pajak-dan-subsidi-bbm/
Program Makan Bergizi Gratis adalah pengungkit yang efektif untuk Percepatan dan Penurunan Stunting. - Tim Percepatan Penurunan Stunting,positif,https://stunting.go.id/program-makan-bergizi-gratis-adalah-pengungkit-yang-efektif-untuk-percepatan-dan-penurunan-stunting/
"Tinjau Langsung Simulasi Makan Siang Gratis, Pj Wali Kota : Kota Pekanbaru Siap Laksanakan Program Ini - Pekanbaru.go.id",positif,https://setdako.pekanbaru.go.id/web/detailberita/1212/tinjau-langsung-simulasi-makan-siang-gratis-pj-wali-kotakota-pekanbaru-siap-laksanakan-program-ini
3.328 Siswa di Jambu Terima Makan Bergizi Gratis - Pemerintah Provinsi Jawa Tengah,positif,https://jatengprov.go.id/beritadaerah/3-328-siswa-di-jambu-terima-makan-bergizi-gratis/
Bhabinkamtibmas Dampingi Pelaksanaan Program Makan Bergizi Gratis untuk Pelajar di Umbulharjo - Polda DIY,positif,https://jogja.polri.go.id/yogyakarta/tribrata-news/online/detail/bhabinkamtibmas-dampingi-pelaksanaan-program-makan-bergizi-gratis-untuk-pelajar-di-umbulharjo.html
Siswa MAN 4 Kampar Sumringah Dapat Makan Siang Bergizi Gratis - Media Center Riau,positif,https://mediacenter.riau.go.id/read/89113/siswa-man-4-kampar-sumringah-dapat-makan-sian.html
Catatan Indef Terkait Program Makan Bergizi Gratis di 100 Hari Pemerintahan Prabowo - Hukumonline,netral,https://www.hukumonline.com/berita/a/catatan-indef-terkait-program-makan-bergizi-gratis-di-100-hari-pemerintahan-prabowo-lt679b0d57c75fa/
KPPU Kawal Tender Program Makan Bergizi Gratis - Hukumonline,netral,https://www.hukumonline.com/berita/a/kppu-kawal-tender-program-makan-bergizi-gratis-lt6787af8c0ec9f/
"Makan Bergizi Gratis di Surabaya Mulai Pekan Depan, Tahap Awal Ada 5 Sekolah - Dinas Komunikasi dan Informatika Provinsi Jawa Timur",positif,https://kominfo.jatimprov.go.id/berita/makan-bergizi-gratis-di-surabaya-mulai-pekan-depan-tahap-awal-ada-5-sekolah
Anggaran Makan Bergizi Gratis Dapat Membengkak ke Rp 171 Triliun pada 2025 - Kompas.id,negatif,https://www.kompas.id/artikel/anggaran-makan-bergizi-gratis-dapat-membengkak-jadi-rp-171-triliun-di-tahun-pertama
Makan siang gratis: Mungkinkah kebijakan Prabowo-Gibran diwujudkan tanpa bergantung pada impor bahan pangan? - BBC,negatif,https://www.bbc.com/indonesia/articles/c4nw109pyx1o
Ketika Makan Bergizi Gratis Menyantap Anggaran Pendidikan - Kompas.id,negatif,https://www.kompas.id/artikel/sorotan-pada-beban-anggaran-mbg-yang-memakan-anggaran-pendidikan
Belajar dari 2 Tetangga RI yang Punya Program Makan Siang Gratis - CNBC Indonesia,netral,https://www.cnbcindonesia.com/news/20240301102244-4-518857/belajar-dari-2-tetangga-ri-yang-punya-program-makan-siang-gratis
Badan Gizi Nasional Usul Tambahan Anggaran Rp100 Triliun untuk Program Makan Gratis - Voice of America Indonesia,netral,https://www.voaindonesia.com/a/badan-gizi-nasional-usul-tambahan-anggaran-rp100-triliun-untuk-program-makan-gratis/7942329.html
"Uji Coba Makan Siang Gratis, Gibran: Tidak Boleh Pelit - KBR.ID",positif,https://kbr.id/articles/indeks/uji-coba-makan-siang-gratis-gibran-tidak-boleh-pelit
"Dukung Program Pemerintah, Lanud SPR Uji Coba Makan Siang Bergizi Gratis - Kabupaten Jayapura",positif,https://jayapurakab.go.id/dukung-program-pemerintah-lanud-spr-uji-coba-makan-siang-bergizi-gratis/
"Rp 71 Triliun Kurang, Program Makan Bergizi Gratis Bakal Sedot Anggaran Rp 140 Triliun untuk Juli-Desember 2025 - Tempo.co",negatif,https://www.tempo.co/ekonomi/rp-71-triliun-kurang-program-makan-bergizi-gratis-bakal-sedot-anggaran-rp-140-triliun-untuk-juli-desember-2025-1192383
Siapa Pencetus Program Makan Siang Gratis? Ternyata Orang Ini - CNBC Indonesia,netral,https://www.cnbcindonesia.com/entrepreneur/20240215084420-25-514498/siapa-pencetus-program-makan-siang-gratis-ternyata-orang-ini
Video Klarifikasi Bos Buruh soal Jawaban Peserta May Day saat Prabowo Tanya MBG - 20detik,positif,https://20.detik.com/detikupdate/20260505-260505071/video-klarifikasi-bos-buruh-soal-jawaban-peserta-may-day-saat-prabowo-tanya-mbg
"MBG Bermanfaat atau Tidak? Pertanyaan Prabowo Dijawab ‘Tidaaaak’, Kejamnya Medsos Kita - redaksi.duta.co",negatif,https://duta.co/mbg-bermanfaat-atau-tidak-pertanyaan-prabowo-dijawab-tidaaaak-kejamnya-medsos-kita
Pimpinan KPK Temui Kepala KSP Audiensi Potensi Ketimpangan Korupsi Program MBG - detikNews,negatif,https://news.detik.com/berita/d-8475094/pimpinan-kpk-temui-kepala-ksp-audiensi-potensi-ketimpangan-korupsi-program-mbg
"KSP-KPK Bahas Pencegahan Korupsi, Termasuk soal MBG - Kompas.com",negatif,https://nasional.kompas.com/read/2026/05/05/13154611/ksp-kpk-bahas-pencegahan-korupsi-termasuk-soal-mbg
"Dudung Bertemu Pimpinan KPK, Bahas Indikasi Korupsi Jual Beli Titik Dapur MBG - SINDOnews Nasional",negatif,https://nasional.sindonews.com/read/1703377/13/dudung-bertemu-pimpinan-kpk-bahas-indikasi-korupsi-jual-beli-titik-dapur-mbg-1777961153
Dapur MBG di kampus dinilai representasi program berbasis pengetahuan - ANTARA News,positif,https://www.antaranews.com/berita/5553360/dapur-mbg-di-kampus-dinilai-representasi-program-berbasis-pengetahuan
Rektor IPB Respons Positif Dorongan BGN Agar PTN Buka Dapur MBG - CNN Indonesia,positif,https://www.cnnindonesia.com/nasional/20260502144356-20-1354385/rektor-ipb-respons-positif-dorongan-bgn-agar-ptn-buka-dapur-mbg
Kehadiran Dapur MBG Unhas Dinilai jadi Acuan Keterlibatan Kampus dalam Program Prioritas Nasional - Jawa Pos,positif,https://www.jawapos.com/berita-daerah/2605040193/kehadiran-dapur-mbg-unhas-dinilai-jadi-acuan-keterlibatan-kampus-dalam-program-prioritas-nasional
Implementasi MBG di Sorsel baru menjangkau pusat kota - ANTARA News Papua Tengah,negatif,https://papuatengah.antaranews.com/berita/82429/implementasi-mbg-di-sorsel-baru-menjangkau-pusat-kota
"Berkunjung di SMP Negeri 1 Nabire, Yan Mandenas Dorong Percepatan Dapur MBG di Daerah 3T - Tribunpapuatengah.com",positif,https://papuatengah.tribunnews.com/mimika/5518/berkunjung-di-smp-negeri-1-nabire-yan-mandenas-dorong-percepatan-dapur-mbg-di-daerah-3t
"Teti Rohatiningsih Tegaskan Komitmen Pemerintah, Program MBG Disebut Bukan Sekadar Bagi-Bagi Makanan - JPNN.com",positif,https://jateng.jpnn.com/jateng-terkini/20099/teti-rohatiningsih-tegaskan-komitmen-pemerintah-program-mbg-disebut-bukan-sekadar-bagi-bagi-makanan
Satgas Dorong Percepatan Pembangunan Dapur MBG di Sumba Barat - RRI.co.id,positif,https://rri.co.id/kupang/asta-cita/2389513/satgas-dorong-percepatan-pembangunan-dapur-mbg-di-sumba-barat
Program MBG 3B Jangkau Balita dan Ibu di Solo - Media Indonesia,positif,https://mediaindonesia.com/galleries/detail_galleries/48034-program-mbg-3b-jangkau-balita-dan-ibu-di-solo
"Ada Info soal Jual Beli Titik SPPG, KSP Bakal Lakukan Sidak Cegah Potensi Korupsi di Program MBG - Suara.com",negatif,https://www.suara.com/news/2026/05/05/135237/ada-info-soal-jual-beli-titik-sppg-ksp-bakal-lakukan-sidak-cegah-potensi-korupsi-di-program-mbg
Sosialisasi Program MBG di Desa Kertamukti Dorong Penguatan Gizi Masyarakat di Kabupaten Bekasi - Pojok Jabar,positif,https://jabar.pojoksatu.id/bekasi/2026/05/05/sosialisasi-program-mbg-di-desa-kertamukti-dorong-penguatan-gizi-masyarakat-di-kabupaten-bekasi/
APPMBGI: Kompleksitas Program MBG Lampaui Penyelenggaraan Pemilu - IDN Times,netral,https://www.idntimes.com/news/indonesia/appmbgi-kompleksitas-program-mbg-lampau-penyelenggaraan-pemilu-00-jkxzp-kzn3rk
Momen Prabowo Tanya Buruh di May Day: MBG Bermanfaat atau Tidak? - economy.okezone.com,positif,https://economy.okezone.com/read/2026/05/02/320/3215939/momen-prabowo-tanya-buruh-di-may-day-mbg-bermanfaat-atau-tidak
"Wihaji Kunjungi Baduy Luar-Dalam: Tinjau KB, Imunisasi-Perluas MBG 3B - detikNews",positif,https://news.detik.com/berita/d-8473967/wihaji-kunjungi-baduy-luar-dalam-tinjau-kb-imunisasi-perluas-mbg-3b
"Jateng Gandeng Selandia Baru, Luthfi Sebut Kerja Sama Bisa Dukung MBG - Kompas.com",positif,https://regional.kompas.com/read/2026/05/05/101533278/jateng-gandeng-selandia-baru-luthfi-sebut-kerja-sama-bisa-dukung-mbg
Bos Buruh Buka Suara soal Jawaban Peserta May Day Saat Prabowo Tanya Manfaat MBG - detikFinance,netral,https://finance.detik.com/berita-ekonomi-bisnis/d-8474393/bos-buruh-buka-suara-soal-jawaban-peserta-may-day-saat-prabowo-tanya-manfaat-mbg
DPR RI apresiasi inovasi digital BGN Nabire untuk awasi program MBG - ANTARA News,positif,https://www.antaranews.com/berita/5553101/dpr-ri-apresiasi-inovasi-digital-bgn-nabire-untuk-awasi-program-mbg
Legislator: Perlu percepatan MBG di wilayah 3T Papua Tengah - ANTARA News,negatif,https://www.antaranews.com/berita/5553035/legislator-perlu-percepatan-mbg-di-wilayah-3t-papua-tengah
Mandenas: Perlu percepatan MBG di wilayah 3T Papua Tengah - ANTARA News Papua Tengah,negatif,https://papuatengah.antaranews.com/berita/82427/mandenas-perlu-percepatan-mbg-di-wilayah-3t-papua-tengah
Legislator soroti pentingnya Ipal untuk pastikan kualitas-keamanan MBG - ANTARA News,netral,https://www.antaranews.com/berita/5553564/legislator-soroti-pentingnya-ipal-untuk-pastikan-kualitas-keamanan-mbg?utm_source=antaranews&utm_medium=mobile&utm_campaign=latest_category
"DJPb Bengkulu salurkan Dana MBG Rp291,91 miliar untuk 330.000 siswa - ANTARA News Bengkulu",positif,https://bengkulu.antaranews.com/berita/467580/djpb-bengkulu-salurkan-dana-mbg-rp29191-miliar-untuk-330000-siswa
Mahasiswa Demo di Kementerian Pendidikan Desak MBG Dihentikan - Tempo.co,negatif,https://www.tempo.co/politik/mahasiswa-demo-di-kementerian-pendidikan-desak-mbg-dihentikan-2133532
Pemkab Batang memperluas jangkauan MBG pada kelompok rentan 3B - ANTARA News Jateng,positif,https://jateng.antaranews.com/berita/630997/pemkab-batang-memperluas-jangkauan-mbg-pada-kelompok-rentan-3b
SPPG Polres Blora salurkan MBG untuk 4.865 penerima manfaat - ANTARA News Jateng,positif,https://jateng.antaranews.com/berita/631016/sppg-polres-blora-salurkan-mbg-untuk-4865-penerima-manfaat
Dapur MBG di kampus dinilai representasi program berbasis pengetahuan - ANTARA News Jogja,positif,https://jogja.antaranews.com/berita/826084/dapur-mbg-di-kampus-dinilai-representasi-program-basis-pengetahuan
Teti Rohatiningsih Tegaskan Komitmen Pemerintah Terhadap Program MBG - RRI.co.id,positif,https://rri.co.id/semarang/asta-cita/2388958/teti-rohatiningsih-tegaskan-komitmen-pemerintah-terhadap-program-mbg
Arzeti Bilbina Dorong SPPG Perkuat Ekonomi lewat MBG - RRI.co.id,positif,https://rri.co.id/surabaya/asta-cita/2389033/arzeti-bilbina-dorong-sppg-perkuat-ekonomi-lewat-mbg
"Pemerintah Dorong Terus Sosialisasi MBG, Harapkan Peran Masyarakat - RRI.co.id",netral,https://rri.co.id/bandung/nasional/2389173/pemerintah-dorong-terus-sosialisasi-mbg-harapkan-peran-masyarakat
Penyebab 162 Siswa di Anambas Keracunan: MBG Mengandung Boraks-Kontaminasi Bakteri - detikHealth,negatif,https://health.detik.com/berita-detikhealth/d-8474693/penyebab-162-siswa-di-anambas-keracunan-mbg-mengandung-boraks-kontaminasi-bakteri
Dialog Nasional Unwahas Soroti Peran Strategis Pemda dalam Program MBG - RRI.co.id,netral,https://rri.co.id/semarang/asta-cita/2388118/dialog-nasional-unwahas-soroti-peran-strategis-pemda-dalam-program-mbg
"Pemkab Loteng Rutin Evaluasi, Pastikan Bahan Baku Dapur MBG Selalu Terpenuhi - RRI.co.id",netral,https://rri.co.id/mataram/asta-cita/2388356/pemkab-loteng-rutin-evaluasi-pastikan-bahan-baku-dapur-mbg-selalu-terpenuhi
Program MBG Berikan Asupan Nutrisi Tepat Bagi Anak-Anak - RRI.co.id,positif,https://rri.co.id/bandung/regional/2388292/program-mbg-berikan-asupan-nutrisi-tepat-bagi-anak-anak
"Presiden Melihat MBG dengan Nurani, Bermanfaat Atau Tidak? - Kompas.com",negatif,https://nasional.kompas.com/read/2026/05/02/12020051/presiden-melihat-mbg-dengan-nurani-bermanfaat-atau-tidak-
SPPG MBG di Cianjur Wajib Tempuh Perizinan - RRI.co.id,netral,https://rri.co.id/bandung/regional/2388592/sppg-mbg-di-cianjur-wajib-tempuh-perizinan
Satgas Validasi Kelompok Penerima Manfaat MBG di Lebak - RRI.co.id,netral,https://rri.co.id/banten/asta-cita/2389147/satgas-validasi-kelompok-penerima-manfaat-mbg-di-lebak
Optimalisasi Pemenuhan gizi Seimbang dan Kekuatan Pangan Lokal dalam Sajian MBG - RRI.co.id,positif,https://rri.co.id/kupang/asta-cita/2384838/optimalisasi-pemenuhan-gizi-seimbang-dan-kekuatan-pangan-lokal-dalam-sajian-mbg
Guru Besar Untad Sebut MBG Buat Siswa Setara - RRI.co.id,positif,https://rri.co.id/palu/asta-cita/2388152/guru-besar-untad-sebut-mbg-buat-siswa-setara
Apakah UI Akan Ikut Membangun Dapur MBG? Ini Jawaban Rektor - detikcom,netral,https://www.detik.com/edu/perguruan-tinggi/d-8474660/apakah-ui-akan-ikut-membangun-dapur-mbg-ini-jawaban-rektor
"Dinkes Mataram Perketat Standar SPPG, Program MBG Dikawal Ketat - RRI.co.id",netral,https://rri.co.id/mataram/asta-cita/2388536/dinkes-mataram-perketat-standar-sppg-program-mbg-dikawal-ketat
"Investor Dapur MBG Laporkan Ketua Yayasan ke Pihak Berwajib, Ini Penyebabnya - RRI.co.id",negatif,https://rri.co.id/yogyakarta/hukum/kriminalitas/2388701/investor-dapur-mbg-laporkan-ketua-yayasan-ke-pihak-berwajib-ini-penyebabnya
Pagi Buta Wawali Indra dan Sekda Ismail Sidak Tiga Dapur MBG - RRI.co.id,negatif,https://rri.co.id/gorontalo/info-pemda/2388034/pagi-buta-wawali-indra-dan-sekda-ismail-sidak-tiga-dapur-mbg
Pemkot Gorontalo Temukan Dua Dapur MBG yang Bermasalah - RRI.co.id,negatif,https://rri.co.id/gorontalo/asta-cita/2389550/pemkot-gorontalo-temukan-dua-dapur-mbg-yang-bermasalah
Bupati Biak : MBG Jawaban Atas Ketimpangan Kualitas Pendidikan - RRI.co.id,positif,https://rri.co.id/biak/nasional/2388450/bupati-biak-mbg-jawaban-atas-ketimpangan-kualitas-pendidikan
Buat Apa Pusat Komando Proyek MBG - Tempo.co,netral,https://www.tempo.co/politik/pusat-komando-proyek-mbg-2133150
LPEM UI Rekomendasikan MBG Ditinjau Ulang - Tempo.co,negatif,https://www.tempo.co/ekonomi/lpem-ui-rekomendasikan-mbg-ditinjau-ulang-2133203
"IPB Segera Bangun Dapur MBG Mei Ini, Lokasi Dekat Kampus - detikcom",positif,https://www.detik.com/edu/perguruan-tinggi/d-8473981/ipb-segera-bangun-dapur-mbg-mei-ini-lokasi-dekat-kampus
BGN Terus Evaluasi MBG untuk Meningkatkan Cakupan Layanan Jadi Berkualitas. Terdata Ada 27.760 SPPG - Tribunnews.com,positif,https://depok.tribunnews.com/news/50034/bgn-terus-evaluasi-mbg-untuk-meningkatkan-cakupan-layanan-jadi-berkualitas-terdata-ada-27760-sppg
Warga Keluhkan Pembangunan Desa Terhambat setelah Ada MBG - Tempo.co,negatif,https://www.tempo.co/politik/warga-keluhkan-pembangunan-desa-terhambat-setelah-ada-mbg-2133530
"Dudung Audiensi dengan KPK, Soroti Potensi Korupsi Program MBG - Media Indonesia",negatif,https://mediaindonesia.com/politik-dan-hukum/886753/dudung-audiensi-dengan-kpk-soroti-potensi-korupsi-program-mbg
"Distribusi MBG Dinilai Bermasalah, Pakar IPB Tawarkan Solusi Berbasis KIP dan KIS - SINDOnews Edukasi",negatif,https://edukasi.sindonews.com/read/1703371/211/distribusi-mbg-dinilai-bermasalah-pakar-ipb-tawarkan-solusi-berbasis-kip-dan-kis-1777961147
"Diduga Tertipu Program MBG, 13 Pengasuh Pesantren Minta Pendampingan ke LBH Ansor - NU Online",negatif,https://nu.or.id/nasional/diduga-tertipu-program-mbg-13-pengasuh-pesantren-minta-pendampingan-ke-lbh-ansor-wPom8
13 Pengasuh Pesantren Lapor ke LBH Ansor soal Dugaan Penipuan Program MBG - NU Online Jawa Timur,negatif,https://jatim.nu.or.id/nuonline/13-pengasuh-pesantren-lapor-ke-lbh-ansor-soal-dugaan-penipuan-program-mbg-wPom8
Misbakhun : MBG Terbukti Dongkrak Kualitas SDM - Lintas Lampung,positif,https://web.lintaslampung.com/misbakhun-mbg-terbukti-dongkrak-kualitas-sdm/
Kemenko Pangan Gandeng APPMBGI Perkuat Program MBG - Kementerian Koordinator Bidang Pangan,positif,https://kemenkopangan.go.id/detail-berita/kemenko-pangan-gandeng-appmbgi-perkuat-program-mbg
MBG dan Lompatan Tata Kelola: Dari Data Presisi ke Distribusi Berbasis Teknologi - PT Suara Dewata Media,positif,https://www.suaradewata.com/berita/202405214472/mbg-dan-lompatan-tata-kelola-dari-data-presisi-ke-distribusi-berbasis-teknologi
MBG Dijalankan Berdasarkan Data Wilayah Prioritas untuk Jangkauan Tepat Sasaran - PT Suara Dewata Media,positif,https://www.suaradewata.com/berita/202405214471/mbg-dijalankan-berdasarkan-data-wilayah-prioritas-untuk-jangkauan-tepat-sasaran
Deddy Sitorus Tegaskan Kritik Publik Terhadap MBG Bukan Upaya Menggagalkan Program - gesuri.id,netral,https://www.gesuri.id/pemerintahan/deddy-sitorus-tegaskan-kritik-publik-terhadap-mbg-bukan-upaya-menggagalkan-program-b2pTyZbfkt
Menakar Integritas Program Makan Bergizi Gratis (MBG): Pandangan Publik Surabaya tentang Pentingnya Tata Kelola Anggaran - JurnalPost,netral,https://jurnalpost.com/read/menakar-integritas-program-makan-bergizi-gratis-mbg-pandangan-publik-surabaya-tentang-pentingnya-tata-kelola-anggaran/25038/
"Program MBG Terus Dievaluasi, Narasi dari Barisan Oposisi Tidak Objektif - Media Dayak",positif,https://mediadayak.id/program-mbg-terus-dievaluasi-narasi-dari-barisan-oposisi-tidak-objektif/?print=print
"Polsek Gegesik Monitoring Penyaluran Makanan Bergizi Gratis (MBG), Pastikan Tepat Sasaran dan Kondusif - tribratanews-polrescirebon.com",netral,https://tribratanews-polrescirebon.com/polsek-gegesik-monitoring-penyaluran-makanan-bergizi-gratis-mbg-pastikan-tepat-sasaran-dan-kondusif/
"Dorong Percepatan MBG di Cilegon, Satgas Segera Monitoring SPPG - Berita Cilegon",positif,"https://berita.cilegon.go.id/baca/Dorong-Percepatan-MBG-di-Cilegon,-Satgas-Segera-Monitoring-SPPG/20260504/MjQzODgw"
KOSPI Soroti Kejanggalan Jadwal Sidang Uji Materiil MBG dalam UU APBN di Mahkamah Konstitusi - news.schoolmedia.id,negatif,https://news.schoolmedia.id/berita/6466/kospi-soroti-kejanggalan-jadwal-sidang-uji-materiil-mbg-dalam-uu-apbn-di-mahkamah-konstitusi
Dosen Ekonomi Syariah IPB University Usulkan MBG Diintegrasikan with KIP/KIS Agar Tepat Sasaran - IPB University,netral,https://www.ipb.ac.id/news/index/2026/05/dosen-ekonomi-syariah-ipb-university-usulkan-mbg-diintegrasikan-dengan-kip-kis-agar-tepat-sasaran/
Dinkes Mataram Kaji Ulang SLHS Dapur MBG yang Ditutup BGN - SUARANTB.com,negatif,https://suarantb.com/2026/05/05/dinkes-mataram-kaji-ulang-slhs-dapur-mbg-yang-ditutup-bgn/
"Kampus diminta 'terlibat aktif' bangun dapur MBG, bagi-bagi proyek? - BBC",negatif,https://www.bbc.com/indonesia/articles/c5y8jyg2eyqo
Peserta SKB SPNF Bontang Mulai Nikmati MBG - Klik Kaltim,positif,https://klikkaltim.com/category/advertorial/peserta-skb-spnf-bontang-mulai-nikmati-mbg
"Edy Kurniawan Kritik MBG, Rp223 Triliun Dana Pendidikan Disebut Dialihkan - HALLORIAU.COM",negatif,https://halloriau.com/read-hallo-indonesia-14617237-2026-05-05-edy-kurniawan-kritik-mbg-rp223-triliun-dana-pendidikan-disebut-dialihkan.html
"Agar Tepat Sasaran, Akademisi Usulkan Program MBG Integrasi dengan KIP-KIS - Poskotaonline",netral,https://poskota.co/nasional/agar-tepat-sasaran-akademisi-usulkan-program-mbg-integrasi-dengan-kip-kis/
Kampus Tak Layak Jadi SPPG Untuk MBG - Validnews,negatif,https://www.validnews.id/nasional/kampus-tak-layak-jadi-sppg-untuk-mbg
Program MBG Diklaim Dorong Ekonomi Masyarakat Lapisan Bawah di Lombok Tengah - insidelombok,positif,https://insidelombok.id/lombok-tengah/program-mbg-diklaim-dorong-ekonomi-masyarakat-lapisan-bawah-di-lombok-tengah/
Ketua DPP GPI Tuding Kepala SPPG MBG Napano Kusambi Sampaikan Pernyataan Bohong di Media - sorotnews.co.id,negatif,https://www.sorotnews.co.id/ketua-dpp-gpi-tuding-kepala-sppg-mbg-napano-kusambi-sampaikan-pernyataan-bohong-di-media/
Presiden Jokowi Bakal Monitor Uji Coba Makan Bergizi Gratis di Kota Cilegon - Berita Cilegon,netral,https://berita.cilegon.go.id/baca/Presiden-Jokowi-Bakal-Monitor-Uji-Coba-Makan-Bergizi-Gratis-di-Kota-Cilegon/20260503/MTE1Ng%3D%3D
Pemprov Banten Perkuat Pengawasan Program Makan Bergizi Gratis - Pemerintah Provinsi Banten,positif,https://bantenprov.go.id/berita/pemprov-banten-perkuat-pengawasan-program-makan-bergizi-gratis
SMA 6 Palu tegaskan program MBG sangat diharapkan siswa - ANTARA News Sulteng,positif,https://sulteng.antaranews.com/berita/382521/sma-6-palu-tegaskan-program-mbg-sangat-diharapkan-siswa
"Targetkan Ibu Hamil hingga Balita, Program Makan Bergizi Gratis di Batang Diperluas - Ayo Batang - Ayo Batang",positif,https://www.ayobatang.com/batang-raya/3717072634/targetkan-ibu-hamil-hingga-balita-program-makan-bergizi-gratis-di-batang-diperluas
"Polres Gresik Dukung Program Presiden, Kapolres Tinjau SPPG and MBG di SLB Kemala Bhayangkari 2 - Nusantara Abadi News",positif,https://nusantaraabadinews.com/2026/05/05/polres-gresik-dukung-program-presiden-kapolres-tinjau-sppg-dan-mbg-di-slb-kemala-bhayangkari-2/
Pemerintah dan DPR Tanggapi Masuknya Program MBG dalam APBN 2026 - Mahkamah Konstitusi RI,netral,https://www.mkri.id/berita/pemerintah-dan-dpr-tanggapi-masuknya-program-mbg-dalam-apbn-2026-24854
Guru Besar Untad Palu: Program MBG dapat menjadikan siswa setara - ANTARA News Sulteng,positif,https://sulteng.antaranews.com/berita/382519/guru-besar-untad-palu-program-mbg-dapat-menjadikan-siswa-setara
Buruh Nilai Program Makan Bergizi Gratis Tidak Bermanfaat - Babel Insight,negatif,https://www.babelinsight.id/evaluasi-buruh-program-makan-gratis
"Dukung Program Pemerintah Pusat, Babinsa Kodim 1420/Sidrap Dampingi Penyaluran Makan Bergizi Gratis - sidraptimur.com",positif,https://sidraptimur.com/2026/05/04/dukung-program-pemerintah-pusat-babinsa-kodim-1420-sidrap-dampingi-penyaluran-makan-bergizi-gratis/
Kemenkeu Pangkas Makan Bergizi Gratis Sabtu Demi Hemat Triliunan Rupiah - Tabloid Elemen,negatif,https://tabloidelemen.com/kemenkeu-pangkas-makan-bergizi-gratis-sabtu-demi-hemat-triliunan-rupiah/
"MBG 2026 Serap Rp70,2 Triliun, Jangkau 61,96 Juta Penerima - Monitorday",positif,https://monitorday.com/mbg-2026-serap-rp702-triliun-jangkau-6196-juta-penerima/
Viral! Bupati Siak Sebut Rp1 Triliun Anggaran Daerah Dialihkan ke Program MBG - HALLORIAU.COM,negatif,https://halloriau.com/read-siak-14617233-2026-05-05-viral-bupati-siak-sebut-rp1-triliun-anggaran-daerah-dialihkan-ke-program-mbg.html
"Kepala Staf Kepresidenan Akan Cek SPPG Disuspensi, Tetapi Masih Terima Insentif - Bisnis.com",negatif,https://kabar24.bisnis.com/read/20260505/15/1971449/kepala-staf-kepresidenan-akan-cek-sppg-disuspensi-tetapi-masih-terima-insentif
KEMENTERIAN KOORDINATOR BIDANG PEREKONOMIAN REPUBLIK INDONESIA - - Kementerian Koordinator Bidang Perekonomian Republik Indonesia,positif,https://www.ekon.go.id/publikasi/detail/6818/program-makan-bergizi-gratis-perkuat-fondasi-ekonomi-nasional-dan-dorong-pertumbuhan-inklusif
pemerintah-perkuat-implementasi-program-makan-bergizi-gratis-di-jawa-tengah-melalui-target-nasional-82-9-juta-penerima-manfaat-percepatan-validasi-data-dan-standar-keamanan-pangan-jadi-prioritas - Kementerian Koordinator Bidang Pangan,positif,https://www.kemenkopangan.go.id/detail-artikel/pemerintah-perkuat-implementasi-program-makan-bergizi-gratis-di-jawa-tengah-melalui-target-nasional-82-9-juta-penerima-manfaat-percepatan-validasi-data-dan-standar-keamanan-pangan-jadi-prioritas
"Presiden Prabowo Tegaskan Komitmen Program Makan Bergizi Gratis, Kini Jangkau Lebih dari 60 Juta Penerima Manfaat - Presiden RI",positif,https://presidenri.go.id/siaran-pers/presiden-prabowo-tegaskan-komitmen-program-makan-bergizi-gratis-kini-jangkau-lebih-dari-60-juta-penerima-manfaat/
Pemprov Kalteng Tegaskan Komitmen Sukseskan Program Makan Bergizi Gratis - Pemerintah Provinsi Kalimantan Tengah,positif,https://kalteng.go.id/berita/read/42470/pemprov-kalteng-tegaskan-komitmen-sukseskan-program-makan-bergizi-gratis
Pemerintah Fokuskan Program Makan Bergizi Gratis untuk Anak Malanutrisi - AsatuNews.co.id,netral,https://www.asatunews.co.id/program-mbg-fokus-anak-kurang-gizi
"KSP Awasi Program Prioritas Pemerintah, Pastikan Manfaat Nyata untuk Rakyat - Merdeka.com",positif,https://www.merdeka.com/politik/ksp-awasi-program-prioritas-pemerintah-pastikan-manfaat-nyata-untuk-rakyat-569065-mvk.html
"Tanggapi Keluhan Kualitas Makan Bergizi Gratis, Pemkab Jember Lakukan Sidak and Peninjauan di Beberapa SPPG - Pemkab Jember",negatif,https://www.jemberkab.go.id/tanggapi-keluhan-kualitas-makan-bergizi-gratis-pemkab-jember-lakukan-sidak-dan-peninjauan-di-beberapa-sppg/
Pemerintah Kota Gunungsitoli Gelar Rapat Koordinasi Percepatan Penyelenggaraan Program Makan Bergizi Gratis - Website Pemerintah Kota Gunungsitoli,positif,https://gunungsitolikota.go.id/2026/03/pemerintah-kota-gunungsitoli-gelar-rapat-koordinasi-percepatan-penyelenggaraan-program-makan-bergizi-gratis/
Pemerintah Kabupaten Jember Perkuat Pengawasan and Pembinaan Dapur Makan Bergizi Gratis di Tingkat Kecamatan - Pemkab Jember,positif,https://www.jemberkab.go.id/pemerintah-kabupaten-jember-perkuat-pengawasan-dan-pembinaan-dapur-makan-bergizi-gratis-di-tingkat-kecamatan/
Makan (Tidak) Bergizi (Tidak) Gratis - CELIOS – Center of Economic and Law Studies,negatif,https://celios.co.id/makan-tidak-bergizi-tidak-gratis/
Program Makan Bergizi Gratis (Mbg) Meningkatkan Kualitas Gizi Dan Pendidikan Anak Di Papua Tengah - Papuaposnabire,positif,https://papuaposnabire.com/news/program-makan-bergizi-gratis-mbg-meningkatkan-kualitas-gizi-dan-pendidikan-anak-di-papua-tengah
Pemerintah Disarankan Tunda Program Makan Gratis Demi Stabilkan Rupiah - AsatuNews.co.id,negatif,https://www.asatunews.co.id/moratorium-program-pemerintah-stabilitas-rupiah
"Rapat Koordinasi Program Makan Bergizi Gratis, Gubernur NTB Tegaskan Komitmen Dukungan Pemprov - Pemerintah Provinsi NTB",positif,https://ntbprov.go.id/post/rapat-koordinasi-program-makan-bergizi-gratis-gubernur-ntb-tegaskan-komitmen-dukungan-pemprov
MBG digugat ke MK karena 'memakan' sepertiga dana pendidikan – Seberapa mungkin dikabulkan? - BBC,negatif,https://www.bbc.com/indonesia/articles/cn42dl7wykpo
"Kecamatan Cibitung Dukung Program Makan Bergizi Gratis, Jangkau 40 Ribu Penerima Manfaat - bekasikab",positif,https://bekasikab.go.id/kecamatan-cibitung-dqpkung-program-makan-bergizi-gratis-jangkau-40-ribu-penerima-manfaat
Program Makan Bergizi Gratis Diprediksi Paling Cepat Habiskan Anggaran di Awal 2026 - pasardana.id,netral,https://pasardana.id/news/2026/1/12/program-makan-bergizi-gratis-diprediksi-paling-cepat-habiskan-anggaran-di-awal-2026
Mendesak Reformasi Tata Kelola Program Makan Bergizi Gratis - Kompas.id,negatif,https://www.kompas.id/artikel/mendesak-reformasi-tata-kelola-program-makan-bergizi-gratis
MTsN 19 Jakarta MOU Program Makan Bergizi Gratis - Jakarta Kemenag,positif,https://dki.kemenag.go.id/berita/mtsn-19-jakarta-mou-program-makan-bergizi-gratis-zNVnE
"Program Makan Bergizi Gratis di Sikka Berjalan Lancar, Polda NTT Pastikan Distribusi Aman dan Tepat Sasaran - Tribrata News",positif,https://tribratanews.polri.go.id/blog/nasional-3/program-makan-bergizi-gratis-di-sikka-berjalan-lancar-polda-ntt-pastikan-distribusi-aman-dan-tepat-sasaran-98023
"Wali Kota Mojokerto Resmikan Sppg Mentikan, Perkuat Dukungan Program Makan Bergizi Gratis - Pemerintah Kota Mojokerto",positif,https://web.mojokertokota.go.id/berita/wali-kota-mojokerto-resmikan-sppg-mentikan-perkuat-dukungan-program-makan-bergizi-gratis-dyrknzcd4m
MBG: Gelombang aksi protes Makan Bergizi Gratis di berbagai daerah - BBC,negatif,https://www.bbc.com/indonesia/articles/c0rj9k29gqgo
MBG Lansia: Hal-hal yang perlu diperhatikan pemerintah dalam program MBG untuk lansia - BBC,netral,https://www.bbc.com/indonesia/articles/cy9yd1dv43xo
Program Pemerintah Makan Bergizi Gratis Antara Harapan dan Tantangan Ke Depan - DJPb Kemenkeu,positif,https://djpb.kemenkeu.go.id/kppn/magelang/id/data-publikasi/artikel/2976-program-pemerintah-makan-bergizi-gratis-antara-harapan-dan-tatangan-ke-depan.html
Website DJKN - DJKN,positif,https://www.djkn.kemenkeu.go.id/kpknl-parepare/baca-artikel/18061/Multiplier-Effect-Program-MBG-untuk-Pertumbuhan-Ekonomi-Berkelanjutan.html
"Pemerintah Sebut MBG 99 Persen Berhasil, Akademisi Unismuh Makassar Ingatkan Mutu Gizi Harus Merata - Berita Unismuh Makassar",positif,https://news.unismuh.ac.id/2026/01/07/pemerintah-sebut-mbg-99-persen-berhasil-akademisi-unismuh-makassar-ingatkan-mutu-gizi-harus-merata/
Bupati Bone Luncurkan Program Makan Bergizi Gratis di Kecamatan Patimpeng - bone.go.id,positif,https://bone.go.id/2025/12/09/bupati-bone-luncurkan-program-makan-bergizi-gratis-di-kecamatan-patimpeng/
Ada Siapa di Balik MBG? : Patronase Politik dalam Memperkuat Dukungan - antikorupsi.org,negatif,https://antikorupsi.org/id/ada-siapa-di-balik-mbg-patronase-politik-dalam-memperkuat-dukungan
Program Makan Bergizi Gratis Dinilai Sarat Masalah Tata Kelola - Kompas.id,negatif,https://www.kompas.id/artikel/program-makan-bergizi-gratis-dinilai-sarat-masalah-tata-kelola
"MBG: Korban keracunan MBG sepanjang Januari 2026 hampir 2.000 pelajar, mengapa terus terjadi? - BBC",negatif,https://www.bbc.com/indonesia/articles/cvg5eywd109o
"Program Makan Bergizi Gratis Resmi Diluncurkan di Bojonegoro, Sasar 3.000 Pelajar, Balita dan Ibu Hamil - Radar Bojonegoro",positif,https://radarbojonegoro.jawapos.com/pendidikan/2501070007/program-makan-bergizi-gratis-resmi-diluncurkan-di-bojonegoro-sasar-3000-pelajar-balita-dan-ibu-hamil
Wagub Nyanyang Hadiri Koordinasi dan Evaluasi Program Makan Bergizi Gratis di Kepri - kepriprov.go.id,positif,https://www.kepriprov.go.id/berita/gubernur/wagub-nyanyang-hadiri-koordinasi-dan-evaluasi-program-makan-bergizi-gratis-di-kepri
Sosialisasi Program Makan Bergizi Gratis (MBG) Perkuat Upaya Penanggulangan Gizi dan Stunting di Buleleng! - Dinas Kesehatan Kabupaten Buleleng,positif,https://dinkes.bulelengkab.go.id/informasi/detail/berita/11_sosialisasi-program-makan-bergizi-gratis-mbg-perkuat-upaya-penanggulangan-gizi-dan-stunting-di-buleleng
"Pemerintah Perketat Program Makan Bergizi Gratis, Ribuan Dapur Disanksi - AsatuNews.co.id",netral,https://www.asatunews.co.id/pemerintah-perketat-makan-bergizi-gratis
"Perkuat Kolaborasi, Pemkot Cirebon Dukung MBG untuk Pemenuhan Gizi dan Perputaran Ekonomi - Pemerintah Kota Cirebon",positif,https://cirebonkota.go.id/berita/perkuat-kolaborasi-pemkot-cirebon-dukung-mbg-untuk-pemenuhan-gizi-dan-perputaran-ekonomi
[HOAKS] Program Makan Bergizi Gratis Diganti dengan Uang Tunai - Pemerintah Daerah Kabupaten Cilacap,netral,https://cilacapkab.go.id/v3/hoaks-program-makan-bergizi-gratis-diganti-dengan-uang-tunai/
Mencermati Aspek Perpajakan dalam Program Makan Bergizi Gratis (MBG) - DDTCNews,netral,https://news.ddtc.co.id/review/opini/1817509/mencermati-aspek-perpajakan-dalam-program-makan-bergizi-gratis-mbg
"Rakor Program Makan Bergizi Gratis (MBG) “Menguatkan Kemitraan, Mendorong UMKM Naik Kelas” - Disdagperinkopukm Buleleng",positif,https://disdagperinkopukm.bulelengkab.go.id/informasi/detail/artikel/37_rakor-program-makan-bergizi-gratis-mbg-menguatkan-kemitraan-mendorong-umkm-naik-kelas
Gus Yahya Sebut Program Makan Bergizi Gratis Strategi Transformasi Bangsa - NU Online,positif,https://www.nu.or.id/nasional/gus-yahya-sebut-program-makan-bergizi-gratis-strategi-transformasi-bangsa-5UKlP
"Garut Jadi Lokasi Uji Petik Nasional, BGN dan Bappenas Evaluasi Pelaksanaan Program Makan Bergizi Gratis - Pemerintah Kabupaten Garut",positif,https://www.garutkab.go.id/berita/garut-jadi-lokasi-uji-petik-nasional-bgn-dan-bappenas-evaluasi-pelaksanaan-program-makan-bergizi-gratis
Plt. Sekda Kalteng : Program Makan Bergizi Gratis Jadi Mesin Baru Penggerak Ekonomi Kalteng - Pemerintah Provinsi Kalimantan Tengah,positif,https://kalteng.go.id/berita/read/42373/plt-sekda-kalteng-program-makan-bergizi-gratis-jadi-mesin-baru-penggerak-ekonomi-kalteng
Wagub Kalteng Resmikan SPPG Langkai 4 Pahandut untuk Perkuat Program Makan Bergizi Gratis - Pemerintah Provinsi Kalimantan Tengah,positif,https://kalteng.go.id/berita/read/42382/wagub-kalteng-resmikan-sppg-langkai-4-pahandut-untuk-perkuat-program-makan-bergizi-gratis
"Prabowo Tegaskan Pemerintah Tanggung Jawab Penuh Atas MBG, Perketat Pengawasan untuk 0 Penyimpangan - magetan.go.id",positif,https://magetan.go.id/prabowo-tegaskan-pemerintah-tanggung-jawab-penuh-atas-mbg-perketat-pengawasan-untuk-0-penyimpangan/
"Bupati Jember Resmikan SPPG Rambipuji 2, Program Makan Bergizi Gratis Jangkau Ribuan Siswa di Kecamatan Rambipuji - Pemkab Jember",positif,https://www.jemberkab.go.id/bupati-jember-resmikan-sppg-rambipuji-2-program-makan-bergizi-gratis-jangkau-ribuan-siswa-di-kecamatan-rambipuji/
"Pemerintah Perketat Program Makan Bergizi Gratis, Ribuan Dapur Disanksi - AsatuNews.co.id",netral,https://www.asatunews.co.id/pemerintah-perketat-makan-bergizi-gratis
"Prabowo: 99,99 Persen Program Makan Bergizi Gratis Harus Dinyatakan Berhasil - Liputan6.com",positif,https://www.liputan6.com/news/read/6270422/prabowo-9999-persen-program-makan-bergizi-gratis-harus-dinyatakan-berhasil
Pemerintah Perkuat Distribusi Program MBG ke Ibu Hamil-Menyu - Tribrata News,positif,https://tribratanews.polri.go.id/blog/nasional-3/pemerintah-perkuat-distribusi-program-mbg-ke-ibu-hamil-menyusui-non-paud-95645
Mensos Ungkap Tujuan Program Makan Bergizi Gratis untuk Lansia - Tempo.co,positif,https://www.tempo.co/politik/mensos-ungkap-tujuan-program-makan-bergizi-gratis-untuk-lansia-2090853
Menimbang Urgensi dan Risiko: Dampak Positif dan Negatif Program Makan Bergizi Gratis (MBG) di Indonesia - Kompasiana.com - Kompasiana.com,netral,https://www.kompasiana.com/moch26648/69244eeaed6415501d49ee22/menimbang-urgensi-dan-risiko-dampak-positif-dan-negatif-program-makan-bergizi-gratis-mbg-di-indonesia
"Program Makan Bergizi Gratis Topang Kinerja Ekonomi RI, Dorong Permintaan Domestik dan Sektor Peternakan - wajokab.go.id",positif,https://wajokab.go.id/berita/detail/program-makan-bergizi-gratis-topang-kinerja-ekonomi-ri-dorong-permintaan-domestik-dan-sektor-peternakan
Press Release Diskominfo Kabupaten Bogor - Portal Resmi Kabupaten Bogor,positif,https://bogorkab.go.id/berita/detail-berita/cbd34a2e-d911-4435-bda9-99cc8035e35c
Presiden Prabowo: Program Makan Bergizi Gratis Adalah Investasi untuk Masa Depan Bangsa - Presiden RI,positif,https://presidenri.go.id/siaran-pers/presiden-prabowo-program-makan-bergizi-gratis-adalah-investasi-untuk-masa-depan-bangsa/
"Program Makan Bergizi Gratis Terus Diperluas, Ketahanan Gizi Fondasi Ketahanan Nasional - Kemenko Polkam R.I.",positif,https://polkam.go.id/menko-polkam-program-makan-bergizi-gratis-terus-diperluas-ketahanan-gizi-fondasi-ketahanan-nasional/
Program Makan Bergizi Gratis Disambut Antusias Siswa di Boyolali - Kemenkes,positif,https://kemkes.go.id/id/program-makan-bergizi-gratis-disambut-antusias-siswa-di-boyolali
MIN 20 Jakarta Mulai Jalankan Program Makan Bergizi Gratis (MBG) - Jakarta Kemenag,positif,https://dki.kemenag.go.id/berita/min-20-jakarta-mulai-jalankan-program-makan-bergizi-gratis-mbg-3e56r
Kemenkes Perketat Pengawasan dalam Program Makan Bergizi Gratis - Kemenkes,positif,https://kemkes.go.id/id/kemenkes-perketat-pengawasan-dalam-program-makan-bergizi-gratis
Ratusan Siswa MTsN 17 Jakarta Antusias Sambut Hari Pertama Program Makan Bergizi Gratis - Jakarta Kemenag,positif,https://dki.kemenag.go.id/berita/ratusan-siswa-mtsn-17-jakarta-antusias-sambut-hari-pertama-program-makan-bergizi-gratis-Mwmvf
Kemenkes Tegaskan Keamanan Pangan sebagai Kunci Keberhasilan Program Makan Bergizi Gratis - Kemenkes,positif,https://kemkes.go.id/id/kemenkes-tegaskan-keamanan-pangan-sebagai-kunci-keberhasilan-program-makan-bergizi-gratis
"Kenyang Makan Bergizi Gratis, Siswa Bisa Nabung Rp5 Ribu per Hari - Pemerintah Provinsi Jawa Tengah",positif,https://jatengprov.go.id/publik/kenyang-makan-bergizi-gratis-siswa-bisa-nabung-rp5-ribu-per-hari/
Program Makan Bergizi Gratis (MBG): Investasi Gizi dan Ekonomi Daerah - Kementerian Keuangan,positif,https://mediakeuangan.kemenkeu.go.id/article/show/program-makan-bergizi-gratis-investasi-gizi-dan-ekonomi-daerah
Mewujudkan Indonesia Sehat: Implementasi Program Makanan Bergizi Gratis di Tebing Tinggi sebagai Langkah Strategis Asta Cita - Website Resmi Pemerintah Kota Tebing Tinggi - Pemerintah Kota Tebing Tinggi,positif,https://tebingtinggikota.go.id/berita/artikel/mewujudkan-indonesia-sehat-implementasi-program-makanan-bergizi-gratis-di-tebing-tinggi-sebagai-langkah-strategis-asta-cita
Program Makan Bergizi Gratis di Jember: Wujud Komitmen untuk Generasi Sehat - Pemkab Jember,positif,https://www.jemberkab.go.id/program-makan-bergizi-gratis-di-jember-wujud-komitmen-untuk-generasi-sehat/
Dinkes Pastikan Program Makan Bergizi Gratis di Kota Bandung Aman untuk Anak Sekolah - Jabarprov,positif,https://www.jabarprov.go.id/berita/dinkes-pastikan-program-makan-bergizi-gratis-di-kota-bandung-aman-untuk-anak-sekolah-21253
"Pemerintah Perkuat Tata Kelola Program MBG, Keselamatan Anak Jadi Prioritas - Kemenkes",positif,https://kemkes.go.id/id/pemerintah-perkuat-tata-kelola-program-mbg-keselamatan-anak-jadi-prioritas
Krisis Makan Bergizi Gratis: Retaknya Kepercayaan Publik - Universitas Andalas,negatif,https://unand.ac.id/berita/opini/1504-opini-mahasiswa-mbg-program-pemerintah-janji
Kisah Awal Badan Gizi Nasional: Dari Diskusi Panjang Hingga Operasional Dapur Seharga Rp900 Juta - jabar.tribunnews.com,positif,https://jabar.tribunnews.com/jabar-region/1171876/kisah-awal-badan-gizi-nasional-dari-diskusi-panjang-hingga-operasional-dapur-seharga-rp900-juta
Puluhan Massa Laporkan Dugaan Penyimpangan Pengadaan Badan Gizi Nasional - BeritaSatu.com,negatif,https://www.beritasatu.com/network/bisnistoday/836307/puluhan-massa-laporkan-dugaan-penyimpangan-pengadaan-badan-gizi-nasional
Bilamana SPPG Tak Dapat Insentif Rp 6 Juta per Hari? - Kompas.com,netral,https://nasional.kompas.com/read/2026/04/30/08544411/bilamana-sppg-tak-dapat-insentif-rp-6-juta-per-hari?page=all
Satgas MBG Sukabumi Minta Evaluasi Aturan Usia Relawan - Radar Sukabumi,netral,https://radarsukabumi.com/kota-sukabumi/satgas-mbg-sukabumi-minta-evaluasi-aturan-usia-relawan/
"SPPG Aralle Disetop BGN Usai Temuan Belatung di Omprengan MBG, Korwil: Ini Alarm Keras - Pikiran Rakyat Sulbar - Pikiran Rakyat Sulbar",negatif,https://sulbar.pikiran-rakyat.com/lainnya/pr-31110185499/sppg-aralle-disetop-bgn-usai-temuan-belatung-di-omprengan-mbg-korwil-ini-alarm-keras
"Penerima MBG Tembus 61,9 juta dari Sabang hingga Merauke, Tercatat 27.760 SPPG di Indonesia - Wartakotalive.com",positif,https://wartakota.tribunnews.com/news/888995/penerima-mbg-tembus-619-juta-dari-sabang-hingga-merauke-tercatat-27760-sppg-di-indonesia
"BGN Sebut Ada 27.760 SPPG and 100 Persen Dibiayai Investasi Mitra, Sudah 61,9 Juta Penerima Manfaat - Tribunnews.com",positif,https://tangerang.tribunnews.com/news/57630/bgn-sebut-ada-27760-sppg-dan-100-persen-dibiayai-investasi-mitra-sudah-619-juta-penerima-manfaat
"BGN Fasilitasi Akses Validasi Data MBG, Publik Bisa Cek Langsung, Ini Linknya - Kompas.com",positif,https://nasional.kompas.com/read/2026/04/23/15452661/bgn-fasilitasi-akses-validasi-data-mbg-publik-bisa-cek-langsung-ini-linknya
BGN anggarkan tablet hingga semir sepatu senilai miliaran rupiah - BBC,negatif,https://www.bbc.com/indonesia/articles/crr110erpyeo
"Gaduh BGN Beli Semir dan Sikat Sepatu hingga Rp 1,5 Miliar, Ini Penjelasannya - detikHealth",netral,https://health.detik.com/berita-detikhealth/d-8451217/gaduh-bgn-beli-semir-dan-sikat-sepatu-hingga-rp-1-5-miliar-ini-penjelasannya
Badan Gizi Nasional Tegaskan Undangan Bimtek Pengelolaan SPPG 2026 Adalah Dokumen Palsu - InvestorTrust,netral,https://investortrust.id/national/102025/badan-gizi-nasional-tegaskan-undangan-bimtek-pengelolaan-sppg-2026-adalah-dokumen-palsu
"Dukung Tertib Arsip Program MBG, ANRI Gelar Bimtek untuk Badan Gizi Nasional - Arsip Nasional Republik Indonesia",positif,https://www.anri.go.id/publikasi/berita/dukung-tertib-arsip-program-mbg-anri-gelar-bimtek-untuk-badan-gizi-nasional
"Sejarah Badan Gizi Nasional (BGN): Dibentuk Jokowi, Dibesarkan Prabowo - National Geographic Indonesia",netral,https://nationalgeographic.grid.id/read/134372162/sejarah-badan-gizi-nasional-bgn-dibentuk-jokowi-dibesarkan-prabowo
Enam SPPG di Papua Tengah Kembali Aktif Setelah Dihentikan Sementara oleh BGN - seputarpapua.com,positif,https://seputarpapua.com/view/enam-sppg-di-papua-tengah-kembali-aktif-setelah-dihentikan-sementara-oleh-bgn.html
Kata BGN Soal MBG Butuh 19 Ribu Ekor Sapi Per Hari - Tempo.co,netral,https://www.tempo.co/politik/kata-bgn-soal-mbg-butuh-19-ribu-ekor-sapi-per-hari-2131085
"Bos BGN Buka Suara soal Anggaran IT Tembus Rp 1,2 T - detikFinance",netral,https://finance.detik.com/berita-ekonomi-bisnis/d-8453820/bos-bgn-buka-suara-soal-anggaran-it-tembus-rp-1-2-t
BGN Pastikan Penggunaan Anggaran Program MBG Disetujui Kemenkeu - Kompas.com,positif,https://nasional.kompas.com/read/2026/04/09/11100831/bgn-pastikan-penggunaan-anggaran-program-mbg-disetujui-kemenkeu
Kepala BGN Sebut Anggaran Pengadaan Motor Listrik Disetujui Kemenkeu - detikFinance,positif,https://finance.detik.com/berita-ekonomi-bisnis/d-8459205/kepala-bgn-sebut-anggaran-pengadaan-motor-listrik-disetujui-kemenkeu
"Dukung Tertib Arsip Program MBG, ANRI Gelar Bimtek Khusus untuk Badan Gizi Nasional - Arsip Nasional Republik Indonesia",positif,https://www.anri.go.id/en/publications/news/dukung-tertib-arsip-program-mbg-anri-gelar-bimtek-khusus-untuk-badan-gizi-nasional
Puluhan Massa Laporkan Dugaan Penyimpangan Pengadaan Badan Gizi Nasional - Bisnistoday,negatif,https://bisnistoday.co.id/puluhan-massa-laporkan-dugaan-penyimpangan-pengadaan-badan-gizi-nasional/
"SPPG Bunut Baok 2 Siap Beroperasi, Tunggu Persetujuan BGN - insidelombok",positif,https://insidelombok.id/lombok-tengah/sppg-bunut-baok-2-siap-beroperasi-tunggu-persetujuan-bgn/
Belanja Aneh Badan Gizi Nasional - Tempo.co,negatif,https://www.tempo.co/data/data/belanja-aneh-badan-gizi-nasional-2130779
"Bengkel Belum Ada, Kok BGN Nekat Beli 25 Ribu Unit Motor MBG? - detikoto",negatif,https://oto.detik.com/berita/d-8439871/bengkel-belum-ada-kok-bgn-nekat-beli-25-ribu-unit-motor-mbg
"Heboh Pengadaan Laptop-Alat Makan Rp 4 T, Bos BGN Buka Suara - detikFinance",netral,https://finance.detik.com/berita-ekonomi-bisnis/d-8442584/heboh-pengadaan-laptop-alat-makan-rp-4-t-bos-bgn-buka-suara
Badan Gizi Nasional Bantah Program Makan Bergizi Penyebab Balita Meninggal - Babel Insight,positif,https://www.babelinsight.id/bgn-bantah-makan-bergizi-gratis-penyebab-kematian
"Badan Gizi Nasional Anggarkan Rp 5,7 Miliar untuk Koordinasi Virtual - Babel Insight",netral,https://www.babelinsight.id/anggaran-zoom-badan-gizi-nasional
BGN Temukan Boraks dan Bakteri pada Makanan Gratis di Anambas - Babel Insight,negatif,https://www.babelinsight.id/bgn-temukan-boraks-bakteri-makanan-gratis
BGN Bantah Pengadaan Laptop 32 Ribu Unit hingga Alat Makan MBG Rp4 T - CNN Indonesia,netral,https://www.cnnindonesia.com/ekonomi/20260413190834-92-1347510/bgn-bantah-pengadaan-laptop-32-ribu-unit-hingga-alat-makan-mbg-rp4-t
"Cegah Stunting, Badan Gizi Nasional Operasikan 19 Titik Layanan di Sleman - InfoPublik",positif,https://infopublik.id/kategori/nusantara/965745/cegah-stunting-badan-gizi-nasional-operasikan-19-titik-layanan-di-sleman
Kejanggalan Pengadaan Sepeda Motor MBG - Tempo.co,negatif,https://www.tempo.co/politik/sepeda-motor-bgn-ijazah-jokowi-2128302
Badan Gizi Nasional Beri Sanksi Tegas Pengelola Dapur Bermasalah - Babel Insight,netral,https://www.babelinsight.id/bgn-sanksi-pengelola-dapur-gizi
Sosialisasi Program MBG di Desa Pingit Temanggung Tekankan Peran Strategis BGN dan Dukungan Masyarakat - Inilahnews - Inilahnews,positif,https://www.inilahnews.com/news/11917076794/sosialisasi-program-mbg-di-desa-pingit-temanggung-tekankan-peran-strategis-bgn-dan-dukungan-masyarakat
"Tabrak Aturan Badan Gizi Nasional, SPPG Sukamandi Ciasem 012 Diduga ‘Pangkas’ Menu Balita Jadi Biskuit Kering - warta.in",negatif,https://warta.in/tabrak-aturan-badan-gizi-nasional-sppg-sukamandi-ciasem-012-diduga-pangkas-menu-balita-jadi-biskuit-kering/
Badan Gizi Nasional Hindari Penyeragaman Menu Makan Bergizi Gratis - Babel Insight,positif,https://www.babelinsight.id/bgn-hindari-penyeragaman-menu-makan
Badan Gizi Nasional Alokasikan Triliunan Rupiah untuk Pengadaan Operasional - Babel Insight,positif,https://www.babelinsight.id/pengadaan-barang-badan-gizi-nasional
"Dapur Kampus, Ikhtiar Gizi untuk Bangsa - suaraislam.id",positif,https://suaraislam.id/dapur-kampus-ikhtiar-gizi-untuk-bangsa/
"PENGAWASAN MBG DIPERKETAT, KEPALA BADAN GIZI NASIONAL KUKUHKAN SATGAS DI JEMBER - k-radiojember.com",positif,https://www.k-radiojember.com/artikel/pengawasan-mbg-diperketat-kepala-badan-gizi-nasional-kukuhkan-satgas-di-jember
Langkah Baru Badan Gizi Nasional Agar Program MBG Tepat Sasaran - Liputan6.com,positif,https://www.liputan6.com/news/read/6321965/langkah-baru-badan-gizi-nasional-agar-program-mbg-tepat-sasaran
Badan Gizi Nasional Prioritaskan 405 Daerah Terkait Makan Bergizi Gratis - Babel Insight,positif,https://www.babelinsight.id/bgn-prioritas-makan-bergizi-gratis
Badan Gizi Nasional Antisipasi Hoaks Program Makan Bergizi Gratis - Babel Insight,positif,https://www.babelinsight.id/bgn-antisipasi-hoaks-makan-bergizi
"Sosialisasi MBG di Desa Pingit Temanggung, Nafa Urbach Ajak Masyarakat Aktif Terlibat - JPNN.com",positif,https://jateng.jpnn.com/jateng-terkini/20082/sosialisasi-mbg-di-desa-pingit-temanggung-nafa-urbach-ajak-masyarakat-aktif-terlibat
BGN Jadi Potret Kolaborasi Aparat dan Sipil Tuntaskan Masalah Gizi - Republika Online,positif,https://news.republika.co.id/berita/tejqp0472/bgn-jadi-potret-kolaborasi-aparat-dan-sipil-tuntaskan-masalah-gizi
"Pengadaan Puluhan Ribu Motor Listrik untuk MBG, Emang Dipakai Buat Apa? - detikoto",netral,https://oto.detik.com/motor/d-8432977/pengadaan-puluhan-ribu-motor-listrik-untuk-mbg-emang-dipakai-buat-apa
Badan Gizi Nasional Seleksi Insentif Satuan Pelayanan Berstatus Suspend - AsatuNews.co.id,positif,https://www.asatunews.co.id/badan-gizi-nasional-seleksi-insentif-satuan-pelayanan-berstatus-suspend
BGN tingkatkan pengawasan terhadap SPPG Air Asuk di Anambas - ANTARA News,negatif,https://www.antaranews.com/berita/5553499/bgn-tingkatkan-pengawasan-terhadap-sppg-air-asuk-di-anambas
DPR RI apresiasi inovasi digital BGN Nabire - ANTARA News Papua Tengah,positif,https://papuatengah.antaranews.com/berita/82428/dpr-ri-apresiasi-inovasi-digital-bgn-nabire
"Prabowo Ingin MBG Fokus ke Anak Kurang Gizi, BGN Siapkan Tim Optimalisasi - Kompas.com",positif,https://nasional.kompas.com/read/2026/04/16/07140041/prabowo-ingin-mbg-fokus-ke-anak-kurang-gizi-bgn-siapkan-tim-optimalisasi
"Progres Perbaikan 11 SPPG di Mimika Dikebut, BGN Papua Tengah: Satu Dapur Diijinkan Beroperasi Kembali - Fajar Papua",netral,https://fajarpapua.com/2026/05/05/progres-perbaikan-11-sppg-di-mimika-dikebut-bgn-papua-tengah-satu-dapur-diijinkan-beroperasi-kembali/
"33 SPPG Papua Tengah Beroperasi, Sebagian Masih Disuspensi - Papua60Detik",positif,https://papua60detik.id/berita/33-sppg-papua-tengah-beroperasi-sebagian-masih-disuspensi
"Cegah Stunting, Badan Gizi Nasional Operasikan 19 Titik Layanan di Sleman - InfoPublik",positif,https://infopublik.id/kategori/nusantara/965745/index.html
BGN Adopsi Ketajaman Sistem Presisi Polri ke Dapur Nasional - Pikiran Rakyat Koran - Pikiran Rakyat Koran,positif,https://koran.pikiran-rakyat.com/news/pr-30310185908/bgn-adopsi-ketajaman-sistem-presisi-polri-ke-dapur-nasional
BGN Nabire: Pendidikan dan gizi dua hal yang tak terpisahkan - ANTARA News Papua Tengah,positif,https://papuatengah.antaranews.com/berita/82380/bgn-nabire-pendidikan-dan-gizi-dua-hal-yang-tak-terpisahkan
Kepala BGN Dorong Kampus Bangun SPPG Mandiri untuk MBG - patrolmedia.co.id,positif,https://patrolmedia.co.id/2026/05/05/kepala-bgn-dorong-kampus-bangun-sppg-mandiri-untuk-mbg/
BGN Buka Suara Terkait Penggunaan Rp 113 Miliar untuk Bayar EO - Kompas.com,negatif,https://nasional.kompas.com/read/2026/04/12/10235731/bgn-buka-suara-terkait-penggunaan-rp-113-miliar-untuk-bayar-eo?page=all
Badan Gizi Nasional bidik Jember jadi role model program MBG - ANTARA News,positif,https://www.antaranews.com/berita/5530039/badan-gizi-nasional-bidik-jember-jadi-role-model-program-mbg
Badan Gizi Nasional Siapkan 21.801 Motor Listrik Operasional SPPG - Babel Insight,positif,https://www.babelinsight.id/pengadaan-motor-listrik-badan-gizi
Badan Gizi Nasional Kembali Setop Sementara Ratusan SPPG - Tempo.co,negatif,https://www.tempo.co/politik/badan-gizi-nasional-kembali-setop-sementara-ratusan-sppg-2128366
"Penyebab 162 Siswa Keracunan di Anambas Terungkap, MBG Mengandung Boraks - Duta TV",negatif,https://dutatv.com/penyebab-162-siswa-keracunan-di-anambas-terungkap-mbg-mengandung-boraks/
Kemenkeu Batasi Pengadaan Motor Listrik Badan Gizi Nasional untuk Program MBG - InvestorTrust,negatif,https://investortrust.id/macro/99437/kemenkeu-batasi-pengadaan-motor-listrik-badan-gizi-nasional-untuk-program-mbg
"Intip Garasi Bos BGN, Totalnya Rp 1,4 Miliar - detikoto",negatif,https://oto.detik.com/profil/d-8440820/intip-garasi-bos-bgn-totalnya-rp-1-4-miliar
Badan Gizi Nasional Perkuat Pengawasan Program Makan Bergizi Gratis - AsatuNews.co.id,positif,https://www.asatunews.co.id/bgn-perkuat-pengawasan-makan-bergizi
Badan Gizi Nasional Buka-bukaan Rincian Anggaran Makan Bergizi Gratis - RRI.co.id,netral,https://rri.co.id/manado/nasional/2344576/badan-gizi-nasional-buka-bukaan-rincian-anggaran-makan-bergizi-gratis
"Badan Gizi Nasional Jadi Sasaran Hoaks, Cek Ragamnya - Liputan6.com",netral,https://www.liputan6.com/cek-fakta/read/6314995/badan-gizi-nasional-jadi-sasaran-hoaks-cek-ragamnya
Dapur MBG Unhas dinilai model integrasi riset gizi - Elshinta,positif,https://elshinta.com/validate-captcha?redirectUrl=/kategori/1/aktual-dalam-negeri/dapur-mbg-unhas-dinilai-model-integrasi-riset-gizi-162404
Keselamatan Anak Dipertaruhkan? 8 dari 11 Dapur MBG Natuna Tak Kantongi SLHS - Mandala POS,negatif,https://www.mandalapos.co.id/keselamatan-anak-dipertaruhkan-8-dari-11-dapur-mbg-natuna-tak-kantongi-slhs/
Badan Gizi Nasional Siapkan Dana Pengawasan Rp 700 Miliar - Koran Manado,positif,https://www.koranmanado.co.id/bgn-siapkan-dana-pengawasan-program-mbg
"Pasca Temuan Belatung di Ompreng MBG, BGN Setop Sementara Operasional SPPG Aralle - Radar Sulbar",negatif,https://radarsulbar.fajar.co.id/2026/05/04/pasca-temuan-belatung-di-ompreng-mbg-bgn-setop-sementara-operasional-sppg-aralle/
Dapur MBG Unhas Dinilai Jadi Model Integrasi Riset dan Program Gizi Nasional - ekonomi.republika.co.id,positif,https://ekonomi.republika.co.id/berita/tehzzh416/dapur-mbg-unhas-dinilai-jadi-model-integrasi-riset-dan-program-gizi-nasional
MBG: Kepala BGN klaim nilai pengadaan ribuan motor listrik di bawah harga pasar - BBC,netral,https://www.bbc.com/indonesia/articles/cly0dm5p331o
BGN Gandeng PERURI Kelola Anggaran Sistem Informasi Gizi Nasional - Babel Insight,positif,https://www.babelinsight.id/bgn-peruri-anggaran-sistem-gizi
Hambur Anggaran Badan Gizi - Tempo.co,negatif,https://www.tempo.co/kolom/hambur-anggaran-mbg-badan-gizi-nasional-2129303
Badan Gizi Nasional Bakal Putus Kerja Sama Dapur MBG Pelanggar SOP - AsatuNews.co.id,netral,https://www.asatunews.co.id/badan-gizi-nasional-sanksi-dapur-mbg
Badan Gizi Nasional Tutup Dapur Program Makan Bergizi di Cilegon - AsatuNews.co.id,negatif,https://www.asatunews.co.id/bgn-tutup-dapur-makan-bergizi-cilegon
Badan Gizi Nasional Tetapkan Wilayah Prioritas Makan Bergizi Gratis - AsatuNews.co.id,positif,https://www.asatunews.co.id/bgn-prioritas-wilayah-makan-bergizi
Badan Gizi Nasional Beri Sanksi Pengelola Dapur Program Makan Bergizi - AsatuNews.co.id,negatif,https://www.asatunews.co.id/bgn-sanksi-pengelola-dapur-makan-bergizi
BGN temukan SPPG di Tulungagung belum penuhi batas minimal penyuplai - Antara News jatim,netral,https://jatim.antaranews.com/berita/1054833/bgn-temukan-sppg-di-tulungagung-belum-penuhi-batas-minimal-penyuplai
Dapur MBG di Area Kampus Berpotensi Jadi Rujukan Nasional Pengembangan Gizi - Media Indonesia,positif,https://mediaindonesia.com/humaniora/886373/dapur-mbg-di-area-kampus-berpotensi-jadi-rujukan-nasional-pengembangan-gizi
"SPPG Kedungpilang Wonosamodro Boyolali Berkomitmen Berikan Pelayanan Optimal, Khususnya Pemenuhan Gizi Para Pelajar - lintassolorayanews.com",positif,https://www.lintassolorayanews.com/regional-dan-daerah/sppg-kedungpilang-wonosamodro-boyolali-berkomitmen-berikan-pelayanan-optimal-khususnya-pemenuhan-gizi-para-pelajar/
BGN Dorong Perguruan Tinggi Kelola Satuan Pelayanan Pemenuhan Gizi - Babel Insight,positif,https://www.babelinsight.id/bgn-dorong-kampus-kelola-sppg
HAK JAWAB: KLARIFIKASI RESMI SATUAN PELAYANAN PEMENUHAN GIZI (SPPG) NEGLASARI TERKAIT PEMBERITAAN “DUGAAN PELANGGARAN PROSEDUR PENGOLAHAN LIMBAH” - investigasi bhayangkara indonesia,netral,https://investigasi-bhayangkara.com/hak-jawab-klarifikasi-resmi-satuan-pelayanan-pemenuhan-gizi-sppg-neglasari-terkait-pemberitaan-dugaan-pelanggaran-prosedur-pengolahan-limbah/
"Rampungkan 3 SPPG di Bangka Belitung, Layanan Gizi Wilayah Kepulauan Kian Kuat - TopBusiness.id",positif,https://www.topbusiness.id/127948/rampungkan-3-sppg-di-bangka-belitung-layanan-gizi-wilayah-kepulauan-kian-kuat.html
IPB Siapkan Satuan Pelayanan Gizi Dukung Program Makan Gratis - AsatuNews.co.id,positif,https://www.asatunews.co.id/ipb-bangun-satuan-pelayanan-gizi
"Polres Sragen Luncurkan SPPG Krikilan, Perkuat Upaya Pemenuhan Gizi dan Generasi Sehat - Indonesian Police News –",positif,https://indonesianpolicenews.id/2026/05/04/polres-sragen-luncurkan-sppg-krikilan-perkuat-upaya-pemenuhan-gizi-dan-generasi-sehat/
Hutama Karya Rampungkan 80 Dapur Satuan Pelayanan Pemenuhan Gizi di Sumatera - Babel Insight,positif,https://www.babelinsight.id/hutama-karya-bangun-dapur-pemenuhan-gizi-sumatera
Program makan bergizi di Jambi sentuh 446.087 penerima manfaat - ANTARA News Jambi,positif,https://jambi.antaranews.com/berita/655860/program-makan-bergizi-di-jambi-sentuh-446087-penerima-manfaat
Pemerintah Beri Sanksi Operasional bagi 1.789 Satuan Pelayanan Gizi - Babel Insight,negatif,https://www.babelinsight.id/pemerintah-sanksi-operasional-satuan-pelayanan-gizi
DLH Palangka Raya Perketat Pengawasan Pengelolaan Limbah di Tempat Pelayanan Pemenuhan Gizi - dlh.palangkaraya.go.id,netral,https://dlh.palangkaraya.go.id/dlh-palangka-raya-perketat-pengawasan-pengelolaan-limbah-di-tempat-pelayanan-pemenuhan-gizi/
UI dan UNJ Kaji Pembentukan Satuan Pelayanan Gizi Nasional - AsatuNews.co.id,netral,https://www.asatunews.co.id/ui-unj-kaji-satuan-gizi
"Sidak hingga Dini Hari, Heri Gunawan Bongkar Kondisi Dapur Program MBG di Sukabumi - Sukabumi Ku",positif,https://sukabumiku.id/sidak-hingga-dini-hari-heri-gunawan-bongkar-kondisi-dapur-program-mbg-di-sukabumi/
"Wabup Blora Resmikan SPPG Polres 03, Diminta Jangkau Wilayah Terpencil - SuaraBaru.id",positif,https://suarabaru.id/2026/05/04/wabup-blora-resmikan-sppg-polres-03-diminta-jangkau-wilayah-terpencil
Hutama Karya Tuntaskan 80 Dapur Gizi di Sumatera - BeritaSatu.com,positif,https://www.beritasatu.com/nasional/2990802/hutama-karya-tuntaskan-80-dapur-gizi-di-sumatera
Wakapolri Tinjau Satuan Pelayanan Pemenuhan Gizi di Baubau - RRI.co.id,positif,https://rri.co.id/kendari/regional/2351530/wakapolri-tinjau-satuan-pelayanan-pemenuhan-gizi-di-baubau
BGN Setop Insentif Ribuan Satuan Pelayanan Gizi yang Kena Suspend - AsatuNews.co.id,negatif,https://www.asatunews.co.id/bgn-setop-insentif-sppg-suspend
"Dorong Standar Keamanan Pangan, SUCOFINDO Gelar Pelatihan bagi Satuan Pelayanan Pemenuhan Gizi - pontianakinfo.disway.id - Pontianak Info",positif,https://pontianakinfo.disway.id/news/read/24985/dorong-standar-keamanan-pangan-sucofindo-gelar-pelatihan-bagi-satuan-pelayanan-pemenuhan-gizi
"Sidak Dapur MBG Aralle, Satgas: Fasilitas dan Proses Penuhi Standar - Pikiran Rakyat Sulbar - Pikiran Rakyat Sulbar",positif,https://sulbar.pikiran-rakyat.com/lainnya/pr-31110184104/sidak-dapur-mbg-aralle-satgas-fasilitas-dan-proses-penuhi-standar
"Tak Punya SLHS, Dapur MBG Bisa Disetop Sementara - CNBC Indonesia",netral,https://www.cnbcindonesia.com/news/20260427113748-4-730105/tak-punya-slhs-dapur-mbg-bisa-disetop-sementara
"GUNA PEMENUHAN GIZI GRATIS, SATUAN PELAYANAN PEMENUHAN GIZI (SPPG) PEKON RAWAS RESMI DIBUKA - pesisirbaratkab.go.id",positif,https://pesisirbaratkab.go.id/berita/guna-pemenuhan-gizi-gratis-satuan-pelayanan-pemenuhan-gizi-sppg-pekon-rawas-resmi-dibuka-2
Seremonial Penyerahan Program Makan Bergizi Gratis (MBG) oleh Satuan Pelayanan Pemenuhan Gizi (SPPG) Buleleng Busungbiu 2 (Yayasan Widya Dharma Bali) yang dilaksanakan di SD Negeri 1 Kekeran. - Kecamatan Busungbiu,positif,https://busungbiu.bulelengkab.go.id/informasi/detail/berita/48_seremonial-penyerahan-program-makan-bergizi-gratis-mbg-oleh-satuan-pelayanan-pemenuhan-gizi-sppg-buleleng-busungbiu-2-yayasan-widya-dharma-bali-yang-dilaksanakan-di-sd-negeri-1-kekeran
Kapolsek Bantul Cek Satuan Pelayanan Pemenuhan Gizi (SPPG) di Wilayah Kalurahan Trirenggo - Polda DIY,netral,https://jogja.polri.go.id/bantul/tribrata-news/online/detail/kapolsek-bantul-cek-satuan-pelayanan-pemenuhan-gizi--sppg--di-wilayah-kalurahan-trirenggo.html
"SISTEM LAYANAN PENGADUAN SATUAN PELAYANAN PEMENUHAN GIZI (SPPG) RESMI DISOSIALISASIKAN, PEMKAB PESISIR BARAT DUKUNG TRANSPARANSI DAN KUALITAS - pesisirbaratkab.go.id",positif,https://pesisirbaratkab.go.id/berita/sistem-layanan-pengaduan-satuan-pelayanan-pemenuhan-gizi-sppg-resmi-disosialisasikan-pemkab-pesisir-barat-dukung-transparansi-dan-kualitas
"LANGKAH NYATA PERANGI STUNTING, SATUAN PELAYANAN PEMENUHAN GIZI (SPPG) RESMI HADIR DI PEKON WAY REDAK - pesisirbaratkab.go.id",positif,https://pesisirbaratkab.go.id/berita/langkah-nyata-perangi-stunting-satuan-pelayanan-pemenuhan-gizi-sppg-resmi-hadir-di-pekon-way-redak
Badan Gizi Nasional Seleksi Penerima Insentif Satuan Pelayanan Gizi - HarianBasis.co,netral,https://www.harianbasis.co/insentif-satuan-pelayanan-gizi-nasional
Melaspas Dapur Satuan Pelayanan Pemenuhan Gizi (SPPG) - Website Desa Pengulon,positif,https://pengulon-buleleng.desa.id/index.php/first/artikel/1550-Melaspas-Dapur-Satuan-Pelayanan-Pemenuhan-Gizi--SPPG-
Kota Kupang Dorong Percepatan Sertifikat Higiene Sanitasi Demi Dukung Program Makan Bergizi Gratis - Prokopim Kota Kupang,positif,https://prokopim.kupangkota.go.id/site-berita/read/304-kota-kupang-dorong-percepatan-sertifikat-higiene-sanitasi-demi-dukung-program-makan-bergizi-gratis
KADIN Institute: MBG Ubah Lanskap Bisnis di Daerah - investor.id,positif,https://investor.id/national/434876/kadin-institute-mbg-ubah-lanskap-bisnis-di-daerah#goog_rewarded
Bupati Karo Hadiri Peresmian Satuan Pelayanan Pemenuhan Gizi (SPPG) Polres Karo - RRI.co.id,positif,https://rri.co.id/medan/regional/2323404/privacy.html
MBG: 2.721 SPPG sempat ditutup sementara - 'Sertifikasi jangan hanya formalitas administrasi saja' - BBC,negatif,https://www.bbc.com/indonesia/articles/c4g257y1pr9o
Jatim Terbanyak! BGN Bekukan 1.512 Satuan Pelayanan Gizi di Wilayah II - jatimnow.com,negatif,https://jatimnow.com/baca-83007-jatim-terbanyak-bgn-bekukan-1512-satuan-pelayanan-gizi-di-wilayah-ii
"Apresiasi Kelengkapan Fasilitas, Pemprov Kalsel Resmikan Satuan Pelayanan Pemenuhan Gizi Kelayan Timur - Media Center Provinsi Kalimantan Selatan",positif,https://diskominfomc.kalselprov.go.id/2026/01/10/apresiasi-kelengkapan-fasilitas-pemprov-kalsel-resmikan-satuan-pelayanan-pemenuhan-gizi-kelayan-timur/
KAPOLSEK MOJOSONGO HADIRI PERESMIAN SATUAN PELAYANAN PEMENUHAN GIZI (SPPG) METUK - DIVISI HUMAS POLRI,positif,https://humas.polri.go.id/news/detail/2276036-kapolsek-mojosongo-hadiri-peresmian-satuan-pelayanan-pemenuhan-gizi-sppg-metuk
"Kawal Program Makan Bergizi Gratis, Forkopimcam Pancalang Sidak Kesiapan Dapur Satuan Pelayanan Gizi - DIVISI HUMAS POLRI",netral,https://humas.polri.go.id/news/detail/2243710-kawal-program-makan-bergizi-gratis-forkopimcam-pancalang-sidak-kesiapan-dapur-satuan-pelayanan-gizi
Satuan Pelayanan Pemenuhan Gizi Ke - Pemerintah Kabupaten Gunungkidul,positif,https://desatepus.gunungkidulkab.go.id/first/artikel/6598-Satuan-Pelayanan-Pemenuhan-Gizi-Kecamatan-Tepus-Sajikan-Menu-MBG-Bergizi-Seimbang-untuk-Masyarakat
"Wabup TTU Launching SPPG Sasi 03 Kefamenanu, Dorong Pemenuhan Gizi dan Penguatan Ekonomi Lokal - Kefamenanu News",positif,https://lpplrspdttu-tvbiinmaffo.ttukab.go.id/berita-pemerintahan/wabup-ttu-launching-sppg-sasi-03-kefamenanu-dorong-pemenuhan-gizi-dan-penguatan-ekonomi-lokal/
Polres PPU Tingkatkan Pengawasan Pelayanan SPPG Demi Optimalisasi Pemenuhan Gizi Masyarakat - DIVISI HUMAS POLRI,positif,https://humas.polri.go.id/news/detail/2315893-polres-ppu-tingkatkan-pengawasan-pelayanan-sppg-demi-optimalisasi-pemenuhan-gizi-masyarakat
"Dukung Generasi Sehat, Kapolsek Mantrijeron Pantau Kesiapan Dapur Unit Pelayanan Pemenuhan Gizi - Polda DIY",positif,https://jogja.polri.go.id/yogyakarta/tribrata-news/online/detail/dukung-generasi-sehat--kapolsek-mantrijeron-pantau-kesiapan-dapur-unit-pelayanan-pemenuhan-gizi.html
"Pastikan Program MBG Optimal, Mas Adi Tinjau Operasional Satuan Pelayanan Gizi di Kota Pasuruan - RAMAPATI Kota Pasuruan",positif,https://ramapati.pasuruankota.go.id/2026/03/04/pastikan-program-mbg-optimal-mas-adi-tinjau-operasional-satuan-pelayanan-gizi-di-kota-pasuruan/
Kapolda Sultra Resmikan Satuan Pelayanan Pemenuhan Gizi (SPPG) Polres Buton Utara - BIDHUMAS POLDA SULTRA,positif,https://tribratanews.sultra.polri.go.id/kapolda-sultra-resmikan-satuan-pelayanan-pemenuhan-gizi-sppg-polres-buton-utara/
"Dukung Kelancaran Program MBG di Bulan Ramadan, Kepala SPPG dan Ahli Gizi Ikuti Pelatihan Peningkatan Kapabilitas – Portal Resmi Kota Sukabumi - Portal Resmi Kota Sukabumi",positif,https://portal.sukabumikota.go.id/dukung-kelancaran-program-mbg-di-bulan-ramadan-sppg-di-kota-sukabumi-ikuti-pelatihan-pengawas-dan-pemenuhan-gizi/
Badan Gizi Nasional Hentikan Sementara Operasional 1.528 Satuan Pelayanan Pemenuhan Gizi - Warta Ekonomi,negatif,https://wartaekonomi.co.id/read605562/badan-gizi-nasional-hentikan-sementara-operasional-1528-satuan-pelayanan-pemenuhan-gizi
"Dukung Program Gizi Nasional, Kapolda DIY Launching Satuan Pelayanan Pemenuhan Gizi (SPPG) Polri di Argorejo Bantul - Polda DIY",positif,https://jogja.polri.go.id/bantul/tribrata-news/online/detail/dukung-program-gizi-nasional--kapolda-diy-launching-satuan-pelayanan-pemenuhan-gizi--sppg--polri-di-argorejo-bantul.html
Website Dinas Kesehatan Kota Yogyakarta - Dinas Kesehatan Kota Yogyakarta,positif,https://kesehatan.jogjakota.go.id/berita/id/706
"HUTAMA KARYA BANGUN 80 TITIK SPPG, PERKUAT MBG DI HARI GIZI NASIONAL 2026 - hutamakarya.com",positif,https://www.hutamakarya.com/en/hutama-karya-bangun-80-titik-sppg-perkuat-mbg-di-hari-gizi-nasional-2026
"SPPG Bertambah, Maryono: Dari Gizi Kita Bangun SDM Masa Depan Negeri - Pemerintah Kota Tangerang",positif,https://www.tangerangkota.go.id/berita/detail/62333/sppg-bertambah-maryono-dari-gizi-kita-bangun-sdm-masa-depan-negeri
Satuan Pelayanan Pemenuhan Gizi Kabupaten Gresik Perluas Jangkauan Program Makanan Bergizi Gratis - Jawa Pos,positif,https://radargresik.jawapos.com/kota-gresik/2507180003/satuan-pelayanan-pemenuhan-gizi-kabupaten-gresik-perluas-jangkauan-program-makanan-bergizi-gratis
Website DJKN - DJKN,positif,https://www.djkn.kemenkeu.go.id/kpknl-mataram/baca-berita/40531/KPKNL-Mataram-Mendukung-Program-Prioritas-Nasional-Makan-Bergizi-Gratis-melalui-Penilaian-SPPG-daerah-Terpencil.html
"Launching SPPG Mudal, Dukung Program Pemenuhan Gizi bagi 1.050 Siswa di Purworejo - Purworejokab.go.id",positif,https://bakesbangpol.purworejokab.go.id/launching-sppg-mudal-dukung-program-pemenuhan-gizi-bagi-1050-siswa-di-purworejo
Wabup Bone Resmikan Satuan Pelayanan Pemenuhan Gizi (SPPG) Macanang - bone.go.id,positif,https://bone.go.id/2025/11/24/wabup-bone-resmikan-satuan-pelayanan-pemenuhan-gizi-sppg-macanang/
"SPPG Pakuncen Resmi Diluncurkan, Dukung Gizi Seimbang untuk Generasi Muda - Polda DIY",positif,https://jogja.polri.go.id/polda/tribrata-news/online/detail/sppg-pakuncen-resmi-diluncurkan--dukung-gizi-seimbang-untuk-generasi-muda.html
"Ibas Pastikan Standar Higienitas dan Gizi MBG Terjaga, SPPG Karanglo Jadi Contoh Dapur Sehat Berbasis Ekonomi Lokal - mpr.go.id",positif,https://www.mpr.go.id/berita/ibas-tinjau-mbg-di-ponorogo
Peresmian dan Tasyakuran Satuan Pelayanan Pemenuhan Gizi di Desa Sidomulyo - Purworejokab.go.id,positif,https://kec-purworejo.purworejokab.go.id/peresmian-dan-tasyakuran-satuan-pelayanan-pemenuhan-gizi-di-desa-sidomulyo
"Peresmian SPPG Garuda Bakti Pertiwi Usman Harun, Wawako Ariza Tinjau Kesiapan Layanan Gizi - Pemerintah Kota Tanjungpinang",positif,https://humprofoto.tanjungpinangkota.go.id/news/peresmian-sppg-garuda-bakti-pertiwi-usman-harun-wawako-ariza-tinjau-kesiapan-layanan-gizi.html
Wakil Bupati Kukar Tinjau Dapur SPPG Makanan Bergizi Gratis Kota Bangun - Kukarpaper.com,netral,https://kukarpaper.com/wakil-bupati-kukar-tinjau-dapur-sppg-makanan-bergizi-gratis-kota-bangun/
Badan Gizi Nasional Jatuhkan Sanksi Ribuan Satuan Pelayanan - RRI.co.id,negatif,https://rri.co.id/nasional/2277316/badan-gizi-nasional-jatuhkan-sanksi-ribuan-satuan-pelayanan
PROGRAM MAKAN BERGIZI GRATIS BAGI ANAK SEKOLAH OLEH SATUAN PELAYANAN PEMENUHAN GIZI (SPPG) BADAN GIZI NASIONAL DI WILAYAH HUKUM POLSEK CIWIDEY - Katerciko -,positif,https://katerciko.com/program-makan-bergizi-gratis-bagi-anak-sekolah-oleh-satuan-pelayanan-pemenuhan-gizi-sppg-badan-gizi-nasional-di-wilayah-hukum-polsek-ciwidey-4/
Inovasi dan Teknologi untuk Masyarakat - Smart City Kota Bekasi,positif,https://smartcity.bekasikota.go.id/berita/8050
Kang Suyat Minta Satuan Pelayanan Gizi Utamakan Bahan Pangan Lokal - kominfo.magetan.go.id,positif,https://kominfo.magetan.go.id/kang-suyat-minta-satuan-pelayanan-gizi-utamakan-bahan-pangan-lokal/
Target pembangunan Satuan Pelayanan Pemenuhan Gizi (SPPG) dari Badan Gizi Nasional (BGN) di Kabupaten Malang Masih Kurang 89 Titik SPPG - Radar Malang,negatif,https://radarmalang.jawapos.com/kabupaten-malang/2512070012/target-pembangunan-satuan-pelayanan-pemenuhan-gizi-sppg-dari-badan-gizi-nasional-bgn-di-kabupaten-malang-masih-kurang-89-titik-sppg
Badan Gizi Nasional Siapkan 21.801 Motor Listrik untuk Satuan Pelayanan - AsatuNews.co.id,positif,https://www.asatunews.co.id/pengadaan-motor-listrik-badan-gizi-nasional
Kapolsek Sinar Peninjauan Hadiri Launching Satuan Pelayanan Pemenuhan Gizi Desa Srimulya - DIVISI HUMAS POLRI,positif,https://humas.polri.go.id/news/detail/2249795-kapolsek-sinar-peninjauan-hadiri-launching-satuan-pelayanan-pemenuhan-gizi-desa-srimulya
"Pemkab. Kotabaru bersama Badan Gizi Nasional ( BGN) Resmikan Satuan Pelayanan Pemenuhan Gizi ( SPPG ) Desa Semayap Kecamatan Pulau Laut Utara Kabupaten Kotabaru, Yayasan Alifa Cahaya Bersinar ,untuk Program Makan Bergizi Gratis ( MBG ) - Cakra Bhayangkara News",positif,https://cakrabhayangkaranews.com/pemkab-kotabaru-bersama-badan-gizi-nasional-bgn-resmikan-satuan-pelayanan-pemenuhan-gizi-sppg-desa-semayap-kecamatan-pulau-laut-utara-kabupaten-kotabaru-yayasan-alifa-cahaya-bersinar-untuk-p/
Kapolsek Sojol Hadiri Launching Satuan Pelayanan Pemenuhan Gizi di Desa Tonggolobibi. - Polri,positif,https://tribratatwnews.sulteng.polri.go.id/2026/01/26/kapolsek-sojol-hadiri-launching-satuan-pelayanan-pemenuhan-gizi-di-desa-tonggolobibi/
Launching SPPG Padangdangan Perkuat Layanan Gizi Masyarakat - Website | Kabupaten Sumenep,positif,https://www.sumenepkab.go.id/berita/baca/launching-sppg-padangdangan-perkuat-layanan-gizi-masyarakat
"Dukung Kualitas Kesehatan Anak, SPPG Pakuncen Wirobrajan Resmi Diluncurkan - Polda DIY",positif,https://jogja.polri.go.id/yogyakarta/tribrata-news/online/detail/dukung-kualitas-kesehatan-anak--sppg-pakuncen-wirobrajan-resmi-diluncurkan.html
Bupati Garut: Kualitas Gizi adalah Kunci Menyongsong Indonesia Emas 2045 - Jabarprov,netral,https://www.jabarprov.go.id/berita/bupati-garut-kualitas-gizi-adalah-kunci-menyongsong-indonesia-emas-2045-23421
Presiden Prabowo: Program Pemenuhan Gizi Perkuat Fondasi Kebangkitan Ekonomi Nasional - Presiden RI,positif,https://presidenri.go.id/siaran-pers/presiden-prabowo-program-pemenuhan-gizi-perkuat-fondasi-kebangkitan-ekonomi-nasional/
"Ada 21 Ribu Unit SPPG hingga Awal 2026, Ini Tren Bulanannya | Pusat Data Ekonomi dan Bisnis Indonesia - Databoks",netral,https://databoks.katadata.co.id/ekonomi-makro/statistik/6970a62d95986/ada-21-ribu-unit-sppg-hingga-awal-2026-ini-tren-bulanannya
"SPPG Jadi Prioritas di PLBN Yetetkun, Sekretaris BNPP RI Dorong Pemenuhan Gizi Warga Perbatasan - Badan Nasional Pengelola Perbatasan Republik Indonesia (BNPP RI)",positif,https://bnpp.go.id/berita/sppg-jadi-prioritas-di-plbn-yetetkun-sekretaris-bnpp-ri-dorong-pemenuhan-gizi-warga-perbatasan
Website DJKN - DJKN,positif,https://www.djkn.kemenkeu.go.id/kpknl-tasikmalaya/baca-berita/40554/Melewati-Medan-Ekstrem-KPKNL-Tasikmalaya-Tinjau-Dapur-Makan-Bergizi Gratis-di-Pelosok-Garut.html
"Aktivitas Dapur Satuan Pelayanan Pemenuhan Gizi Terhenti, Kelengkapan Fasilitas Jadi Penentu - tangerangekspres.disway.id - Disway",negatif,https://tangerangekspres.disway.id/banten/read/36824/aktivitas-dapur-satuan-pelayanan-pemenuhan-gizi-terhenti-kelengkapan-fasilitas-jadi-penentu
"Demi Keamanan Gizi Nasional, BGN Suspend 1.528 Dapur Satuan Pelayanan Pemenuhan Gizi - garuda tv",negatif,https://garuda.tv/demi-keamanan-gizi-nasional-bgn-suspend-1-528-dapur-satuan-pelayanan-pemenuhan-gizi/
Satuan Pelayanan Pemenuhan Gizi Desa Oelatimo Mulai Dibangun - Swara Timor,positif,https://swaratimor.co.id/2026/01/31/satuan-pelayanan-pemenuhan-gizi-desa-oelatimo-mulai-dibangun/
Polres Batang Resmi Luncurkan Satuan Pelayanan Pemenuhan Gizi untuk Dukung Program Makan Bergizi Gratis - DIVISI HUMAS POLRI,positif,https://humas.polri.go.id/news/detail/2178059-polres-batang-resmi-luncurkan-satuan-pelayanan-pemenuhan-gizi-untuk-dukung-program-makan-bergizi-gratis
Kapolsek Sumber Hadiri Peresmian Satuan Pelayanan Pemenuhan Gizi di Kecamatan Kemantren - tribratanews-polrescirebon.com,positif,https://tribratanews-polrescirebon.com/kapolsek-sumber-hadiri-peresmian-satuan-pelayanan-pemenuhan-gizi-di-kecamatan-kemantren/
"Program MBG Dievaluasi, BGN Beri Sanksi 1.251 SPPG - Infobanknews",negatif,https://infobanknews.com/program-mbg-dievaluasi-bgn-beri-sanksi-1-251-sppg
"Subang dan Indramayu Bersinergi, Perkuat Pengawasan Satuan Pelayanan Gizi Jabar - Pikiran Rakyat Subang - Pikiran Rakyat Subang",positif,https://subang.pikiran-rakyat.com/subang-raya/pr-6510117139/subang-dan-indramayu-bersinergi-perkuat-pengawasan-satuan-pelayanan-gizi-jabar
7Sebanyak 3 SPPG di Tulungagung urus SLHS gunakan sistem OSS - Antara News jatim,negatif,https://jatim.antaranews.com/berita/1063067/7sebanyak-3-sppg-di-tulungagung-urus-slhs-gunakan-sistem-oss
Investor SPPG di Yogyakarta Laporkan Dosen UGM Terkait Dugaan Pelanggaran Kerja Sama - Liputan6.com,negatif,https://www.liputan6.com/regional/read/6328852/investor-sppg-di-yogyakarta-laporkan-dosen-ugm-terkait-dugaan-pelanggaran-kerja-sama
"SPPG Menteng 1 Perkuat Keamanan Pangan lewat Sistem QR Code Terintegrasi, Apa Keunggulannya? - Jawa Pos",positif,https://kaltengpos.jawapos.com/palangka-raya/2605040034/sppg-menteng-1-perkuat-keamanan-pangan-lewat-sistem-qr-code-terintegrasi-apa-keunggulannya
BGN Minta Pemda Awasi SPPG di Wilayah Masing-Masing - JPNN.com,netral,https://www.jpnn.com/video/bgn-minta-pemda-awasi-sppg-di-wilayah-masing-masing
Relawan SPPG Pantoloan Palu Curhat Beban Kerja Berat dan Gaji Tak Seimbang di Media Sosial - Tribunpalu.com,negatif,https://palu.tribunnews.com/palu/184872/relawan-sppg-pantoloan-palu-curhat-beban-kerja-berat-dan-gaji-tak-seimbang-di-media-sosial
Biddokkes Lakukan Food Safety di SPPG SPN Polda Sulut - RRI.co.id,positif,https://rri.co.id/manado/regional/2388664/biddokkes-lakukan-food-safety-di-sppg-spn-polda-sulut
Rakor SPPG Dorong Pemanfaatan Produk Lokal Pati - Diskominfo Pati,positif,https://diskominfo.patikab.go.id/frontpanel/berita/detail/eCtva0UrUHhpMndPWUpxUTdXR1ZHQT09
BEM UI Tolak Pembangunan SPPG di Kampus - Tempo.co,negatif,https://www.tempo.co/politik/bem-ui-tolak-pembangunan-sppg-di-kampus-2133534
Wabup Mimika: 11 SPPG ditutup sementara sedang proses perbaikan - ANTARA News Papua Tengah,negatif,https://papuatengah.antaranews.com/berita/82448/wabup-mimika-11-sppg-ditutup-sementara-sedang-proses-perbaikan
"Tinjau Dapur SPPG Di Karawang, Wardatul Tegaskan Standar Keamanan Pangan Tak Bisa Ditawar - Gerindra",positif,https://gerindra.id/2026/05/04/tinjau-dapur-sppg-di-karawang-wardatul-tegaskan-standar-keamanan-pangan-tak-bisa-ditawar/
Wakil Walikota Tanjungbalai Tinjau Dua SPPG yang Segera Beroperasi - RRI.co.id,positif,https://rri.co.id/medan/regional/2389001/wakil-walikota-tanjungbalai-tinjau-dua-sppg-yang-segera-beroperasi
"Pererat Sinergitas, Kepala SPPG Tersana 2 Sambangi Mako Polsek Sukagumiwang - DIVISI HUMAS POLRI",positif,https://humas.polri.go.id/news/detail/2375264-pererat-sinergitas-kepala-sppg-tersana-2-sambangi-mako-polsek-sukagumiwang
"Pemkot Cilegon Resmikan Dapur SPPG Tegal Ratu 009, Perkuat Pemenuhan Gizi dan Pemberdayaan Ekonomi Masyarakat :: Berita Cilegon - Berita Cilegon",positif,"https://berita.cilegon.go.id/baca/Pemkot-Cilegon-Resmikan-Dapur-SPPG-Tegal-Ratu-009,-Perkuat-Pemenuhan-Gizi-dan-Pemberdayaan-Ekonomi-Masyarakat/20260504/MjU2MjI4"
Kementerian PU Rampungkan 3 SPPG di Bangka Belitung - InvestorTrust,positif,https://investortrust.id/business/102209/kementerian-pu-rampungkan-3-sppg-di-bangka-belitung
Anggota DPD minta tindak tegas kasus penganiayaan kepala SPPG di Jabar - ANTARA News,negatif,https://www.antaranews.com/berita/5553924/anggota-dpd-minta-tindak-tegas-kasus-penganiayaan-kepala-sppg-di-jabar
Wali Kota Cilegon Letakkan Batu Pertama Pembangunan Gedung SPPG di Karang Asem - Berita Cilegon,positif,https://berita.cilegon.go.id/baca/Wali-Kota-Cilegon-Letakkan-Batu-Pertama-Pembangunan-Gedung-SPPG-di-Karang-Asem/20260504/MjIyMTQ5
SPPG Jakut Kelapa Gading Pegangsaan Dua 2 Raih Predikat Dapur Terbaik dari Badan Gizi Nasional - DIVISI HUMAS POLRI,positif,https://humas.polri.go.id/news/detail/2371386-sppg-jakut-kelapa-gading-pegangsaan-dua-2-raih-predikat-dapur-terbaik-dari-badan-gizi-nasional
"Danramil Turun Tangan di SPPG Sidoarjo, Ingatkan Soal Nyawa di Balik Makanan Warga - Radar Bangsa",negatif,https://radarbangsa.co.id/danramil-turun-tangan-di-sppg-sidoarjo-ingatkan-soal-nyawa-di-balik-makanan-warga/
"Insiden Ayam Belatung, SPPG Kuala Behe Akui Kelalaian di SDN 13 Nyayum Landak - Inside Pontianak",negatif,https://insidepontianak.com/landak/42411/insiden-ayam-belatung-sppg-kuala-behe-akui-kelalaian-di-sdn-13-nyayum-landak
Plt Bupati Pati Minta SPPG Mampu Serap Produk Lokal - Seputar Muria,positif,https://www.seputarmuria.com/plt-bupati-pati-minta-sppg-mampu-serap-produk-lokal/
BPBD Tangerang beri pelatihan pegawai SPPG penanganan kebakaran - ANTARA News Banten,positif,https://banten.antaranews.com/berita/380336/bpbd-tangerang-beri-pelatihan-pegawai-sppg-penanganan-kebakaran
Sekcam Kubutambahan Terima Koordinasi Awal SPPG Kubutambahan Terkait Sosialisasi Program - Kecamatan Kubutambahan,negatif,https://kubutambahan.bulelengkab.go.id/informasi/detail/berita/83_sekcam-kubutambahan-terima-koordinasi-awal-sppg-kubutambahan-terkait-sosialisasi-program
73 SPPG di Tulungagung urus SLHS melalui sistem OSS - ANTARA News,negatif,https://www.antaranews.com/berita/5553524/73-sppg-di-tulungagung-urus-slhs-melalui-sistem-oss
"Mayoritas Dapur SPPG Belum Kantongi SLH, Dinkes Lampura Perketat Pengawasan - rmollampung.id",negatif,https://rmollampung.id/mayoritas-dapur-sppg-belum-kantongi-slh-dinkes-lampura-perketat-pengawasan
"Saat kampus membuka SPPG, apakah inovasi atau distorsi fungsi akademik? - - Suara Muslim Radio Network",negatif,https://suaramuslim.net/saat-kampus-membuka-sppg-apakah-inovasi-atau-distorsi-fungsi-akademik/
Tim Food Safety Biddokkes Polda Kaltim Cek Kualitas Makanan di SPPG Stalkuda Balikpapan - tribratakutim.com,positif,https://www.tribratakutim.com/kabar-polsek/rantau-pulung/tim-food-safety-biddokkes-polda-kaltim-cek-kualitas-makanan-di-sppg-stalkuda-balikpapan/211889.html
"SPPG Polres PALI 2 Resmi Beroperasi, 2.647 Penerima Manfaat Siap Nikmati Program MBG - Citra Sumsel - Citra Sumsel",positif,https://www.citrasumsel.com/pali/602615517/sppg-polres-pali-2-resmi-beroperasi-2647-penerima-manfaat-siap-nikmati-program-mbg
BPBD Tangerang berikan pelatihan pegawai SPPG penanganan kebakaran - ANTARA News,positif,https://www.antaranews.com/berita/5553475/bpbd-tangerang-berikan-pelatihan-pegawai-sppg-penanganan-kebakaran
Azhari Cage minta aparat tindak tegas pelaku kekerasan terhadap SPPG asal Aceh di Jawa Barat - ANTARA News,negatif,https://aceh.antaranews.com/berita/405435/azhari-cage-minta-aparat-tindak-tegas-pelaku-kekerasan-terhadap-sppg-asal-aceh-di-jawa-barat
Oknum SPPG Lempeji Dilaporkan ke Mapolres Jember Gegara Hal Ini - mantranews,negatif,https://mantranews.id/2026/05/oknum-sppg-lempeji-dilaporkan-ke-mapolres-jember-gegara-hal-ini/
Dapur SPPG Panimbangjaya 06 Pastikan Kualitas Nutrisi dalam Program MBG - SERGAP,positif,https://sergap.co.id/2026/05/05/dapur-sppg-panimbangjaya-06-pastikan-kualitas-nutrisi-dalam-program-mbg/
SPPG Pondokkelor 2 Gelar Baksos Door to Door Bagi Warga Kurang Mampu - Pemerintah Kabupaten Probolinggo,positif,https://probolinggokab.go.id/sppg-pondokkelor-2-gelar-baksos-door-to-door-bagi-warga-kurang-mampu/
Hadirnya SPPG YFMI di Kelurahan 17 Ilir Tidak Ada Pungli Oleh Warga Dan Terjalinnya Hubungan Harmonis - ampuh news,positif,https://ampuhnews.com/hadirnya-sppg-yfmi-di-kelurahan-17-ilir-tidak-ada-pungli-oleh-warga-dan-terjalinnya-hubungan-harmonis/
Santunan Untuk Tunanetra dan Yasinan Warnai Peresmian SPPG OKU 1 - Polri,positif,https://mediahub.polri.go.id/in/image/detail/454098-santunan-untuk-tunanetra-dan-yasinan-warnai-peresmian-sppg-oku-1
SPPG Purwasari Banjarsari Ciamis Serap Tenaga Kerja 75 persen Warga Lokal - Bandung Berita,positif,https://bandungberita.com/sppg-purwasari-banjarsari-ciamis-serap-tenaga-kerja-75-persen-warga-lokal/
"Kepala BPOM Sidak SPPG di Jakarta, Pastikan Pelaksanaan MBG Sesuai Standar Keamanan Pangan - Badan POM",positif,https://www.pom.go.id/berita/kepala-bpom-sidak-sppg-di-jakarta-pastikan-pelaksanaan-mbg-sesuai-standar-keamanan-pangan
Makanan Bergizi Gratis untuk PAUD SKB Bontang Mulai Diterima - Klik Kaltim,positif,https://klikkaltim.com/category/advertorial/makanan-bergizi-gratis-untuk-paud-skb-bontang-mulai-diterima
"Berita :: Menguatkan Akuntabilitas, Mengawal Program Prioritas Peran Strategis Lokakarya dalam Pengelolaan Keuangan SPPG - BPPK Kemenkeu",positif,https://bppk.kemenkeu.go.id/balai-diklat-keuangan-balikpapan/berita/menguatkan-akuntabilitas-mengawal-program-prioritas-peran-strategis-lokakarya-dalam-pengelolaan-keuangan-sppg-729563
Disperindagkop UKM Kobar Perkuat Sinergi UMKM dan SPPG untuk Dukung Program Makan Bergizi Gratis - MMC Kotawaringin Barat,positif,https://mmc.kotawaringinbaratkab.go.id/berita/disperindagkop-ukm-kobar-perkuat-sinergi-umkm-dan-sppg-untuk-dukung-program-makan-bergizi-gratis
"Perluas Jangkauan Gizi, Camat Pulosari Resmikan SPPG Sukasari 002 di Tengah Masifnya Pembangunan Dapur MBG - Salakanews",positif,https://salakanews.com/perluas-jangkauan-gizi-camat-pulosari-resmikan-sppg-sukasari-002-di-tengah-masifnya-pembangunan-dapur-mbg/
Kepala BGN Minta Kampus Bangun Dapur SPPG untuk Dukung MBG - CNN Indonesia,positif,https://www.cnnindonesia.com/ekonomi/20260429160716-92-1353508/kepala-bgn-minta-kampus-bangun-dapur-sppg-untuk-dukung-mbg
"Dukung Program Presiden, Kapolres Gresik Tinjau SPPG and MBG di SLB Kemala Bhayangkari 2 - memorandum.disway.id - Memorandum.co.id",positif,https://memorandum.disway.id/polres-gresik/read/158350/dukung-program-presiden-kapolres-gresik-tinjau-sppg-dan-mbg-di-slb-kemala-bhayangkari-2
"Bupati Natuna Kunjungi Kecamatan Seluan, Tinjau Gedung SPPG - pemkab natuna",positif,https://natunakab.go.id/bupati-natuna-kunjungi-kecamatan-seluan-tinjau-gedung-sppg/
SPPG di Bogor tingkatkan penerima MBG setelah punya chef bersertifikat - ANTARA News,positif,https://www.antaranews.com/berita/5551877/sppg-di-bogor-tingkatkan-penerima-mbg-setelah-punya-chef-bersertifikat
"Perizinan Belum Lengkap, DLH Cianjur Segera Cek Lagi IPAL di Dapur SPPG Sukasari 3 - Berita Cianjur",negatif,https://beritacianjur.com/perizinan-belum-lengkap-dlh-cianjur-segera-cek-lagi-ipal-di-dapur-sppg-sukasari-3/
"Bau and Lemak Mengalir, 3 SPPG di Pasuruan Kena Tegur - Kompas.com",negatif,https://surabaya.kompas.com/read/2026/05/04/191204278/bau-dan-lemak-mengalir-3-sppg-di-pasuruan-kena-tegur
"Warga Resah, Limbah SPPG Sukorejo Meluber Picu Bau Menyengat - Memanggil.co",negatif,https://memanggil.co/news-31922-warga-resah-limbah-sppg-sukorejo-meluber-picu-bau-menyengat
Skandal Gizi di Natuna? 8 Dapur SPPG Beroperasi Tanpa SLHS - Alreinamedia.com,negatif,https://alreinamedia.com/skandal-gizi-di-natunaa-8-daapur-sppg-beroperasi-tanpa-slhs/
"SPPG Polri Mulai Terapkan Sistem Prasmanan, Perdana di Pejaten - DIVISI HUMAS POLRI",positif,https://humas.polri.go.id/news/detail/2363660-sppg-polri-mulai-terapkan-sistem-prasmanan-perdana-di-pejaten
Dapur SPPG Panimbangjaya 06 Pastikan Kualitas Nutrisi dalam Program MBG - BeritaSatu.com,positif,https://www.beritasatu.com/network/sergap/836912/dapur-sppg-panimbangjaya-06-pastikan-kualitas-nutrisi-dalam-program-mbg
"SPPG Sedyo Rahayu Raya: Tata Kelola Prima, Investasi Nyata Menuju Indonesia Emas 2045 - Media Pojok Nasional",positif,https://pojoknasional.co.id/sppg-sedyo-rahayu-raya-tata-kelola-prima-investasi-nyata-menuju-indonesia-emas-2045-2/
"Tak Penuhi SOP, Belasan SPPG di Lampung Utara Ditutup - RILIS ID",negatif,https://lampung.rilis.id/Pemerintahan/Berita/tak-penuhi-sop-belasan-sppg-di-lampung-utara-jkjC
Adanya chef bersertifikat BNSP di SPPG Bogor tingkatkan mutu MBG - ANTARA News Megapolitan,positif,https://megapolitan.antaranews.com/berita/527423/adanya-chef-bersertifikat-bnsp-di-sppg-bogor-tingkatkan-mutu-mbg
"Puslitbang Polri Evaluasi SPPG Gianyar 1, Serap Aspirasi Warga untuk Tingkatkan Layanan - Media POLRI",positif,https://mediapolri.id/puslitbang-polri-evaluasi-sppg-gianyar-1-serap-aspirasi-warga-untuk-tingkatkan-layanan.html
"33 Ribu Pelajar Keracunan MBG, Target 3000 Porsi per SPPG Dinilai Melebihi Kapasitas - Universitas Gadjah Mada",negatif,https://ugm.ac.id/id/berita/33-ribu-pelajar-keracunan-mbg-target-3000-porsi-per-sppg-dinilai-melebihi-kapasitas/
Bos BGN: Suspend Mayor SPPG Dipastikan Tak Terima Insentif - Kompas.com,netral,https://nasional.kompas.com/read/2026/04/29/14234491/bos-bgn-suspend-mayor-sppg-dipastikan-tak-terima-insentif
"Diduga Cemari Lingkungan, Kepala SPPG Sukorejo 2-Tunjungan Blora Buka Suara - Lingkar TV",negatif,https://lingkartv.com/kepala-sppg-sukorejo-2-tunjungan-blora-buka-suara/
"Antisipasi Kelangkaan, SPPG Bukit Arung Datangkan Pasokan Pangan Secara Mandiri - RRI.co.id",positif,https://rri.co.id/nunukan/asta-cita/2388738/antisipasi-kelangkaan-sppg-bukit-arung-datangkan-pasokan-pangan-secara-mandiri
2.130 Porsi Makan Bergizi Gratis Disalurkan SPPG Mekarsari Polres Cimahi untuk Pelajar dan Balita - DIVISI HUMAS POLRI,positif,https://humas.polri.go.id/news/detail/2370085-2130-porsi-makan-bergizi-gratis-disalurkan-sppg-mekarsari-polres-cimahi-untuk-pelajar-dan-balita
"SPPG Bebengan Telah Menyasar 200 Orang Kelompok Rentan: Ibu Hamil, Ibu Menyusui, dan Balita di Boja - Radio Idola Semarang",positif,https://radioidola.com/2026/sppg-bebengan-telah-menyasar-200-orang-kelompok-rentan-ibu-hamil-ibu-menyusui-dan-balita-di-boja/
"Limbah Cair SPPG di Blora Meluber, Bau Tak Sedap Ganggu Masyarakat - BeritaJateng.id",negatif,https://beritajateng.id/blora/limbah-cair-sppg-di-blora-meluber-bau-tak-sedap-ganggu-masyarakat/
"SPPG Kudamati Kembali Jadi Sorotan, Keluhan Penyajian MBG di Sejumlah Sekolah Tuai Kritik Orang Tua - Bedah Nusantara",negatif,https://bedahnusantara.com/sppg-kudamati-kembali-jadi-sorotan-keluhan-penyajian-mbg-di-sejumlah-sekolah-tuai-kritik-orang-tua/05/04/
"Menu MBG Diserbu Siswa, SDN 2 Kaduagung Barat Sambangi Dapur SPPG Al-Furqon Pasir Garu: “Maju Terus! - suarasiber.co.id",positif,https://suarasiber.co.id/2026/05/menu-mbg-diserbu-siswa-sdn-2-kaduagung-barat-sambangi-dapur-sppg-al-furqon-pasir-garu-maju-terus/
Dashboard Makan Bergizi Gratis - DJPb Kemenkeu,netral,https://djpb.kemenkeu.go.id/kanwil/banten/id/informasi-publik/inovasi/9-uncategorised/3066-dashboard-makan-bergizi-gratis.html
Inilah Perpres 83 Tahun 2024 tentang Badan Gizi Nasional - Sekretariat Kabinet Republik Indonesia,netral,https://setkab.go.id/inilah-perpres-83-tahun-2024-tentang-badan-gizi-nasional/
Pengesahan Perpres MBG Tunggu Masukan Kementerian Kesehatan - Tempo.co,negatif,https://www.tempo.co/politik/pengesahan-perpres-mbg-tunggu-masukan-kementerian-kesehatan-2078324
Siapa Saja Penerima MBG? Ini 4 Kelompok Sasaran Sesuai Perpres Nomor 83 Tahun 2024 - KONTAN,netral,https://regional.kontan.co.id/news/siapa-saja-penerima-mbg-ini-4-kelompok-sasaran-sesuai-perpres-nomor-83-tahun-2024
Perpres Cacat - Krjogja - Kr Jogja,negatif,https://www.krjogja.com/opini/1246643946/perpres-cacat
Luhut Siahaan Dukung Revisi Perpres 83/2024 and Tata Kelola MBG - rmolsumut.id,positif,https://www.rmolsumut.id/luhut-siahaan-dukung-revisi-perpres-832024-dan-tata-kelola-mbg
"BGN Pastikan Hari Pertama Operasional MBG Tahun 2026, Kamis 8 Januari Mendatang - Sumatera News",netral,https://sumateranews.co.id/bgn-pastikan-hari-pertama-operasional-mbg-tahun-2026-kamis-8-januari-mendatang/
"MAHASISWA BERSUARA: Program Makan Bergizi Gratis, Keberlanjuta... - BandungBergerak.id",negatif,https://bandungbergerak.id/article/detail/1546035995/mahasiswa-bersuara-program-makan-bergizi-gratis-keberlanjutan-fiskal-dan-ambisi-pembangunan
Badan Gizi Nasional dan Bahaya Penjajahan Regulasi - Aktual.com,negatif,https://aktual.com/badan-gizi-nasional-dan-bahaya-penjajahan-regulasi/
UU dan Perpres MBG untuk tata kelola berkelanjutan - ANTARA News,netral,https://www.antaranews.com/berita/5157045/uu-dan-perpres-mbg-untuk-tata-kelola-berkelanjutan?page=all
Program MBG Perlu Payung Hukum - Validnews,negatif,https://validnews.id/nasional/program-mbg-perlu-payung-hukum
"Bimtek Standar Gizi dan Keamanan Pangan pada Program MBG, Dinkes Kalsel Upayakan Perbaikan Gizi - Media Center Provinsi Kalimantan Selatan",positif,https://diskominfomc.kalselprov.go.id/2025/07/15/bimtek-standar-gizi-dan-keamanan-pangan-pada-program-mbg-dinkes-kalsel-upayakan-perbaikan-gizi/
"Bakal Diangkat Jadi PPPK, Dua Pegawai SPPG MBG Tenggarong Lulus CAT - Korankaltim.com",positif,https://korankaltim.com/read/kutai-kartanegara/85563/bakal-diangkat-jadi-pppk-dua-pegawai-sppg-mbg-tenggarong-lulus-cat
"Marak Kasus Keracunan, Seperti Apa Tata Kelola MBG? - olenka.id",negatif,https://olenka.id/marak-kasus-keracunan-seperti-apa-tata-kelola-mbg/all
Berapa Gaji Karyawan MBG? Yuk Cari Tahu Informasinya di sini - Gaya Hidup - Bloomberg Technoz,netral,https://www.bloombergtechnoz.com/detail-news/90336/berapa-gaji-karyawan-mbg-yuk-cari-tahu-informasinya-di-sini/2
Perpres Program MBG akan Diteken Sepulang Presiden dari Amerika - Tempo.co,netral,https://www.tempo.co/politik/perpres-program-mbg-akan-diteken-sepulang-presiden-dari-amerika-2072904
"Mengenal Badan Gizi Nasional (BGN): Lembaga Baru yang Buka Puluhan Ribu Lowongan PPPK 2025, Intip Tugas, Prospek Karier, dan Gajinya - Radar Madura",positif,https://radarmadura.jawapos.com/nasional/2507300015/mengenal-badan-gizi-nasional-bgn-lembaga-baru-yang-buka-puluhan-ribu-lowongan-pppk-2025-intip-tugas-prospek-karier-dan-gajinya
"Pemerintah Salurkan Makan Bergizi Gratis (MBG), Ini Sasaran Utama Penerimanya - Kementerian Keuangan",positif,https://mediakeuangan.kemenkeu.go.id/article/show/pemerintah-salurkan-makan-bergizi-gratis-mbg-ini-sasaran-utama-penerimanya
Puan: Pemerintah Segera Teken Perpres Tata Kelola Makan Bergizi Gratis - Tempo.co,negatif,https://www.tempo.co/politik/puan-pemerintah-segera-teken-perpres-tata-kelola-makan-bergizi-gratis-2075553
Inilah Perpres 83 Tahun 2024 tentang Badan Gizi Nasional - Media Center Riau,netral,https://mediacenter.riau.go.id/read/87272/inilah-perpres-83-tahun-2024-tentang-badan-gi.html
Surat Edaran BGN: Guru Penanggung Jawab MBG Dapat Insentif Rp 100 Ribu - Tempo.co,positif,https://www.tempo.co/politik/surat-edaran-bgn-guru-penanggung-jawab-mbg-dapat-insentif-rp-100-ribu-2075131
"PPPK BGN 2025 Dibuka, Intip Tata Cara Pendaftarannya - RRI.co.id",netral,https://rri.co.id/berita-lain/2025774/pppk-bgn-2025-dibuka-intip-tata-cara-pendaftarannya
"Struktur BGN Didominasi Purnawirawan, Warganet: Mana Ahli Gizinya? - KalderaNews",negatif,https://www.kalderanews.com/2025/09/struktur-bgn-didominasi-purnawirawan-warganet-mana-ahli-gizinya/
Makan Bergizi Gratis: Investasi Gizi untuk Masa Depan Indonesia - CNN Indonesia,positif,https://www.cnnindonesia.com/hiburan/20250619210641-305-1241680/makan-bergizi-gratis-investasi-gizi-untuk-masa-depan-indonesia
Jokowi Resmi Bentuk Badan Gizi Nasional - kumparan.com - Kumparan.com,netral,https://kumparan.com/kumparanbisnis/jokowi-resmi-bentuk-badan-gizi-nasional-23LMGD6BfjW
"Jokowi Bentuk Badan Gizi Nasional, Ini Tugasnya - InvestorTrust",netral,https://investortrust.id/national/37660/jokowi-bentuk-badan-gizi-nasional-ini-tugasnya
"Sri Mulyani Sebut Bakal Banyak Lembaga Baru, Ini 8 Badan Bentukan Prabowo - Tempo.co",netral,https://www.tempo.co/ekonomi/sri-mulyani-sebut-bakal-banyak-lembaga-baru-ini-8-badan-bentukan-prabowo-1735459
Bukan untuk Siswa! Ini 3 Kategori Penerima MBG yang Dikirim ke Rumah - WartaBromo,netral,https://www.wartabromo.com/2025/12/22/bukan-untuk-siswa-ini-3-kategori-penerima-mbg-yang-dikirim-ke-rumah/
Presiden terbitkan Perpres pembentukan Badan Gizi Nasional - ANTARA News,netral,https://www.antaranews.com/berita/4270251/presiden-terbitkan-perpres-pembentukan-badan-gizi-nasional
Alasan Jokowi Bentuk Badan Gizi Nasional - Validnews,netral,https://validnews.id/nasional/alasan-jokowi-bentuk-badan-gizi-nasional
Badan Gizi Nasional Garap Program Makan Gratis - KONTAN,netral,https://insight.kontan.co.id/news/badan-gizi-nasional-garap-program-makan-gratis
"Badan Gizi Nasional Dibentuk, Ibu Hamil jadi Sasaran - KBR.ID",netral,https://kbr.id/articles/indeks/badan-gizi-nasional-dibentuk-ibu-hamil-jadi-sasaran
Presiden Terbitkan Perpres Pembentukan Badan Gizi Nasional - aceHTrend.com,netral,https://www.acehtrend.com/news/presiden-terbitkan-perpres-pembentukan-badan-gizi-nasional/index.html
Jokowi Teken Pembentukan Badan Gizi Nasional - KabarBursa.com,netral,https://www.kabarbursa.com/makro/jokowi-teken-pembentukan-badan-gizi-nasional
"Jadi Kepala Badan Gizi Nasional, Dadan Hindayana Siap Laksanakan Program Makan Bergizi Gratis - InvestorTrust",positif,https://investortrust.id/national/37751/jadi-kepala-badan-gizi-nasional-dadan-hindayana-siap-laksanakan-program-makan-bergizi-gratis
Kepala Badan yang Baru Dilantik - Indonesia Baik,netral,https://indonesiabaik.id/infografis/kepala-badan-yang-baru-dilantik
"Jokowi Bentuk Badan Gizi Nasional, Ini Tugas dan Fungsinya! - Pajak.com",netral,https://www.pajak.com/ekonomi/jokowi-bentuk-badan-gizi-nasional-ini-tugas-dan-fungsinya/
Apa Itu Badan Gizi Nasional Bentukan Presiden Jokowi? - RRI.co.id,netral,https://rri.co.id/jember/regional/913888/faq.html
Saran Ahli Gizi agar Badan Gizi Nasional Bisa Jalankan Tugas dengan Tepat Sasaran - Tempo.co,netral,https://www.tempo.co/gaya-hidup/saran-ahli-gizi-agar-badan-gizi-nasional-bisa-jalankan-tugas-dengan-tepat-sasaran-19812
Perpres Kantor Komunikasi Kepresidenan Digugat ke MA - MetroTVNews.com,negatif,https://www.metrotvnews.com/read/KYVC4Jdl-perpres-kantor-komunikasi-kepresidenan-digugat-ke-ma
"Jokowi Bikin Badan Gizi Nasional Kelola Anggaran Rp 71 triliun, Buat Apa? - Tempo.co",netral,https://www.tempo.co/politik/jokowi-bikin-badan-gizi-nasional-kelola-anggaran-rp-71-triliun-buat-apa--17045
"Jokowi Bentuk Badan Gizi Nasional, Pelaksana Program Makan Bergizi Gratis - kontan.co.id",netral,https://nasional.kontan.co.id/news/jokowi-bentuk-badan-gizi-nasional-pelaksana-program-makan-bergizi-gratis
"Presiden Jokowi Bentuk Badan Gizi Nasional, Ini Tugas dan Susunan Organisasinya - SINDOnews Nasional",netral,https://nasional.sindonews.com/read/1437931/15/presiden-jokowi-bentuk-badan-gizi-nasional-ini-tugas-dan-susunan-organisasinya-1723950484
"Singkatan yang Muncul dalam Program Makan Bergizi Gratis: MBG, BGN, dan SPPG - Tempo.co",netral,https://www.tempo.co/politik/singkatan-yang-muncul-dalam-program-makan-bergizi-gratis-mbg-bgn-dan-sppg-1198030
Jokowi Teken Perpres Pembentukan Badan Gizi Nasional - Kompas.com,netral,https://nasional.kompas.com/read/2024/08/18/11291421/jokowi-teken-perpres-pembentukan-badan-gizi-nasional?page=all
"Badan Gizi Nasional untuk Sementara Berkantor di Kompleks Kementan, Dibantu Kepala Bapanas - Tempo.co",netral,https://www.tempo.co/ekonomi/badan-gizi-nasional-untuk-sementara-berkantor-di-kompleks-kementan-dibantu-kepala-bapanas-15485
BKKBN Dukung Makan Bergizi Gratis untuk Tingkatkan Kesehatan Masyarakat - Tempo.co,positif,https://www.tempo.co/gaya-hidup/bkkbn-dukung-makan-bergizi-gratis-untuk-tingkatkan-kesehatan-masyarakat-9066
"Presiden Jokowi Resmi Bentuk Badan Gizi Nasional lewat Perpres, Urus Gizi Peserta Didik, Balita, hingga Ibu Hamil - Jawa Pos",netral,https://www.jawapos.com/nasional/2408180161/presiden-jokowi-resmi-bentuk-badan-gizi-nasional-lewat-perpres-urus-gizi-peserta-didik-balita-hingga-ibu-hamil
Prabowo Pastikan Anggaran Makan Bergizi Gratis Cukup - Tempo.co,positif,https://www.tempo.co/politik/prabowo-pastikan-anggaran-makan-bergizi-gratis-cukup-1207536
Spesialis Gizi Klinik: Bayi sampai Usia 2 Tahun Perlu Jadi Fokus Program Makan Bergizi Gratis Prabowo - Tempo.co,netral,https://www.tempo.co/ekonomi/spesialis-gizi-klinik-bayi-sampai-usia-2-tahun-perlu-jadi-fokus-program-makan-bergizi-gratis-prabowo-17218
"Badan Gizi Nasional: pengertian, tugas dan fungsinya - ANTARA News",netral,https://www.antaranews.com/berita/4480677/badan-gizi-nasional-pengertian-tugas-dan-fungsinya
Badan Gizi Nasional untuk Program Makan Bergizi Gratis - Ngopibareng.id,netral,https://www.ngopibareng.id/read/badan-gizi-nasional-untuk-program-makan-bergizi-gratis
4 Pasal dalam Perpres Kantor Komunikasi Presiden yang Digugat ke MA - Tempo.co,negatif,https://www.tempo.co/politik/4-pasal-dalam-perpres-kantor-komunikasi-presiden-yang-digugat-ke-ma-1233747
Mengenal Badan Gizi Nasional Sebagai Penanggung Jawab MBG - RRI.co.id,netral,https://rri.co.id/palembang/makan-bergizi-gratis/1242283/mengenal-badan-gizi-nasional-sebagai-penanggung-jawab-mbg
Urgensi Pembentukan Badan Kesehatan Hewan Nasional - Kompas.id,netral,https://www.kompas.id/artikel/urgensi-pembentukan-badan-kesehatan-hewan-nasional
Thomas Djiwandono Ungkap Isi Pertemuan Prabowo dan Sri Mulyani: Tak Bahas Makan Siang Gratis - Tempo.co,netral,https://www.tempo.co/ekonomi/thomas-djiwandono-ungkap-isi-pertemuan-prabowo-dan-sri-mulyani-tak-bahas-makan-siang-gratis-10649
Ini Alasan Badan Gizi Nasional Dibentuk Jokowi untuk Sukseskan Program Makan Bergizi Gratis Prabowo - Tempo.co,netral,https://www.tempo.co/ekonomi/ini-alasan-badan-gizi-nasional-dibentuk-jokowi-untuk-sukseskan-program-makan-bergizi-gratis-prabowo-21485
Mengenal Badan Gizi Nasional dan alasan pembentukannya - ANTARA News,netral,https://www.antaranews.com/berita/4274307/mengenal-badan-gizi-nasional-dan-alasan-pembentukannya
Siapa Saja Penerima Makan Bergizi Gratis - RRI.co.id,netral,https://rri.co.id/biak/makan-bergizi-gratis/1386827/siapa-saja-penerima-makan-bergizi-gratis
3 Fakta Badan Gizi Dibentuk Jokowi buat Eksekusi Program Makan Gratis Prabowo - detikFinance,netral,https://finance.detik.com/berita-ekonomi-bisnis/d-7496734/3-fakta-badan-gizi-dibentuk-jokowi-buat-eksekusi-program-makan-gratis-prabowo
Perpres tentang Kantor Komunikasi Presiden Digugat ke MA - Tempo.co,negatif,https://www.tempo.co/politik/perpres-tentang-kantor-komunikasi-presiden-digugat-ke-ma-1233678
"Dilantik Jadi Kepala Badan Gizi Nasional, Siapa Dadan Hindayana dan Apa Tugas yang Diemban? - Tempo.co",netral,https://www.tempo.co/politik/dilantik-jadi-kepala-badan-gizi-nasional-siapa-dadan-hindayana-dan-apa-tugas-yang-diemban--21395
Apa Itu Badan Gizi Nasional? Ini Tugas dan Fungsi Utamanya - Berita Nasional - Media Pencerah Bangsa,netral,https://beritanasional.com/detail/78525/apa-itu-badan-gizi-nasional-ini-tugas-dan-fungsi-utamanya
| Badan Gizi Nasional Resmi Jadi Mitra Kerja Komisi IX DPR - jurnas.com,netral,https://www.jurnas.com/artikel/161827/badan-gizi-nasional-resmi-jadi-mitra-kerja-komisi-ix-dpr/
"Prabowo Mau Bikin 3 Badan Baru di Pemerintahan Mendatang, Apa Saja? - Tempo.co",netral,https://www.tempo.co/ekonomi/prabowo-mau-bikin-3-badan-baru-di-pemerintahan-mendatang-apa-saja--10286
Jokowi Bentuk Badan Gizi Nasional demi Cukupi Gizi Balita hingga Ibu Hamil - detikNews,netral,https://news.detik.com/berita/d-7494718/jokowi-bentuk-badan-gizi-nasional-demi-cukupi-gizi-balita-hingga-ibu-hamil
Tanggung jawab dan pola kerja Kepala Badan Gizi Nasional - ANTARA News,netral,https://www.antaranews.com/berita/4274343/tanggung-jawab-dan-pola-kerja-kepala-badan-gizi-nasional
"Profil Dadan Hindayana, Dosen IPB yang Dilantik Jokowi Jadi Kepala Badan Gizi Nasional - Tempo.co",netral,https://www.tempo.co/ekonomi/profil-dadan-hindayana-dosen-ipb-yang-dilantik-jokowi-jadi-kepala-badan-gizi-nasional-22120
Daftar pejabat Badan Gizi Nasional - ANTARA News,netral,https://www.antaranews.com/berita/4483829/daftar-pejabat-badan-gizi-nasional
Apakah tugas Badan Pangan Nasional dialihkan ke Badan Gizi Nasional? - ANTARA News,netral,https://www.antaranews.com/berita/4274375/apakah-tugas-badan-pangan-nasional-dialihkan-ke-badan-gizi-nasional
Badan Gizi Nasional Dibentuk Jokowi untuk Dukung Program Makan Bergizi Gratis - Media Indonesia,netral,https://mediaindonesia.com/humaniora/693731/-badan-gizi-nasional-dibentuk-jokowi-untuk-dukung-program-makan-bergizi-gratis
Tugas dan fungsi Badan Gizi Nasional - ANTARA News,netral,https://www.antaranews.com/berita/4274319/tugas-dan-fungsi-badan-gizi-nasional
Apa Itu Badan Gizi Nasional? Simak Penjelasan Tugas & Fungsinya - Tirto.id,netral,https://tirto.id/apa-itu-badan-gizi-nasional-simak-penjelasan-tugas-fungsinya-g2Qb
"Profil Dadan Hindayana, Dosen IPB Yang Dilantik Jokowi Jadi Kepala Badan Gizi Nasional - thephrase.id",netral,https://thephrase.id/profil-dadan-hindayana-dosen-ipb-yang-dilantik-jokowi-jadi-kepala-badan-gizi-nasional
Perpres Tentang PCO Digugat ke MA: Dinilai Tumpang Tindih dengan KSP - kumparan.com - Kumparan.com,negatif,https://kumparan.com/kumparannews/perpres-tentang-pco-digugat-ke-ma-dinilai-tumpang-tindih-dengan-ksp-24ulMNwrdOm
"Makan Bergizi Gratis Di Sekolah, Anak PAUD-Kelas 2 SD Dapat Jatah Duluan - RM.ID",netral,https://rm.id/baca-berita/government-action/241820/mulai-2-januari-2025-makan-bergizi-gratis-di-sekolah-anak-paudkelas-2-sd-dapat-jatah-duluan
Alasan Windu Wijaya Gugat Pepres Kantor Komunikasi Kepresidenan ke MA - Tempo.co,negatif,https://www.tempo.co/politik/alasan-windu-wijaya-gugat-pepres-kantor-komunikasi-kepresidenan-ke-ma-1233743
"Mengenal Kantor Komunikasi Kepresidenan, Begini Tugas dan Fungsinya - Berita Nasional - Media Pencerah Bangsa",netral,https://beritanasional.com/detail/78526/mengenal-kantor-komunikasi-kepresidenan-begini-tugas-dan-fungsinya
Mengenal struktur organisasi Badan Gizi Nasional - ANTARA News,netral,https://www.antaranews.com/berita/4274323/mengenal-struktur-organisasi-badan-gizi-nasional
"Punya Anggaran Rp71 Triliun, BGN tak Punya Kantor: Targetnya Makan Bergizi Gratis 2 Januari 2025 - Inilah.com",negatif,https://www.inilah.com/punya-anggaran-rp71-triliun-bgn-tak-punya-kantor-targetnya-makan-bergizi-gratis-2-januari-2025
"Dibenarkan Yasonna, Hari Ini, Ada Menteri Yang Di-Reshuffle - RM.ID",netral,https://rm.id/baca-berita/nasional/232236/dibenarkan-yasonna-hari-ini-ada-menteri-yang-direshuffle
Perpres Kantor Komunikasi Presiden Digugat ke Mahkamah Agung - detikNews,negatif,https://news.detik.com/berita/d-7878599/perpres-kantor-komunikasi-presiden-digugat-ke-mahkamah-agung
"Kepala BGN Lantik 23 Pejabat Eselon 2, Kerja Cepat untuk Wujudkan Kualitas Gizi Masyarakat - Iconomics",positif,https://www.theiconomics.com/art-of-execution/kepala-bgn-lantik-23-pejabat-eselon-2-kerja-cepat-untuk-wujudkan-kualitas-gizi-masyarakat/
Juknis Tata Kelola Program MBG Tahun 2026 - ainamulyana.com,netral,https://www.ainamulyana.com/2025/01/juknis-program-makan-bergizi-gratis.html
"Disorot karena Program MBG, Kepala BGN Dadan Hindayana Ternyata Ahli Serangga dan Hama Pertanian - Bali Express",negatif,https://baliexpress.jawapos.com/nasional/676628320/disorot-karena-program-mbg-kepala-bgn-dadan-hindayana-ternyata-ahli-serangga-dan-hama-pertanian
"Jabat Kepala Badan Gizi Nasional, Dadan Hindayana Ternyata Seorang Ahli Serangga dan Hama Pertanian - FAJAR",negatif,https://fajar.co.id/2025/09/26/jabat-kepala-badan-gizi-nasional-dadan-hindayana-ternyata-seorang-ahli-serangga-dan-hama-pertanian/
"1 Tahun Pemerintahan Prabowo-Gibran : Perpres MBG Dinilai Belum Cukup, Regulasi Perlindungan Hukum Masih Abu-Abu - Kompasiana.com - Kompasiana.com",negatif,https://www.kompasiana.com/ajengzah/6915e068f918e96ed74155f5/1-tahun-pemerintahan-prabowo-gibran-perpres-mbg-dinilai-belum-cukup-regulasi-perlindungan-hukum-masih-abu-abu
Wajib baca! Peraturan Presiden Nomor 83 Tahun 2024: Pembentukan Badan Gizi Nasional untuk Pemenuhan Gizi Nasional yang Optimal - Melintas - Melintas,netral,https://www.melintas.id/pendidikan/345510301/wajib-baca-peraturan-presiden-nomor-83-tahun-2024-pembentukan-badan-gizi-nasional-untuk-pemenuhan-gizi-nasional-yang-optimal?page=3
"Memahami Perpres Nomor 83 Tahun 2024 tentang Badan Gizi Nasional, Lembaga Apa dan untuk Apa BGN ? Simak Tuntas di Melintas! - Melintas - Melintas",netral,https://www.melintas.id/news/345509076/memahami-perpres-nomor-83-tahun-2024-tentang-badan-gizi-nasional-lembaga-apa-dan-untuk-apa-bgn-simak-tuntas-di-melintas
"Perpres No 83 Tahun 2024: Empat Sasaran Penerima Makan Siang Gratis, Nomor 3 dan 4 Khusus Wanita, Siapakah Mereka? - Melintas - Melintas",netral,https://www.melintas.id/pendidikan/345511018/perpres-no-83-tahun-2024-empat-sasaran-penerima-makan-siang-gratis-nomor-3-dan-4-khusus-wanita-siapakah-mereka
"Ini Tugas, Fungsi, dan Gaji Pejabat Badan Gizi Nasional yang Dinakhodai Dadan Hindayana - erakini.id",netral,https://www.erakini.id/nasional/era-RvStY/ini-tugas--fungsi--dan-gaji-pejabat-badan-gizi-nasional-yang-dinakhodai-dadan-hindayana
"Kabar Gembira Makan Siang Gratis: Berikut Ini Nama Sekolah yang Sudah Menggelar Makan Bergizi Gratis (MBG), Cek Sekolah Anda - Melintas - Melintas",positif,https://www.melintas.id/pendidikan/345508494/kabar-gembira-makan-siang-gratis-berikut-ini-nama-sekolah-yang-sudah-menggelar-makan-bergizi-gratis-mbg-cek-sekolah-anda
"Program Makan Siang Gratis, Gubernur Jambi Al Haris Sebut Belum Terima Juknis - Metro Jambi - Metro Jambi",netral,https://www.metrojambi.com/metro/135481110/program-makan-siang-gratis-gubernur-jambi-al-haris-sebut-belum-terima-juknis
"SAH! Jokowi Resmi Bentuk Badan Gizi Nasional: Apa Saja Fungsi, Tugas, dan Siapa Sasarannya? Simak Berikut Ini - Klik Pendidikan - Klik Pendidikan",netral,https://www.klikpendidikan.id/news/35813364506/sah-jokowi-resmi-bentuk-badan-gizi-nasional-apa-saja-fungsi-tugas-dan-siapa-sasarannya-simak-berikut-ini
"Aturan Program MBG Lecehkan Konstitusi, YLBHI Nilai Perpres tak Sebanding dengan UU Sisdiknas dan UUD 1945 - NU Online",negatif,https://www.nu.or.id/amp/nasional/aturan-program-mbg-lecehkan-konstitusi-ylbhi-nilai-perpres-tak-sebanding-dengan-uu-sisdiknas-dan-uud-1945-MGoBr
BGN Tegaskan Kepala Daerah Bisa Rekomendasikan Penutupan Dapur MBG yang Langgar Aturan - Jurnal Patroli News,netral,https://jurnalpatrolinews.co.id/nasional/bgn-tegaskan-kepala-daerah-bisa-rekomendasikan-penutupan-dapur-mbg-yang-langgar-aturan/
"MENKO BIDANG PANGAN TEKANKAN IMPLEMENTASI PERPRES NOMOR 115 TAHUN 2025, MAGETAN SIAP TERAPKAN - magetan.go.id",netral,https://magetan.go.id/menko-bidang-pangan-tekankan-implementasi-perpres-nomor-115-tahun-2025-magetan-siap-terapkan/
"Kementerian Kependudukan dan Pembangunan Keluarga, Jangkau Ibu dan Anak di Wilayah Adat Baduy - VOI.id",positif,https://voi.id/berita/573429/kementerian-kependudukan-dan-pembangunan-keluarga-jangkau-ibu-dan-anak-di-wilayah-adat-baduy
"Wamendukbangga: Distribusi MBG untuk Ibu Hamil, Menyusui, da - Tribrata News",positif,https://tribratanews.polri.go.id/blog/nasional-3/wamendukbangga-distribusi-mbg-untuk-ibu-hamil-menyusui-dan-balita-harus-ditingkatkan-100458
Kemenko Pangan Dorong Bahan Lokal untuk Stabilkan Harga Program MBG - mcinews.id,positif,https://mcinews.id/2026/04/28/kemenko-pangan-dorong-bahan-lokal-untuk-stabilkan-harga-program-mbg/
"Atur Rantai Pasok Bahan Baku Lokal MBG, Kemenko Pangan Rancang Permenko - Berita Nasional - Media Pencerah Bangsa",positif,https://beritanasional.com/detail/137446/atur-rantai-pasok-bahan-baku-lokal-mbg-kemenko-pangan-rancang-permenko
Kemenko Pangan Susun Aturan Rantai Pasok MBG - BeritaSatu.com,positif,https://www.beritasatu.com/ekonomi/2988830/kemenko-pangan-susun-aturan-rantai-pasok-mbg
"Perpres Nomor 115 Tahun 2025 tentang Program MBG, antara Kebijakan dan Ketimpangan Keadilan Publik - UNIKMA Cilacap",negatif,https://unikma.ac.id/2026/01/16/perpres-nomor-115-tahun-2025-tentang-program-makan-bergizi-gratis-mbg-antara-ambisi-kebijakan-dan-ketimpangan-keadilan-publik/
"Perpres 115 Tahun 2025 Terbit, Ini Dia Pegawai SPPG yang Diangkat Jadi PPPK MBG - RADARSEMARANG.ID",positif,https://radarsemarang.jawapos.com/pemerintahan/2601160011/perpres-115-tahun-2025-terbit-ini-dia-pegawai-sppg-yang-diangkat-jadi-pppk-mbg
"BGN: SPPG Tak Boleh Menolak Produk Petani, Peternak, dan Nel - Tribrata News",positif,https://tribratanews.polri.go.id/blog/nasional-3/bgn-sppg-tak-boleh-menolak-produk-petani-peternak-dan-nelayan-kecil-untuk-program-mbg-98295
"Perpres Nomor 115 Tahun 2025 Berlaku, 32.000 Pegawai Dapur MBG akan Diangkat Jadi PPPK, Berikut Syarat dan Rincian Gaji - RADARSEMARANG.ID",positif,https://radarsemarang.jawapos.com/pemerintahan/2601170017/perpres-nomor-115-tahun-2025-berlaku-32000-pegawai-dapur-mbg-akan-diangkat-jadi-pppk-berikut-syarat-dan-rincian-gaji
"BGN Tegaskan Guru dan Tenaga Kependidikan Wajib Dapat Makan Bergizi Gratis, Sentil Sekolah yang Belum Terapkan - Metro Pekalongan",negatif,https://metropekalongan.jawapos.com/nasional/2601090007/bgn-tegaskan-guru-dan-tenaga-kependidikan-wajib-dapat-makan-bergizi-gratis-sentil-school-yang-belum-terapkan
"Rakor Makan Bergizi Nasional di Semarang, Menko Pangan Tekankan Pengawasan Keamanan Pangan - Wartakotalive.com",netral,https://wartakota.tribunnews.com/news/883601/rakor-makan-bergizi-nasional-di-semarang-menko-pangan-tekankan-pengawasan-keamanan-pangan
"Perpres 115/2025 Perkuat Tata Kelola Program MBG, SPPG Jadi Ujung Tombak Layanan Gizi Nasional - Warta Lombok - Warta Lombok",positif,https://wartalombok.pikiran-rakyat.com/sasambo/pr-1079922247/perpres-1152025-perkuat-tata-kelola-program-mbg-sppg-jadi-ujung-tombak-layanan-gizi-nasional
"Mendukbangga: Indonesia Harus Bangga, MBG untuk 3B Jadi Cont - Tribrata News",positif,https://tribratanews.polri.go.id/blog/nasional-3/mendukbangga-indonesia-harus-bangga-mbg-untuk-3b-jadi-contoh-dunia-98663
Aturan dan Kriteria Pegawai MBG yang Diangkat Jadi PPPK - Hukumonline,netral,https://www.hukumonline.com/berita/a/kriteria-pegawai-mbg-jadi-pppk-lt6968d30d9f240/
"Penerima MBG capai 61,2 juta hingga Februari 2026 - ANTARA News",positif,https://kalsel.antaranews.com/berita/507751/penerima-mbg-capai-612-juta-hingga-februari-2026/?&m=false
Guru dan Tenaga Kependidikan di Batam Terima MBG Mulai Hari Ini - Batam Pos,positif,https://metropolis.batampos.co.id/guru-dan-tenaga-kependidikan-di-batam-terima-mbg-mulai-hari-ini/
"BGN Buka Peluang Tambah Penerima MBG Tahun Ini, Siapa Saja? - CNN Indonesia",positif,https://www.cnnindonesia.com/ekonomi/20260108140346-92-1314906/bgn-buka-peluang-tambah-penerima-mbg-tahun-ini-siapa-saja
Legislator Sebut Keterlibatan Petani-Nelayan dalam Program MBG Sesuai Aturan - MetroTVNews.com,positif,https://www.metrotvnews.com/read/b3JC52AG-legislator-sebut-keterlibatan-petani-nelayan-dalam-program-mbg-sesuai-aturan
Lindsey Afsari Puteri: MBG Harus Berikan Manfaat dan Dampak Ekonomi - Suara Nasional,positif,https://suaranasional.com/2026/04/06/lindsey-afsari-puteri-mbg-harus-berikan-manfaat-dan-dampak-ekonomi/
"Perpres 115 Tahun 2025 Resmi Berlaku, Tata Kelola Program Makan Bergizi Gratis Jadi Lebih Terarah, Termasuk Pengangkatan PPPK - RADARSEMARANG.ID",positif,https://radarsemarang.jawapos.com/berita/2601150014/perpres-115-tahun-2025-resmi-berlaku-tata-kelola-program-makan-bergizi-gratis-jadi-lebih-terarah-termasuk-pengangkatan-pppk
"BGN Keluarkan Aturan Baru, SPPG MBG Wajib Kelola Limbah - Gaya Hidup - Bloomberg Technoz",netral,https://www.bloombergtechnoz.com/detail-news/103504/bgn-keluarkan-aturan-baru-sppg-mbg-wajib-kelola-limbah/2
"BGN Tegaskan Guru, TU, hingga Petugas Kebersihan di Sekolah Harus Dapat MBG - Kompas.com",negatif,https://nasional.kompas.com/read/2026/01/09/12115511/bgn-tegaskan-guru-tu-hingga-petugas-kebersihan-di-sekolah-harus-dapat-mbg
BGN menambah sasaran penerima manfaat MBG untuk usia 6-59 bulan - Antara News jatim,positif,https://jatim.antaranews.com/berita/1034794/bgn-menambah-sasaran-penerima-manfaat-mbg-untuk-usia-6-59-bulan
SPPG Wajib Serap Produk UMKM Lokal - RRI.co.id,positif,https://rri.co.id/jember/regional/2142745/sppg-wajib-serap-produk-umkm-lokal
BGN Tegur SPPG yang Belum Salurkan MBG untuk Guru - Tempo.co,negatif,https://www.tempo.co/politik/bgn-tegur-sppg-yang-belum-salurkan-mbg-untuk-guru-2105417
Badan Gizi Nasional Larang Monopoli Bahan Pangan: SPPG Wajib Gandeng Minimal 15 Supplier Lokal - Kalteng.co,positif,https://kalteng.co/berita/badan-gizi-nasional-larang-monopoli-bahan-pangan-sppg-wajib-gandeng-minimal-15-supplier-lokal/
BGN: Makanan Siap Santap-Paket Sehat Jadi Menu MBG untuk Sasaran 3B - Tribrata News,netral,https://tribratanews.polri.go.id/blog/nasional-3/bgn-makanan-siap-santap-paket-sehat-jadi-menu-mbg-untuk-sasaran-3b-98921
Kemendagri Siapkan Pedoman Teknis Kepala Daerah dalam MBG - Tempo.co,netral,https://www.tempo.co/politik/kemendagri-siapkan-pedoman-teknis-kepala-daerah-dalam-mbg-2116646
Pegawai SPPG Diangkat PPPK Berpotensi Timbulkan Kecemburuan - SUARANTB.com,negatif,https://suarantb.com/2026/01/20/pegawai-sppg-diangkat-pppk-berpotensi-timbulkan-kecemburuan/
"Kepala Daerah Diperbolehkan Masuk Dapur SPPG, Periksa dan Awasi Menu MBG - Jawa Pos",netral,https://www.jawapos.com/nasional/2603050049/kepala-daerah-diperbolehkan-masuk-dapur-sppg-periksa-dan-awasi-menu-mbg
"RAMAI Wacana Pegawai SPPG Bakal Diangkat Jadi PPPK oleh Pemerintah, Tuai Pro dan Kontra Warganet - Tribun Video",negatif,https://video.tribunnews.com/news/903621/ramai-wacana-pegawai-sppg-bakal-diangkat-jadi-pppk-oleh-pemerintah-tuai-pro-dan-kontra-warganet
"Kabar Gembira, Pegawai SPPG Berpeluang Jadi PNS lewat Perpres MBG 2025 - RMOL JATENG",positif,https://www.rmoljawatengah.id/kabar-gembira-pegawai-sppg-berpeluang-jadi-pns-lewat-perpres-mbg-2025
BGN Cek Jumlah Pemasok Tiap SPPG: Tak Boleh Ada Monopoli oleh Mitra - CNN Indonesia,positif,https://www.cnnindonesia.com/ekonomi/20260224122341-92-1331197/bgn-cek-jumlah-pemasok-tiap-sppg-tak-boleh-ada-monopoli-oleh-mitra
BGN Ingatkan Guru Harus Dapat Makan Bergizi Gratis - Validnews,negatif,https://validnews.id/nasional/bgn-ingatkan-guru-harus-dapat-makan-bergizi-gratis
"Pegawai SPPG Diusulkan Jadi ASN, Warga Bandingkan dengan Honorer Pemda - bandungraya.net",negatif,https://bandungraya.net/article/pegawai-sppg-diusulkan-jadi-asn-warga-bandingkan-dengan-honorer-pemda
"Pemerintah Evaluasi Dampak MBG, Pertumbuhan Anak Akan Diukur - RM.ID",netral,https://rm.id/baca-berita/government-action/298959/pemerintah-evaluasi-dampak-mbg-pertumbuhan-anak-akan-diukur
"Mulai 2026, MBG Diberikan Pada Bayi 6 Bulan - Validnews",positif,https://validnews.id/nasional/mulai-mbg-diberikan-pada-bayi-bulan
"BGN Tegaskan Guru Wajib Terima Makan Bergizi Gratis, Sesuai Perpres 115/2025 - Indopolitika.com",negatif,https://indopolitika.com/bgn-guru-wajib-terima-makan-bergizi-gratis-sesuai-perpres-115-2025/
Syarat Pegawai SPPG Diangkat Jadi PPPK Sesuai Perpres 115 Tahun 2025 - netralnews.com,netral,https://www.netralnews.com/syarat-pegawai-sppg-diangkat-jadi-pppk-sesuai-perpres-115-tahun-2025/QjJnYWk2QXB0aW16eU9XQXZIUXVLZz09
BGN Perluas Sasaran Program MBG for Anak Usia 6–59 Bulan - Suara Surabaya,positif,https://www.suarasurabaya.net/kelanakota/2026/bgn-perluas-sasaran-program-mbg-untuk-anak-usia-6-59-bulan/
SPPG Dilarang Menolak Produk UMKM untuk MBG - Tempo.co,positif,https://www.tempo.co/politik/sppg-dilarang-menolak-produk-umkm-untuk-mbg-2110268
"32.000 Pegawai Dapur MBG akan Diangkat Jadi PPPK, Cek Syarat & Rincian Gaji - kontan.co.id",positif,https://nasional.kontan.co.id/news/32000-pegawai-dapur-mbg-akan-diangkat-jadi-pppk-cek-syarat-rincian-gaji
Sonny Danaparamita: Kebijakan Pengangkatan Pegawai SPPG Jadi PPPK Cederai Rasa Keadilan - gesuri.id,negatif,https://www.gesuri.id/pemerintahan/sonny-danaparamita-kebijakan-pengangkatan-pegawai-sppg-jadi-pppk-cederai-rasa-keadilan-b2pNfZbdcT
Nanik BGN: Bahan Baku for SPPG Jangan Didominasi Satu Pemasok - Inilah.com,positif,https://www.inilah.com/nanik-bgn-sppg-jangan-hanya-dipasok-satu-supplier
SPPG Tak Boleh Hanya Dipasok Satu Suplier - nusantaratv.com,positif,https://www.nusantaratv.com/news/sppg-tak-boleh-hanya-dipasok-satu-suplier
BGN Ingatkan Mitra & Yayasan for Tak Buat Koperasi Hanya Untuk Kedok Monopoli - kumparan.com - Kumparan.com,negatif,https://kumparan.com/kumparannews/bgn-ingatkan-mitra-and-yayasan-untuk-tak-buat-koperasi-hanya-untuk-kedok-monopoli-26zRNLTOUWd
"PGRI Kapuas Hulu Tolak Pegawai SPPG Jadi PPPK, Desak Kebijakan Pendapatan Minimum Guru - Pontianak Post",negatif,https://pontianakpost.jawapos.com/kapuas-hulu/2601290006/pgri-kapuas-hulu-tolak-pegawai-sppg-diangkat-jadi-pppk-desak-kebijakan-pendapatan-minimum-guru
"Termasuk guru and anak putus sekolah, kini jangkauan program MBG diperluas - berita prioritas",positif,https://beritaprioritas.com/termasuk-guru-dan-anak-putus-sekolah-kini-jangkauan-program-mbg-diperluas/
Dispendik Kota Blitar Targetkan Guru Ikut Terima MBG - KabarBaik.co,positif,https://kabarbaik.co/dispendik-kota-blitar-targetkan-guru-ikut-terima-mbg/
"BGN Tegaskan Guru Wajib Terima MBG di 2026, demi Pemenuhan Gizi Optimal - Media Indonesia",negatif,https://mediaindonesia.com/humaniora/847907/bgn-tegaskan-guru-wajib-terima-mbg-di-2026-demi-pemenuhan-gizi-optimal
"Petugas SPPG di Jabar Bisa Jadi PPPK, Pemprov Tunggu Arahan Pusat - IDN Times Jabar",netral,https://jabar.idntimes.com/news/jawa-barat/petugas-sppg-di-jabar-bisa-jadi-pppk-pemprov-tunggu-arahan-pusat-00-nqtvm-4jv8vl
"Guru and Tenaga Pendidik jadi Penerima MBG Mulai 2026, Resmi! - Bisnis.com",positif,https://kabar24.bisnis.com/read/20260108/243/1942703/guru-dan-tenaga-pendidik-jadi-penerima-mbg-mulai-2026-resmi
"Pegawai SPPG Berpeluang Jadi PPPK, BKD Jawa Barat Beri Penjelasan - Harapan Rakyat",netral,https://www.harapanrakyat.com/2026/01/pegawai-sppg-berpeluang-jadi-pppk-bkd-jawa-barat-beri-penjelasan/
"Dapur MBG Dilarang Tolak Pasokan UMKM hingga Petani, Ini Sanksinya - detikFinance",positif,https://finance.detik.com/berita-ekonomi-bisnis/d-8328604/dapur-mbg-dilarang-tolak-pasokan-umkm-hingga-petani-ini-sanksinya
Ini Kriteria Pegawai SPPG MBG yang Diangkat Jadi PPPK BGN 2026 - Kompas.tv,netral,https://www.kompas.tv/nasional/643829/ini-kriteria-pegawai-sppg-mbg-yang-diangkat-jadi-pppk-bgn-2026
Pegawai SPPG akan Diangkat Menjadi PPPK - RRI.co.id,positif,https://rri.co.id/jambi/makan-bergizi-gratis/2105923/pegawai-sppg-akan-diangkat-menjadi-pppk
"Guru Juga Jadi Sasaran Penerima MBG, BGN: Sudah Tertuang dalam Perpres - Mitrapost.com",positif,https://mitrapost.com/2026/01/08/guru-juga-jadi-sasaran-penerima-mbg/
"BGN Larang SPPG Tolak Produk UMKM, Petani, and Peternak Kecil - JPNN.com Jatim",positif,https://jatim.jpnn.com/jatim-terkini/42922/bgn-larang-sppg-tolak-produk-umkm-petani-dan-peternak-kecil
Nanik BGN: Kepala Daerah Boleh Masuk Dapur SPPG for Awasi Menu MBG - Inilah.com,netral,https://www.inilah.com/nanik-bgn-kepala-daerah-boleh-masuk-dapur-sppg-untuk-awasi-menu-mbg
BGN Minta Kepala Daerah Awasi Dapur MBG - nusantaratv.com,netral,https://www.nusantaratv.com/news/bgn-minta-kepala-daerah-awasi-dapur-mbg
Pemerintah diminta pertegas jaminan sosial for pekerja MBG - ANTARA News,negatif,https://www.antaranews.com/berita/5329735/pemerintah-diminta-pertegas-jaminan-sosial-bagi-pekerja-mbg
Kepala Daerah Diminta Awasi Dapur MBG - Kempalan.com,netral,https://kempalan.com/2026/03/06/kepala-daerah-diminta-awasi-dapur-mbg/
"BGN Tambah Sasaran Penerima, Anak Usia 6-59 Bulan Bakal Dapat MBG - tvOneNews",positif,https://www.tvonenews.com/berita/nasional/415485-bgn-tambah-sasaran-penerima-anak-usia-6-59-bulan-bakal-dapat-mbg
"PGRI Kapuas Hulu Tolak Pegawai SPPG Diangkat Jadi PPPK, Minta Keadilan for Guru Honorer and Nakes - Pontianak Post",negatif,https://pontianakpost.jawapos.com/kapuas-hulu/2601280048/pgri-kapuas-hulu-tolak-pegawai-sppg-diangkat-jadi-pppk-minta-keadilan-untuk-guru-honorer-dan-nakes
BGN Perluas Sasaran Penerima Manfaat MBG for Usia 6–59 Bulan - Lingkar.news,positif,https://lingkar.news/nasional/bgn-perluas-penerima-manfaat-mbg/
"BGN: Semua Guru, Tenaga Kebersihan hingga Staf TU Harus Dapat MBG pada 2026 - Liputan6.com",positif,https://www.liputan6.com/news/read/6252989/bgn-semua-guru-tenaga-kebersihan-hingga-staf-tu-harus-dapat-mbg-pada-2026
Ketika Ahli Gizi and Akuntan MBG Lebih Prioritas daripada Guru Honorer - INAnews,negatif,https://www.inanews.co.id/2026/01/ketika-ahli-gizi-dan-akuntan-mbg-lebih-prioritas-daripada-guru-honorer/
Bima Arya Tekankan Tata Kelola MBG Terukur and Terintegrasi - Aktual.com,netral,https://aktual.com/bima-arya-tekankan-tata-kelola-mbg-terukur-dan-terintegrasi/
"Resmi Februari 2026, 32.000 Pegawai SPPG Diangkat Jadi PPPK, Segini Gaji yang Diterima Sesuai Perpres Terbaru - Blitar Kawentar",positif,https://blitarkawentar.jawapos.com/nasional/2601170030/resmi-februari-2026-32000-pegawai-sppg-diangkat-jadi-pppk-segini-gaji-yang-diterima-sesuai-perpres-terbaru
FSGI Soroti Perbedaan Syarat and Gaji antara Petugas SPPG and Guru Honorer for PPPK - Pikiran Rakyat Koran - Pikiran Rakyat Koran,negatif,https://koran.pikiran-rakyat.com/jawa-barat/pr-3039944880/fsgi-soroti-perbedaan-syarat-dan-gaji-antara-petugas-sppg-dan-guru-honorer-untuk-pppk
"BGN: Pasokan UMKM, petani, and peternak kecil harus diserap SPPG - ANTARA News Kalteng",positif,https://kalteng.antaranews.com/berita/804638/bgn-pasokan-umkm-petani-dan-peternak-kecil-harus-diserap-sppg
Pegawai SPPG Bisa Diangkat Jadi PPPK? Cek Fakta Ini - Radar Jember,netral,https://radarjember.jawapos.com/nasional/2601120038/pegawai-sppg-bisa-diangkat-jadi-pppk-cek-fakta-ini
Wamenkes Sebut 4.535 Dapur MBG Sudah Kantongi Sertifikat Higiene - Liputan6.com,positif,https://www.liputan6.com/news/read/6253046/wamenkes-sebut-4535-dapur-mbg-sudah-kantongi-sertifikat-higiene
"Selama Ramadan, Tetap Diberikan: Ada MBG Reguler, Ada Makanan Kering - RM.ID",netral,https://rm.id/baca-berita/nasional/298950/selama-ramadan-tetap-diberikan-ada-mbg-reguler-ada-makanan-kering
PGM Indonesia Tolak Pasal Pengangkatan Pegawai SPPG Jadi PPPK: Guru Madrasah and Swasta Terbaikan! - NewsTasikmalaya,negatif,https://newstasikmalaya.com/pgm-indonesia-tolak-pasal-pengangkatan-pegawai-sppg-jadi-pppk-guru-madrasah-dan-swasta-terbaikan
"Perpres MBG 2025 Resmi Terbit, Pegawai SPPG Berpeluang Diangkat PPPK - RADARSEMARANG.ID",positif,https://radarsemarang.jawapos.com/berita/2601120012/perpres-mbg-2025-resmi-terbit-pegawai-sppg-berpeluang-diangkat-pppk
BGN Ancam Bekukan Dapur MBG yang Tolak Bahan dari Petani-UMKM - Bisnis.com,positif,https://ekonomi.bisnis.com/read/20260127/12/1947588/bgn-ancam-bekukan-dapur-mbg-yang-tolak-bahan-dari-petani-umkm
"Pegawai SPPG MBG Berpeluang Diangkat Jadi PPPK, Ini Kriterianya - TINTAHIJAU.com",netral,https://www.tintahijau.com/megapolitan/pegawai-sppg-mbg-berpeluang-diangkat-jadi-pppk-ini-kriterianya/
Pemerintah siapkan evaluasi dampak MBG berbasis akurasi data penerima - ANTARA News,netral,https://www.antaranews.com/berita/5383990/pemerintah-siapkan-evaluasi-dampak-mbg-berbasis-akurasi-data-penerima
Rakor penyelenggaraan program MBG di Jawa Timur - Antara News jatim,netral,https://jatim.antaranews.com/foto/1037202/rakor-penyelenggaraan-program-mbg-di-jawa-timur
