judul,link,portal_berita,sentimen_prediksi,confidence,label_manual,text_berita_clean
"Viral Siswa SMP di Deli Serdang Buang MBG ke Jalan, Diduga Basi dan Tak Layak Makan - Liputan6.com",https://www.liputan6.com/regional/read/6327490/viral-siswa-smp-di-deli-serdang-buang-mbg-ke-jalan-diduga-basi-dan-tak-layak-makan,Liputan6.com,Negatif,0.9997624754905701,Negatif,liput com deli serdang aksi protes siswa siswi smp negeri pantai labu kabupaten deli serdang buang puluh paket makan gizi gratis jalan sekolah kamis aksi picu kesal siswa dapat jatah makan siang kondisi layak konsumsi duga basi terang dinas sehat deli serdang insiden duga akar bijak ganti jadwal makan jumat libur nasional layan penuh gizi sppg jatah kamis pagi masak pasti basi konsumsi veronica margaret ketua tim kerja sehat lingkung dinas sehat deli serdang kepala sumatera utara agung kurniawan benar indikasi makan layak sayang tindak siswa nilai etis sppg klaim makan kembali ganti sekolah tolak agung sanksi suplayer sppg hasil laboratorium agung siswa buang makan jalan siswa siswi buang makan iya sppg salah cetus hubung wartawan sabtu ironis proses investigasi temu jalan buntu dinas sehat deli serdang aku sulit uji laboratorium tingkat busuk makan cek sampel makan buang keluh veronica sumut tunggu koordinasi sekolah lapor racun massal sekolah peristiwa catat merah program wilayah deli serdang awas kualitas makan ketat depan
Sinergi Intelijen Lintas Sektoral Perkuat Pelaksanaan PSN Makan Bergizi Gratis 2026 di Jawa Tengah - Kemenko Polkam R.I.,https://polkam.go.id/sinergi-intelijen-lintas-sektoral-perkuat-pelaksanaan-psn-makan-bergizi-gratis-2026-di-jawa-tengah/,Kemenko Polkam R.I.,Positif,0.9977533221244812,Positif,siar pers sp hm polkam polkam semarang konkret memitigasi tantang program strategis nasional psn makan gizi gratis lapang menteri koordinator politik aman gelar rapat koordinasi bijak lancar program strategis nasional program nilai strategis sisi bangun sosial jaga stabilitas nasional sinergi lintas kuat plh asisten deputi koordinasi intelijen tahan waspada nasional kemenko polkam wahyu handoyo pimpin rapat koordinasi semarang jawa selasa rapat bahas tantang kelola rantai pasok kesiap manusia lapang dukung koperasi laku usaha mikro tengah umkm sedia bahan baku bina lanjut kuat tata kelola koordinasi lintas program jalan efektif manfaat maksimal masyarakat wahyu komunikasi publik efektif nilai hasil program lanjut sempat kemenko polkam komitmen awal program kuat koordinasi mitigasi ukur program jalan lancar sasar badan gizi nasional badan intelijen negara daerah binda badan satu bangsa politik bakesbangpol tekan integrasi data kuat rantai pasok lokal komunikasi publik transparan bas data hasil program
MBG dan Matinya Logika - Kompas.id,https://www.kompas.id/artikel/mbg-dan-matinya-logika,Kompas.id,Positif,0.9233844876289368,Negatif,luar korupsi dll sy rakyat jelata yg untung hasil yg minim bantu ny orang awam yg paham anggar korupsi dll sy rasa bantu nya anak bawa makan bekal makan siang pengaruh keluar jatah bekal makan siang makan malam
"Makan Bergizi Gratis (MBG) Bukan Sekadar Pangan, Tapi Strategi Ekonomi Rakyat - balitribune.co.id",https://balitribune.co.id/content/makan-bergizi-gratis-mbg-bukan-sekadar-pangan-tapi-strategi-ekonomi-rakyat,balitribune.co.id,Positif,0.9994581341743469,Positif,balitribune co id denpasar program makan gizi gratis mgb gulir perintah sempurna anggota komisi ix dpr tutik kusuma wardani mm kes program tahap evaluasi implementasi optimal rata daerah bal program sempurna data sistem baik buka luas tutuik temu rumah aspirasi kamis luncur januari mgb gelontor dana daerah bal putar anggar januari catat capai triliun angka nilai dampak ekonomi masyarakat kelompok sasar penuh gizi program dampak serap tenaga kerja april catat layan penuh gizi sppg operasi bal layan terima manfaat kalang serta didik terima non serta didik balita program serap tenaga kerja dapur dapur sedia makan program makan gerak ekonomi desa tani ternak nelayan pasar hasil produksi serap tutik hadir dapur mgb potong rantai distribusi beban produsen desa jual hasil panen pasar risiko laku produk beli kelola dapur aku program sepenuh rata butuh sppg bal realisasi kondisi picu potensi cemburu sosial masyarakat sentuh program wilayah layan tantang distribusi adil perata tantang faktor geografis infrastruktur wilayah nusa penida kondisi jalan sempit rusak batas air bersih ganggu hama monyet kendala tani distribusi bahan pangan tutik dorong sinergi lintas menteri menteri ketenagakerjaan arah latih kerja tani modern turut potensi serap persen tenaga kerja anak muda dorong desa terampil tani modern hasil tahan pangan kuat gantung impor sisi pola latih kerja ubah program job fair nilai efektif ganti magang fokus tingkat terampil praktis aspek edukasi mgb harap ubah pola konsumsi masyarakat anak anak program dorong konsumsi makan sehat gizi makan instan cenderung minim nutrisi gemuk sehat asupan gizi imbang hadap tantang tutik program mgb dampak positif signifikan sisi sehat ekonomi sosial hasil program gantung kolaborasi perintah masyarakat sedia infrastruktur investasi dapur perintah sewa fasilitas siap masyarakat cipta model gotong royong program program butuh sempurna manfaat rasa nyata masyarakat pungkas
"MBG: Bukan Sekadar Makan Gratis, Tapi Kurikulum Kepemimpinan Nyata - PWMU.CO",https://pwmu.co/mbg-bukan-sekadar-makan-gratis-tapi-kurikulum-kepemimpinan-nyata/,PWMU.CO,Netral,0.8846101760864258,Positif,bagi program makan gizi gratis rambah sekolah sekolah kali pandang batas upaya penuh gizi cegah stunting tingkat konsentrasi ajar smp muhammadiyah surabaya usung branding sekolah pimpin makna program makan laboratorium karakter hadir meja makan siswa piring makan kait pimpin filosofi didik sekolah pimpin jabat kuasa empati integritas pimpin kelola bijak konteks sekolah hadir bentuk sederhana piring makan siswa ajar sisa makan zero waste habis makan bersih bentuk harga proses kerja keras tani syukur rezeki pimpin harga piring sulit percaya kelola tanggung sekolah terap dekat unik kelola makan makan habis alas porsi siswa ajar buang makan sentuh siswa ajak sisih layak bagi teman masyarakat butuh dekat latih empati konkret pimpin tuntut peka sosial butuh orang sadar nikmat milik kandung hak orang makan siswa ikut briefing doa momen ruang tanam nilai religiusitas disiplin atur siswa ajak paham adab makan tanggung makan wajib rapi makan jaga bersih lingkung pimpin biar orang beres kacau program kelola narasi hasil generasi sehat fisik kuat mental sosial smp muhammadiyah surabaya upaya asupan energi terima siswa kuat pikir kritis empat pimpin hati pimpin cerdas intelektual manfaat orang makan siang gratis menit nilai karakter tanam dalam harap bekas umur hidup
Tidak Ada Makan Siang Gratis - Kompas.id,https://www.kompas.id/artikel/tidak-ada-makan-siang-gratis,Kompas.id,Negatif,0.9991708993911743,Negatif,harga program mahal tebus turun kualitas didik kompas supriyanto makan siang gratis artikel opini olehadrian nalendra feb wib artikel opini ekonom menang nobel milton friedman populer adagium legendaris there is such thing as free lunch biaya bayar bayar pajak utang konteks apbn biaya oportunitas korban pos anggar putus saji makan gizi gratis meja siswa ekonomi hilang bayar total anggar didik patok triliun triliun triliun tara persen khusus anggar program makan gizi gratis kelola badan gizi nasional tingkat drastis triliun triliun triliun tara persen logika anggar batas budget constraint lonjak pos tuntut korban pos data pos anggar didik belanja nonkementerian lembaga didik transfer daerah tkd biaya didik turun triliun triliun triliun rurut jumlah nominal tara triliun tara naik anggar simpul naik anggar biaya turun tiga pos anggar tanya mana kenaikantop lineanggaran didik triliun tilik komponen anggar didik menteri lembaga total naik anggar triliun dekat total naik anggar didik persen naik menteri inti didik menteri agama menteri didik sains teknologi menteri didik dasar tengah serial artikel gratis risiko sakit kronis esok alarm anak anak ajar manis asin normal makan hari biasa kelak sulit lawan indikasi paruh turun anggar didik tkd realokasi menteri menteri jalan fungsi didik sentralisasi anggar turun absolut anggar didik tkd triliun implikasi turun tiga pos anggar kaji kpk belanja apbn anggar didik realisasi belanja rutin layan kisar persen persen sisa persen persen cadang anggar didik periode total cadang didik triliun persen total anggar didik periode studi kpk angka kait komponen anggar didik belanja nonkementerian lembaga biaya didik pos turun anggar didik rincianoutputdan serap persen persen pikir pragmatis anggap program programgiven alih dana anggur program konkret guncang fungsi didik fundamental fungsi cadang ukuranoutputyang serap kerap rendah waspada hilangnyabufferanggaran fungsi didik didik rentan guncang bencana alam kerap rusak infrastruktur sekolah sisi turun anggar didik tkd cerita beda nyawa operasional didik sekolah negeri tkd topang belanja didik daerah belanja pegawai tunjang guru bantu operasional didik bosp dana alokasi khusus dak fisik struktur biaya gaji guru bersifatstickydan wajib bayar mandatory spending pagu anggar turun daerah potong gaji guru asn akibat potong sasar pos pos variabel belanja modal pelihara gedung sekolah rusak renovasi laboratorium update alat aga beli perintah atur presiden posisi penuh gizi bangun generasi sehat cerdas produktif tumbuh ekonomi entas warga miskin sdm kualitas justifikasi legitimasi masuk pos anggar didik persen teoretis meningkatkanreadiness to learnsiswa anak lapar ajar jarang absen serap materi meta ekstensif wang dkk intervensi program makan sekolah korelasi baik hadir indikator tumbuh fisik hubung capai akademik simpul konsisten kuat jadi program substitusi investasi mutu ajar teliti vermeersch kremer kenya konfirmasi pola komplementaritas program makan sekolah tingkat partisipasi sekolah skor uji cenderung baik sekolah guru alam nutrisi ganti peran kompetensi guru kualitas kurikulum atap kelas bocor turun anggar didik tkd sistematis gerus mampu daerah jaga kualitas layan didik hadap risiko desain intervensi gizi jalan cepat sementarainputpedagogis lemah perut kenyang kualitas ajar stagnan mutu layan didik jaga perintah tetap batas floor belanja layan inti didik gerus ekspansi pos krusial bosp tunjang profesi guru biaya pelihara infrastruktur sekolah lindung earmarkingharus ketat dak fisik proteksi rehabilitasi ruang kelas rusak berat sanitasi efisiensi posdiscretionary jalan dinas seremonial infrastruktur dasar siswa posisi komplemen substitusi input didik dasar desain operasional cipta beban administratif gerus efektif guru kelas distribusi makan ganggu jam ajar manfaat gizi bocor kurang jam ajar efektif solusi standardisasi sop logistik pindah beban sedia dapur umkm tugas khusus tumpuk beban didik tiga taut indikator kerja outcome didik henti pos belanja penuh mandat persen anggar didik evaluasi indikator didik ukur relevan tingkat hadir turun angka putus sekolah maju literasi numerasi jangka tengah empat terap tahap bas efektivitas biaya cost effectiveness batas fiskal kompleksitas rantai pasok ekspansi serentak prioritisasi risiko turun imbal hasil rupiah tingkat risiko gagal logistik teknokrat prioritas daerah rentan gizi dekat asimetris daerah rentan kapasitas serap pada sedia layan penuh gizi eksekusi daerah rentan minim infrastruktur dahulu investasi prakondisi kuat rantai pasok bangun layan desain tahap negara aman mutu layan sembari matang logistik ingat milton friedman makan siang gratis harga program mahal tebus turun kualitas didik peluang potensi investasi modal manusia strategis ekspansi kurang input pedagogis inti proses cerdas kam bijak memitigasi risiko fiskal landas generasi emas indonesia sehat cakap adrian nalendra teliti ekonomi great institute ekonom menang nobel milton friedman populer adagium legendaris there is such thing as free lunch biaya bayar bayar pajak utang konteks apbn biaya oportunitas korban pos anggar putus saji makan gizi gratis meja siswa ekonomi hilang bayar total anggar didik patok triliun triliun triliun tara persen khusus anggar program makan gizi gratis kelola badan gizi nasional tingkat drastis triliun triliun triliun tara persen logika anggar batas budget constraint lonjak pos tuntut korban pos data pos anggar didik belanja nonkementerian lembaga didik transfer daerah tkd biaya didik turun triliun triliun triliun rurut jumlah nominal tara triliun tara naik anggar simpul naik anggar biaya turun tiga pos anggar tanya mana kenaikantop lineanggaran didik triliun tilik komponen anggar didik menteri lembaga total naik anggar triliun dekat total naik anggar didik persen naik menteri inti didik menteri agama menteri didik sains teknologi menteri didik dasar tengah serial artikel gratis risiko sakit kronis esok alarm anak anak ajar manis asin normal makan hari biasa kelak sulit lawan indikasi paruh turun anggar didik tkd realokasi menteri menteri jalan fungsi didik sentralisasi anggar turun absolut anggar didik tkd triliun implikasi turun tiga pos anggar kaji kpk belanja apbn anggar didik realisasi belanja rutin layan kisar persen persen sisa persen persen cadang anggar didik periode total cadang didik triliun persen total anggar didik periode studi kpk angka kait komponen anggar didik belanja nonkementerian lembaga biaya didik pos turun anggar didik rincianoutputdan serap persen persen pikir pragmatis anggap program programgiven alih dana anggur program konkret guncang fungsi didik fundamental fungsi cadang ukuranoutputyang serap kerap rendah waspada hilangnyabufferanggaran fungsi didik didik rentan guncang bencana alam kerap rusak infrastruktur sekolah sisi turun anggar didik tkd cerita beda nyawa operasional didik sekolah negeri tkd topang belanja didik daerah belanja pegawai tunjang guru bantu operasional didik bosp dana alokasi khusus dak fisik struktur biaya gaji guru bersifatstickydan wajib bayar mandatory spending pagu anggar turun daerah potong gaji guru asn akibat potong sasar pos pos variabel belanja modal pelihara gedung sekolah rusak renovasi laboratorium update alat aga beli perintah atur presiden posisi penuh gizi bangun generasi sehat cerdas produktif tumbuh ekonomi entas warga miskin sdm kualitas justifikasi legitimasi masuk pos anggar didik persen teoretis meningkatkanreadiness to learnsiswa anak lapar ajar jarang absen serap materi meta ekstensif wang dkk intervensi program makan sekolah korelasi baik hadir indikator tumbuh fisik hubung capai akademik simpul konsisten kuat jadi program substitusi investasi mutu ajar teliti vermeersch kremer kenya konfirmasi pola komplementaritas program makan sekolah tingkat partisipasi sekolah skor uji cenderung baik sekolah guru alam nutrisi ganti peran kompetensi guru kualitas kurikulum atap kelas bocor turun anggar didik tkd sistematis gerus mampu daerah jaga kualitas layan didik hadap risiko desain intervensi gizi jalan cepat sementarainputpedagogis lemah perut kenyang kualitas ajar stagnan mutu layan didik jaga perintah tetap batas floor belanja layan inti didik gerus ekspansi pos krusial bosp tunjang profesi guru biaya pelihara infrastruktur sekolah lindung earmarkingharus ketat dak fisik proteksi rehabilitasi ruang kelas rusak berat sanitasi efisiensi posdiscretionary jalan dinas seremonial infrastruktur dasar siswa posisi komplemen substitusi input didik dasar desain operasional cipta beban administratif gerus efektif guru kelas distribusi makan ganggu jam ajar manfaat gizi bocor kurang jam ajar efektif solusi standardisasi sop logistik pindah beban sedia dapur umkm tugas khusus tumpuk beban didik tiga taut indikator kerja outcome didik henti pos belanja penuh mandat persen anggar didik evaluasi indikator didik ukur relevan tingkat hadir turun angka putus sekolah maju literasi numerasi jangka tengah empat terap tahap bas efektivitas biaya cost effectiveness batas fiskal kompleksitas rantai pasok ekspansi serentak prioritisasi risiko turun imbal hasil rupiah tingkat risiko gagal logistik teknokrat prioritas daerah rentan gizi dekat asimetris daerah rentan kapasitas serap pada sedia layan penuh gizi eksekusi daerah rentan minim infrastruktur dahulu investasi prakondisi kuat rantai pasok bangun layan desain tahap negara aman mutu layan sembari matang logistik ingat milton friedman makan siang gratis harga program mahal tebus turun kualitas didik peluang potensi investasi modal manusia strategis ekspansi kurang input pedagogis inti proses cerdas kam bijak memitigasi risiko fiskal landas generasi emas indonesia sehat cakap adrian nalendra teliti ekonomi great institute versi cetak epaper artikel terbit hari kompas edisi februari halaman judul makan siang gratis tulis editor selaras bahasa kirim komentar komentar sila masuk daftar akun fitur komentar
"Re-opening Kober Mie Suhat, Kenalkan Menu Baru dan Promo Makan Gratis - MalangVoice",https://malangvoice.com/re-opening-kober-mie-suhat-kenalkan-menu-baru-dan-promo-makan-gratis/,MalangVoice,Positif,0.9997619986534119,Netral,malangvoice kober mie malang cabang jalan soekarno hatta suhat resmi buka sabtu re opening sederhana doa potong tumpeng simbol operasi salah pelopor mie pedas legendaris malang diri kober mie suhat hadir tampil tahan menu andal mie pedas manajemen kenal varian menu baru mie koma kola supply chain manager kober mie ardhi ramadan baru konsep menu harap tarik langgan setia kenal kober mie diri kai daop gandeng kejar kota malang kuat tata kelola tangan hukum hadir menu kuah koma kola bangun renovasi harap langgan rasa atmosfer beda rangka re opening kober mie suhat promo tarik makan gratis khusus langgan dine in penuh batas operational manager kober mie jawa bal lombok surya anggara putra promo momen kenal menu masyarakat khusus mei menu gratis dine in batas kenal produk makan minum personel siaga jelang aksi buruh kota malang antusiasme unjung buka bilang siang antre area kasir langgan rela tunggu cicip menu andal kober mie salah menu mie koma kober mala hadir konsep mie kuah cita khas sichuan china menu masak cabai kering lada sichuan rempah autentik hasil kuah merah sensasi pedas khas tingkat pedas sesuai ringan ekstrem sedia varian wonton koma pangsit isi daging ayam saji kuah pedas mie kola kober kolagen tawar pilih beda kuah kolagen ringan gurih segar menu konsumen suka makan pedas marketing manager kober mie chey yuanita optimistis lokasi kawasan suhat tarik kalang mahasiswa warga optimistis lokasi tahan area suhat kober mie pilih anak anak kampus masyarakat pungkas der
Program Makan Bergizi Gratis Disyukuri Pelajar Kota Sorong - Kemenko Polkam R.I.,https://polkam.go.id/program-makan-bergizi-gratis-disyukuri-pelajar-kota-sorong/,Kemenko Polkam R.I.,Positif,0.9998400211334229,Positif,siar pers sp hm polkam polkam sorong menteri koordinator politik aman kemenko polkam pantau program prioritas presiden program makan gizi gratis kota sorong papua barat kamis pantau sekolah smkn kota sorong smpn kota sorong asisten deputi koordinasi telekomunikasi informatika marsma tni agus pandu purnama ecek program makan siang gratis sekolah turut makan sedia standar penuh butuh gizi hari enak indikator makan habis anak anak sekolah buka makan habis enak jamin gizi marsma pandu program makan gizi gratis manfaat butuh gizi hari ajar ajar daerah kecuali papua barat fakta anak berangkat sekolah sarap jadi program makan gizi gratis nanti program bukti sehat dorong semangat ajar siswa sempat anak anak tumbuh kembang sehat generasi tangguh sambut indonesia emas pandu program smkn smpn kota sorong jalan lancar sambut hangat siswa mei paket makan gizi distribusi sppg lokasi sekolah siswa puas menu saji harap tambah sambal salah ajar aku senang program viola siswi smp negeri kota sorong enak senang bantu viola data kantor komunikasi presiden nasional juli program makan gizi gratis sasar terima manfaat dapur layan penuh gizi sppg operasi program tenaga kerja serap pantau tim kemenko polkam dapur sedia makan sekolah kualitas bersih makan dapur sedia menu makan gizi gratis nilai kualitas kualitas makan bersih patok standar dapur lengkap ahli gizi
Pemkab Pohuwato Bentuk Satgas Percepatan Program Makan Siang Bergizi Gratis - prokopim.pohuwatokab.go.id,https://prokopim.pohuwatokab.go.id/berita/bacaberita/4632/pemkab-pohuwato-bentuk-satgas-percepatan-program-makan-siang-bergizi-gratis,prokopim.pohuwatokab.go.id,Netral,0.9998282194137573,Netral,prokopim pohuwato rapat bentuk tugas satgas cepat selenggara program makan siang gizi gratis ruang gunung pan kantor bupati pimpin wakil bupati pohuwato iwan adam kamis rapat strategis menindaklanjuti instruksi perintah pusat program hadir kepala jaksa negeri pohuwato arjuna meghanada wiritanaya dandim pohuwato letkol inf madiyan surya kabag sdm polres pohuwato kompol abadi kepala wakil badan gizi nasional pohuwato erik sigit bangga sekda pohuwato iskandar datau wakil tp pkk risnawati ali wakil kemenag pohuwato pimpin opd tenaga ahli bupati distributor marisa awal sambut wabup iwan adam mohon maaf bupati pohuwato sempat hadir giat agenda provinsi beliau bupati mandat pimpin rapat wabup iwan urgensi bentuk satgas hasil rapat lapor serta komposisi tugas bentuk menteri negeri lambat tanggal juli salah elemen cepat program kolaborasi teknis efektif badan gizi nasional perintah daerah wabup iwan arah mendagri kepala daerah tentu titik titik lokasi bangun dapur layan penuh gizi sppg lokasi perhati kondisi geografis jangkau sebar serta didik wilayah tingkat gizi serta didik program harap dorong tumbuh ekonomi lokal rantai pasok bahan makan lokal gerak bel perintah anggar peluang ekonomi daerah wabup struktur organisasi wabup imbau susun komposisi satgas sesuai tugas pokok fungsi tupoksi instansi pertanggungjawaban maksimal kajari pohuwato arjuna meghanada wiritanaya terima mandat jaksa agung damping hukum program salur makan gizi butuh tenaga ekstra distribusi solid dandim pohuwato letkol inf madiyan surya tni sinergi damping program penuh awas wakil polres pohuwato kompol abadi koordinasi lintas sama persepsi kuat sinergi polres damping program jalan tentu ketua sppg pohuwato erik sigit siswa sekolah salur rencana siap dapur kabupaten pohuwato camat marisa target dapur dapur operasi nasional ribu sarjana gerak bangun indonesia sppi siap kepala dapur kepala dinas sehat pohuwato fidi mustapa tekan cepat rencana aksi susun komposisi personalia konkret opd satgas rapat perintah daerah pohuwato serius awal cepat program makan gizi gratis harap sinergi lintas kuat lembaga program sentuh serta didik dampak positif ekonomi lokal zek penu is abdul razak supu editor sadrin hasan
Program Makan Bergizi Gratis Mulai Menjangkau Sekolah Rakyat - InfoPublik,https://infopublik.id/kategori/phtc/929580/program-makan-bergizi-gratis-mulai-menjangkau-sekolah-rakyat,InfoPublik,Positif,0.9994603991508484,Positif,siswa sekolah rakyat menu makan siang gizi gratis sekolah rakyat tengah srma jakarta selasa kenal lingkung sekolah mpls siswa sekolah rakyat kali makan gizi gratis pagi siang malam foto muhammad iqbal bar olehismadi amrin senin juli wib redaktur kristantyo wisnubroto jakarta infopublik program makan gizi gratis jangkau sekolah rakyat inisiatif presiden prabowo subianto tuju sedia akses didik kualitas anak anak keluarga miskin miskin ekstrem program sekolah rakyat senin juli sama luncur sekolah rakyat tahap salur sekolah sekolah terima manfaat kalang ajar sekolah rakyat capai orang staf khusus redy hendra gunawan sabtu redy terima manfaat sekolah rakyat tingkat iring tambah layan penuh gizi sppg sedia wilayah akses makan gizi imbang proses ajar ajar optimal dorong serta didik sekolah rakyat oleh layan program sekolah rakyat skema distribusi beda sekolah sekolah kali makan siang serta didik sekolah rakyat terima kali makan sarap makan siang makan malam kali kudap pagi sore kesiap infrastruktur layan gizi hasil meta sppg operasional sekolah rakyat sppg margahayu sppg graha prima kencana contoh layan ribu terima manfaat jenjang didik redy baru program pekan sppg operasi capai tingkat senin juli total terima manfaat program capai orang sebar daerah tenaga khusus sarjana gerak bangun indonesia sppi kepala sppg wilayah ribu sppi jalan latih intensif enam tugas awal sedia distribusi provinsi indonesia redy calon kepala sppg bekal didik karakter mampu manajerial cakup mental tangguh semangat bela negara pimpin terampil teknis butuh dorong selenggara sppg pegang standar operasional ketat aman kualitas makan prioritas terima manfaat rasa dampak positif program tutup redy
Program Makan Siang Gratis Harus Memenuhi Standar Gizi Seimbang - umj.ac.id,https://umj.ac.id/opini-1/program-makan-siang-gratis-harus-memenuhi-standar-gizi-seimbang/,umj.ac.id,Netral,0.9930931329727173,Netral,this website uses security service to protect against malicious bots this page is displayed while the website verifies you are not bot
"MBG: Ribuan siswa keracunan Makan Bergizi Gratis, orang tua trauma dan larang anaknya konsumsi MBG - BBC",https://www.bbc.com/indonesia/articles/cm2zney05ypo,BBC,Negatif,0.999648928642273,Negatif,getty images aditya aji anak sekolah duga korban racun makan gizi gratis daerah pakar gizi masyarakat saran program henti tunggu evaluasi insiden racun daerah hasil investigasi dinas sehat bandung bogor tasikmalaya jawa barat kabupaten tukal abab lematang ilir sumatra selatan temu kontaminasi bakterisalmonella coli bacilius cereus stapylococcus aereus bacillus subtil jamurcandida tropicalis orang tua ditemuibbc indonesiamengaku trauma larang anak santap makan perintah pikir makan gratis ringan beban ringan bunuh makan gratis racun fitri febrianti salah orang tua kabupaten tukal abab lematang ilir sumatra selatan kasih anak takut larang trauma kasihan anak racun imbuh irma nurliana orang tua kabupaten tasikmalaya jawa barat artikel terbit badan gizi nasional tanggap yangbbc indonesiakirimkan senin kepala bilang perintah tanggung biaya ongkos obat siswa korban racun kompensasi anak buang air terus malam subuh sakit perut irma nurliana cemas baca pas pagi pagi buka grup whatsapp sekolah anak makan buang air mual pagi jumat irma sadar beres sakit syaina anak suruh bocah teguk air kelapa muda tolong putri duduk kelas sekolah dasar rasa mual putus boyong syaina puskesmas dekat dokter puskesmas racun akibat bakteri mual mual sisa bakteri faizal amiruddin detikjabar irma cerita hari anak anak sdn rajapolah kabupaten tasikmalaya jawa barat lahap menu ayamteriyaki sayur waluh goreng jagung buah anggur irma sangka makan gratis perintah masalah anak menu bagi sekolah terkadang hambar habis sang anak nama anak anak dengar guru makan ya nurut makan untung anak alergi pilih pilih makan apaajadia suka dinas didik budaya kabupaten tasikmalaya catat ajar tk sd madrasah ibtidaiyah smp racun konsumsi menu keluh sakit perut mual muntah diare hari jadi dinas sehat investigasi sebab racun hasil periksa uptd laboratorium jawa barat kandung bakteribacillus subtilispada lauk ayamteriyaki kepala awas fasilitas layan sehat usaha dinas sehat kabupaten tasikmalaya epi edwar lutpi bakteri muncul makan foto fransisco carolio rwa dalih saji dapur kulkas aman ketidakcermatan distribusi saji epi tahap rawan mesti masak gelombang distribusi gelombang saji masak sama epi bilang pasca racun operasional layan penuh gizi sppg layan tugas mendistribuskan henti minggu sembari evaluasi selang insiden racun kabupaten tukal abab lematang ilir pali sumatra selatan fitri febrianti cerita anak nayla mual pusing sakit kepala fitri tiru keluh sang putri pikir sakit kakek nayla telepon nayla keluh bilang situ fitri suruh cepat cepat bawa bocah rumah sakit dekat senin ratus anak duga racun massal kakek racun antar anak anak rumah sakit sambung fitri rs bhayangkara talang ubi perempuan saksi mata kepala puluh anak sekolah kapar ranjang gejala kondisi putri kompas com dokumentasi warga rumah sakit murid kelas sd sunti infus botol pasang selang oksigen sesak napas dokter nayla positif racun dokter nayla makan makan makan makan muntah muntah fitri cerita kondisi rumah sakit untung anak rawat inap pulang wib putri sekolah istirahat total rumah habis obat resep dokter fitri bilang senin menu santap anak ikan tongkol suwir tempe goreng buah aku sang anak ikan tongkol suwir lendir bau foto iggoy el fitra nym dinas sehat provinsi sumatra selatan sebut total anak tingkat didik anak usia paud sekolah tengah sma racun gejala alami mual muntah pusing lemas santap bagi sekolah ratus anak sembilan rawat inap dinkes bilang investigasi inspeksi dadak sidak dapur letak jalan merdeka lurah handayani mulya camat talang ubi selasa hasil laboratorium sampel makan temu kontaminasi bakteristapylococcus aereuspada tempe goreng lebih nilai baku mutu air bersih sumur bor pam olah makan kandung baktericoliformdanescherichia coli coli lebih nilai baku mutu getty images bsip contributor dinkes sebut simpan bahan baku maksimal mesin dingin ataufreezeryang pakai layan penuh gizi sppg dingin alat pantau suhu simpan bahan makan pakai rak metodefirst in first out fifo papar deddy irawan kepala sehat masyarakat dinkes provinsi sumsel konteks dapur fifo rotasi stok makan kali simpan makan kali makan simpan lemari dingin rak simpan mudah ambil tuju kurang risiko kedaluwarsa makan basi perintah bupati operasional makan gizi gratis pali henti baik mundur rabu risti siswi smp negeri kota bandung jawa barat ringkuk sakit santap hari cerita hari santap menu berupamix vegetables kakapcrispy buah melon potong ingat makan basi bau sedap esok risti mual diare sakit perut sakit perut buang air mual minggu sakit perut imbuh kompas com rinto ayah risti buru buru bawa anak puskesmas dekat khawatir dokter diagnosis anak racun makan dokter makan rinto risti cerita habis makan makaroni sayur udahlah situ sebab dinas sehat kota bandung sebut siswa smp negeri muntah mual diare sakit perut demam lahap menu mbgpada selasa lama dinas investigasi lacak korban inspeksi dapur uji sampel makan hasil jenis makan kandung bakteribacilius cereusdan jamurcandida tropicalispada sayur buah melon getty images bloomberg contributor anhar hadian jadi jabat kepala dinas sehat kota bandung beber tahap kontaminasi kuman patogen bahan makan masuk saji inspeksi sehat lingkung dapur temu fasilitas potensi timbul kontaminasi makan contoh proses simpan ompreng wadah makan buka tata rapi ering ompreng lap kotor lap pakai ulang ulang lap tuju ering logika lap pakai lap kotor ya tular ompreng anhar sederhana anhar dapur penuh standar higienitas sanitasi alias jorok henti minggu syarat rekomendasi penuh getty images bsip contributor dinkes sambung seluk beluk yayasan badan gizi nasional kelola sppg insiden ulang bilang dinkes latih higienitas sanitasi kerja dapur informasi dinkes awas dapur kota bandung puluh sppg latih tindak cegah dinkes uji sampel makan minimal kali sppg perhati arsip makan arsip makan anhar set makan simpan dalamfreezerpaling jam kali masak bbc indonesiatelah upaya hubung sppg makan klaim kandung bakteri sebab racun satu tanggap salah sppg kota makassar sulawesi selatan yayasan yasika centre indonesia sppg duga sebab racun beber kerja dapur aditia ketua yayasan bilang sedia januari serentak provinsi hari porsi makan santap ajar sekolah wilayah camat manggala makassar muhammad aidil dapur total kerja kepala sarjana gerak bangun indonesia sppi tugas pimpin koordinasi selenggara ahli gizi tenaga rawan masak cuci emas kemudi sekuriti sedia ribu porsi makan yayasan bagi jam kerja karyawan beberapashift masak jam malam subuh subuh pagi emas distribusi jam pagi pagi aditia jaga higienitas aditia klaim terap sistemhazard analysis critical control points hacpp identifikasi evaluasi kendali bahaya potensi proses produksi makan detail jalan bahan baku aditia aku pasok mitra badan gizi nasional buka sempat warga jual bahan baku stok warga batas yayasan siasat beli dagang telur beli warga komitmen harga mahal murah hitung hari anggar keluar sedia porsi makan kontrak kerja harga porsi makan tera nyata aditia angka bagi perlu operasional untung sppg getty images aditya aji contributor bagi porsi makan kisar ongkos operasional besar sisa masuk kantong yayasan hak yayasan cerita sah mitra modal keluar bangun dapur beli lengkap masak capai miliar rinciannya miliar alat dapur makan sisa sewa beli bahan baku aditia terima mitra dapur lolos standar luas dapur meter persegi lengkap alat masak makan porsi lokasi dapur mesti sekolah sasar kilometer jarak dapur sekolah menit titik dapur aku butuh tuntas syarat syarat ketikabbc indonesiamendatangi dapur wadah makan berbahanstainless steelmenumpuk sudut ruang lemari dingin jejer syarat penuh aditia lantas aju mitra syukur yayasan terima kemarin mudah judi terima bangun dapur pakai dana pribadi aju kontrak janji kerja kontrak tahun getty images aditya aji contributor aditia aku orang dunia jasa boga saji makan program bisnis restoran satu alami jalan aditia lambat terima bayar angka capai pasal bayar memakaireimbursementalias bayar salur makan gizi gratis seok seok anggar sambung untuk bayar upah kerja mega proyek presiden prabowo makan gratis gizi uji coba luncur daerah catat duga racun tahu uji coba kabupaten nganjuk jawa timur oktober tujuh anak sd mual sakit perut muntah lari puskesmas resmi januari insiden duga racun untun alias jeda rinciannya kabupaten sukoharjo jateng kabupaten nunukan kaltara kabupaten lawang sumsel kabupaten pandeglang banten getty images nurphoto contributor waingapu ntt kabupaten batang jateng kabupaten cianjur jabar kabupaten bombana sulawesi tenggara kabupaten karanganyar jateng kota bandung jabar pali sumsel kota bogor siswa duga racun dokter ahli gizi masyarakat tan shot yen angka ribu tolerir nyawa manusia korban benar ribu alarm presiden prabowo henti geram wawancara denganbbc indonesia dokter tan bakteri jamur kontaminasi makan gratis perintah bahaya anak usia bakteri jamur mikroorganisme layak makan terang lantas muncul kontaminasi bilang masak salah makan matang alias mentah waingapu ntt anda bakteri bakteri kembang situ bbc indonesia orang kerja dapur dasar duga rujuk peristiwa abad sakit tipes sebar amerika curiga bawa juru masak mary mallon adalahhealthy carrieratau bawa sakit sehat orang dapur banget dokter tan tambah biasa orang indonesia enggan tutup kepala hidung sarung tangan rentan risiko kontaminasi silang tiga bahan baku segar plus kualitas simpan daging ayam ikan simpan lemari dingin suhu konstan listrik lemari dingin konstan sayur simpan empat bersih dapur serta lengkap mewanti wanti bersih dapur kala alat pisau panci goreng kontaminasi silang getty images bsip contributor proses emas antar lokasi tuju tuju jaga suhu makan derajat suhu derajat derajat zona bahaya zona tumbuh bakteri kisar suhu bakteri kuman jamur tumbuh kembang biak acara nikah makan alat panas ya tuju makan enak hangat imbuh tahan makan derajat kalah konsumsi pakai alat bersih cuci tangan makan risiko dokter tan dar saran perintah gandeng kelola kantin sekolah sedia lokasi sekolah perintah didik masak atur saji prasmanan sembari latih anak sekolah perilaku tertib ideal kantin jual pentol seblak ajaridongmereka bikin bakso ikan ajar masak preferensi anak anak dikasihchicken katsu ayamteriyaki namanyaajaasing bbc indonesia saran ajak orang tua siswa dinas sehat dinas didik puskesmas tampung masuk menu pantau jalan program racun lepas dokter tan sasar bagi anak anak makan gratis gizi ala perintah prioritas anak anak daerah depan luar tinggal butuh makan gizi ketimbang anak anak kota sekolah mewah uang hambur sekian triliun habis orang orang kota urgen ribu racun pakar gizi masyarakat saran henti evaluasi rentet duga racun daerah hakul racun makan gratis ulang terus turut capai angka anak terima satu tolok ukur hasil mega proyek respons anak anak sambut makan gratis sehat kayak malu anak anak makan rugi sehat dokter tan cepat bagus tolak liput dalam bbc indonesia whatsapp whatsapp badan gizi nasional klaim april anak sekolah indonesia sentuh proyek agustus terima target capai presiden prabowo subianto sebut hasil program prioritas capai racun daerah prabowo dalih korban racun akibat orang banding angka terima makan gratis racun racun sekian salah orang racun rawat inap orang prabowo sidang kabinet paripurna istana presiden mei racun perut enak orang salah hasil berita terbit badan gizi nasional tanggap yangbbc indonesiakirimkan senin orang tua anak racun makan gratis irma nurliana syaina siswa kelas sdn rajapolah sumatra selatan aku khawatir trauma putri konsumsi sekolah pesan guru kasih anak takut kasihan anak racun fitri febrianti nayla siswa kelas sdn suryabumi angrolangge tasikmalaya cemas program perintah ingat sang anak makan bagi sekolah getty images chaideer mahyuddin contributor paket makan pesan bawa pulang sampa rumah cicip takut anak racun pikir makan gratis ringan beban ringan bunuh makan gratis racun rinto larang anak risti ajar smp negeri kota bandung konsumsi lantar kapok sang putri ringkuk sakit makan takut jadi bawa bekal makan wartawan rizky tasikmalaya nefri inge palembang yuli saputra bandung muhamad aidil makassar kontribusi lapor
Pimpinan MPR Dukung Program Makan Siang Bergizi Gratis: Amanat Konstitusi Mencerdaskan Bangsa - mpr.go.id,https://www.mpr.go.id/berita/Pimpinan-MPR-Dukung-Program-Makan-Siang-Bergizi-Gratis:-Amanat-Konstitusi-Mencerdaskan-Bangsa,mpr.go.id,Netral,0.6475512385368347,Positif,wakil ketua mpr eddy soeparno lembaga penuh program unggul presiden prabowo subianto makan gizi gratis pasal eddy program amanat konstitusi uud eddy diskus indonesian food security review ifsr ruang rapat pimpin lantai gedung nusantara iii mpr dpr dpd kompleks parlemen senayan jakarta senin mpr laksana diskusi program gizi gratis amanat konstitusi aktualisasi undang undang dasar negara hadir cerdas hidup bangsa sedia makan gizi capai tingkat kualitas anak anak serap didik eddy diskusi eddy perintah prabowo gibran pilot project program makan gizi gratis daerah mpr undang ifsr mitra resmi badan gizi nasional bahas detail program diskusi teman teman indonesian food and security review putar pilot project monitoring giat giat lapang dampak positif ekonomi masyarakat tani ternak akibat jalan program dialog eddy pimpin mpr eddy ambil sosialisasi masif program makan gizi gratis depan proaktif kontribusi bentuk sosialisasi awal program agenda unggul presiden prabowo hasil eddy program makan gizi tuju tingkat kualitas manusia gerak ekonomi rakyat umkm program anak anak tumbuh sehat cerdas samping gerak ekonomi daerah desa aktivitas umkm gerak program harap tumbuh ekonomi desa laju pesat terang eddy sempat direktur eksekutif ifsr dewa made agung diskusi eddy soeparno wakil ketua mpr bahas evaluasi ajar ajar negara dunia program makan gizi gratis dewa dukung mpr program depan eddy dukung aspek segi sosialisasi awal komunikasi stakeholder sempurna program program gizi depan dewa jl jenderal gatot subroto senayan jakarta pusat dki jakarta telp fax email setjen mpr go id
"MAHASISWA BERSUARA: Bukan Memberi Makan Siang Gratis, tapi Merombak Sistem Pendidikan - BandungBergerak.id",https://bandungbergerak.id/article/detail/1546035498/mahasiswa-bersuara-bukan-memberi-makan-siang-gratis-tapi-merombak-sistem-pendidikan,BandungBergerak.id,Negatif,0.9998000264167786,Negatif,didik fasilitas ajar ajar optimal perut kenyang mahasiswa fakultas tani universitas padjadjaran bandungbergerak frasa makan siang gratis asal praktik bar bar amerika serikat makan siang gratis kapitalisme gratis biaya makan siang gratis beban minum beli langgan makan gratis kandung garam mudah haus banyak orang makan beli minum makan gratis orang orang bayar minum beli programmakan gizi gratis nya prabowo subianto bayar program label gratis rakyat bayar malang anak anak sekolah makan gratis bayar mahal kasuskeracunan massal sekian belit harga bayar main main label gratis masalah cantum gizi makan saji gizi anak anak makan layak harus konsumsi dasar program anak anak sekolah rasa manfaat korban program gagal perintah dalih program tingkat cerdas tambah gizi anak anak atas gizi buruk stunting betapa konyol perintah paham cegah gizi buruk stunting anak kandung masuk sekolah hamil masuk sasar program rincian laksana tilik praktik manajemen program hulu hilir kelola yayasan dapur dapur program sarat penting politis naif program tuju atas gizi buruk anak anak nyata program ladang penting koruptif mekanisme awas proyek raksasa anggar kualitas makan layak picu racun massal lari uang banalitas jahat racun massal makan gizi gratismahasiswa suara program makan gizi gratis presiden prabowo subianto didik program makan gizi gratis sedot anggar negara ratus triliun rupiah alokasi imbas mangkas pos anggar program gratis guru tahan lapar gaji makan hari orang tua bingung bayar uang sekolah anak biaya didik mahasiswa ajar bayar biaya kuliah ramah lulus sekolah anggur kurikulum didik asah mampu manusia baik didik presiden prabowo hormat pilih program makan gizi gratis solusi pecah baik kacau sulit solusi radikal hancur bangun solusi bijak tawar sistematis kurikulum kembang mampu siswa guru profesional gaji layak fasilitas ajar tunjang didik akses didik ramah biaya murah situ pemrioritasan dana butuh baik didik sanggup tuntun anak anak cerah memang kasih makan gratis anak anak sekolah pintar jaka sembung bawa golok didik fasilitas ajar ajar optimal perut kenyang bangun bagi ide ilmu sulit amin indonesia emas program usung perintah jauh anak anak tuju usaha entas coba baik akar lahir program politis baru didik hasil anak anak indonesia hak rombak didik bijak bijak bersifattop downseperti evaluasi kawan kawan ikut kabar kini bandungbergerak gabung salur whatsappbit ly channelbb
6 bulan Makan Bergizi Gratis: Program kesehatan atau bantuan sosial? - The Conversation,https://theconversation.com/6-bulan-makan-bergizi-gratis-program-kesehatan-atau-bantuan-sosial-260691,The Conversation,Negatif,0.9984027743339539,Negatif,program makan gizi gratis program mercusuar perintah prabowo gibran enam inisiatif sasar kelompok kelompok rentan kurang gizi anak anak sekolah sd smp sma derajat santri balita hamil susu perintah klaim sudahmenjangkau terima manfaat program wang lapang racun makan siswa kadar gizi makan muncul muka program buru buru kelola anggar risiko korupsi problem limut semester jalan baik perintah selenggara program episode suarakademia baru diskus riandy laksono teliti daricenter for strategic and international studies csis bahas topik riandy timpang target capai masalah struktural rencana perintah upaya aman anggar tata kelola efektivitas salur dana kerja rumah dapat badan gizi nasional lembaga kelola program adaptasi mekanisme manajemen uang negara alhasil baik program makan gizi gratis jalan dana asal alih infrastruktur operasional menteri timbul prioritas bijak fiskal ketidaksiapan struktur laksana kurang koordinasi risiko jadi program kontraproduktif timbul dilema bijak rancang program sehat publik instrumen tumbuh ekonomi ketidakjelasan cipta tarik ulur teknis potensi buruk efisiensi program lapang riandy tekan sedia makan gizi terima aspek aman pangan kandung gizi standar harap perintah fokus kualitas makan target baik kualitas ajar indonesia aspek gizi penuh program turut masyarakat sipil transparansi akuntabilitas program perintah kalah perintah harap buka ruang dialog inklusif terima kritik ahli mang penting didik sehat bentuk mekanisme adu publik transparan libat aktif masyarakat pantau program strategis tingkat legitimasi efektivitas bijak riandy program bas niat dukung desain bijak bas bukti evaluasi dampak arah bijak integrasi harap program program sifat simbolik dorong ubah nyata kualitas hidup generasi simak episode lengkap disuarakademia ngobrol seru kini bareng akademisi
Ekonom Khawatir akan Keberlanjutan Program Makan Siang Bergizi - Voice of America Indonesia,https://www.voaindonesia.com/a/ekonom-khawatir-akan-keberlanjutan-program-makan-siang-bergizi/7969258.html,Voice of America Indonesia,Netral,0.9995946288108826,Negatif,terus lihat komentar print menteri uang perintah mangkas anggar belanja triliun persen apbn pakat perintah dpr ekonom khawatir nasib lanjut program makan siang gratis programanyarpresiden prabowo subianto atas gizi anak anak studi status gizi menteri sehat catat persen anak usia stunting akibat kurang gizi tahap program makan gizi gratis panjang maret tuju makan gizi anak sekolah hamil susu lahap makan gizi harap tingkat sehat cegah stunting program tel biaya triliun menteri koordinator pangan zulkifli hasan januari anggar triliun anggar habis juni tambah triliun program jalan desember china jepang amerika serikat india dukung program dana bentuk dukung jepang india bantu bentuk latih perintah rencana laksana program tahap sasar orang empat duduk indonesia muhammad qodari wakil kepala staf presiden wartawan februari program strategi jangka perintah kembang kualitas generasi muda songsong indonesia emas tuju jadi indonesia negara daulat maju sejahtera usia dinna prapto raharja profesor hubung internasional universitas bina nusantara jakarta nasihat senior konsultan synergy policies besar anggar program batu sandungan politik prabowo biaya program prabowo mangkas anggar perintah besar menteri hadap potong persen dinna paksa cari bantu uang negeri voa januari menteri uang perintah mangkas anggar belanja triliun persen apbn pakat perintah dpr negara dukung program jabat badan gizi nasional bicara internal tingkat bantu asing jenis bantu aspek teknis laksana dukung china jepang as india november china komitmen program makan gizi gratis nominal gelontor duta china jakarta tanggap minta voa informasi bantu uang china bentuk pinjam hibah amerika serikat latih ternak sapi perah tanah air upaya program implikasi tingkat minta susu lokal perintah sedia susu anak anak sekolah kali minggu deddy fachrudin kurniawan ceo dairy pro indonesia pimpin proyek latih dewan ekspor susu amerika deddy voa januari indonesia impor persen butuh susu pogram makan siang gratis butuh susu tingkat drastis januari perdana menteri jepang shigeru ishiba umum tokyo program makan bantu perintah indonesia tingkat mampu rang kurang gizi anak anak ishiba tawar dukung jepang latih juru masak tanah air kirim juru masak jepang bantu prabowo jepang kontribusi tingkat ikan tani alam india dukung program bagi tahu food corporation of india lembaga lembaga jabat indonesia india bagi alam sehat tahan pangan skema makan siang gratis distribusi layan publik perintah indonesia perdana menteri narendra modi salur youtube nya januari dukung reaksi negara negara dukung program prancis brazil suara dukung temu ktt pimpin rio de janeiro prabowo instruksi jajar lawat brazil ajar program negara amerika selatan prancis program beri makan sekolah niat bagi ahli bantu indonesia modernisasi tani teuku rezasyah profesor madya hubung internasional universitas padjajaran bandung catat india ekspor metrik ton daging kerbau indonesia brazil ekspor metrik ton daging sapi indonesia wakil perdana menteri inggris angela reynar minat temu prabowo london november jenis dukung inggris mohammad faisal direktur eksekutif center of reform on economics voa jakarta januari negara negara tawar dukung timbang penting makan siang gratis faisal sumbang altruistik sepenuh negara negara donor kuat hubung bilateral harap raih manfaat mudah investasi indonesia insentif akses pasar ekspor imbal rezasyah sepakat dapat negara negara donor harap indonesia impor produk negara program makan tambah nila miliar dolar sisi indonesia kuat tengah kontribusi temu solusi global ah rs terus terus lihat komentar print
"Program Makan Siang Gratis di Pekanbaru Tertunda, Ini Penyebabnya - Media Center Riau",https://mediacenter.riau.go.id/read/89562/program-makan-siang-gratis-di-pekanbaru-tertu.html,Media Center Riau,Negatif,0.9895191192626953,Netral,kabupaten indragiri hulu kabupaten kampar kabupaten pulau meranti kabupaten antan singingi kabupaten pelalawan kabupaten rok hilir kabupaten bengkal kabupaten indragiri hilir kabupaten indragiri hulu kabupaten kampar kabupaten pulau meranti kabupaten antan singingi kabupaten pelalawan kabupaten rok hilir kabupaten bengkal kabupaten indragiri hilir kabupaten indragiri hulu kabupaten kampar kabupaten pulau meranti kabupaten antan singingi pekanbaru program makan siang gizi gratis gulir perintah pusat tahap senin sepenuh nikmat siswa siswi kota pekanbaru kendala sebab luncur program tunda daerah luncur program serentak salah satu pekanbaru luncur program makan siang gizi siswa pekanbaru hadap kendala logistik kirim alat dapur tunjang kesiap makan program makan gizi gratis wakil ketua layan penuh gizi sppg pekanbaru ulul azmi kendala hadap logistik alat dapur butuh makan gizi siswa sepenuh sedia senin berita januari program makan siang gizi luncur sekolah pekanbaru tunda perintah kota pekanbaru tetap sekolah pilot project program tahap program makan siang gratis sasar siswa sekolah wilayah sukajadi azmi sekolah sekolah pilih pilot project liput smp smp negeri smp negeri smp negeri sd sd negeri sd negeri sd negeri sd negeri sd negeri sd negeri tk tk pertiwi tk aisyiyah bustanul athfal pilih sekolah sekolah timbang siswa kondisi sarana prasarana sekolah tingkat butuh gizi siswa azmi azmi program makan siang gratis sasar siswa laki laki siswa perempuan perintah pusat alokasi anggar porsi makan siang siswa kendala perintah kota pekanbaru optimis program makan siang gratis jalan lancar siap selesai harap program manfaat signifikan tingkat gizi sehat siswa siswi pekanbaru tutup azmi mediacenter riau bts alamat jalan diponegoro telpon email mcprovriau gmail com
Presiden Prabowo Targetkan Seluruh Anak Dapat Akses Makan Bergizi Gratis pada Akhir 2025 - Presiden RI,https://presidenri.go.id/siaran-pers/presiden-prabowo-targetkan-seluruh-anak-dapat-akses-makan-bergizi-gratis-pada-akhir-2025/,Presiden RI,Netral,0.7676836848258972,Positif,this website uses security service to protect against malicious bots this page is displayed while the website verifies you are not bot
GRAND LAUNCHING 7 DAPUR MAKAN BERGIZI GRATIS (MBG) SATUAN PELAYANAN PEMULIHAN GIZI (SPPG) - prokopim.magetan.go.id,https://prokopim.magetan.go.id/grand-launching-7-dapur-makan-bergizi-gratis-mbg-satuan-pelayanan-pemulihan-gizi-sppg/,prokopim.magetan.go.id,Positif,0.9961036443710327,Positif,sahabat prokopim bupati magetan serta jajar forkopimda hadir grand launching buka dapur makan gizi gratis wilayah kabupaten magetan kali resmi dmg launching kali lurah lembeyan kulon kec lembeyan rabu pagi tujuh dapur makan gizi gratis liput tujuh lokasi dapur lembeyan dapur parang dapur sidorejo dapur sukomoro dapur barat dapur bendo dapur karangrejo program agenda bangun manusia bentuk nyata perintah kelompok rentan anak anak sekolah hamil susu dr sri hartono ketua bina yayasan bangun dapur makan gizi gratis camat maju umkm wilayah bantu ekonomi masyarakat depan kurang mohon arah letkol inf hasan dasuki sos dandim magetan wilayah magetan sppg jalan sppg kodim mitra sppg kec sukomoro mudah mudah resmi mitra sppg cepat program makan gizi satgas awas damping dorong bangun bangun sppg program perintah sambut bupati magetan hj nanik endang rusminiarti pd program sedia makan cermin kolaborasi lintas semangat gotong royong nilai nilai manusia luhur sedia makan sehat gizi harap cipta manusia unggul dampak positif tumbuh ekonomi masyarakat nama perintah kabupaten magetan terimakasih perintah pusat fasilitas bangun dapu makan gizi gratis apresiasi tinggi kontribusi tenaga materi laksana program moga sinergi bangun jaga tingkat tigor pangaribuan deputi tata kelola sambut resmi dapur makan gizi gratis magetan capai persen target penuh makan siang gizi gratis depan penuh terima manfaat magetan butuh dapur lapor konsep bangun acara lanjut potong tumpeng potong pita kepala damping mitra tunjuk reog jaranan lanjut tinjau lokasi dmg launching kali hadir kepala badan gizi nasional bupati magetan serta jajar pj sekda magetan camat dapur serta jajar ketua yayasan muhammadiyah children center undang prokopim adm ahm
Program makan bergizi gratis andalan Presiden Prabowo Subianto 'belum memenuhi standar kebutuhan gizi' - BBC,https://www.bbc.com/indonesia/articles/cd0e05p7n1go,BBC,Negatif,0.9989866614341736,Negatif,foto periksa gizi sebut amat enam jenis saji menu makan gizi gratis penuh standar angka cukup gizi permenkes beleid atur angka cukup gizi anjur masyarakat indonesia takar isi piring anak usia sekolah dasar penuh kalori kandung unsur karbohidrat protein nabati hewani lemak buah makan temu bbc indonesia daerah siswa keluh sayur makan pahit kecut kecewa susu janji sekolah lambat jam terima makan gizi gratis amat sehat lembaga kaji center for indonesia strategic development initiatives cisdi diah saminarsih krusial evaluasi baik perintah lambat bahan makan anggar gelontor buang sia sia baca tanggap juru bicara kantor komunikasi presiden prita laura sebut makan gizi gratis perintah kendati aku baik standar angka cukup gizi akg makan gizi gratis klaim pikir libat ahli gizi layan penuh gizi sppg dapur kendati publik program program kompleks temu temu lapang baik bentuk sop program bunuh mati mariimprovesama program anyar presiden prabowo subianto makan gizi gratis luncur senin sasar anak sekolah provinsi indonesia adita irawati juru bicara istana presiden daerah terima makan gizi gratis khusus wilayah kota kabupaten jalan uji coba proyek skala perintah titik layan penuh gizi sppg sebar puluh provinsi ratus sppg sulap dapur masak makan gizi gratis bbc indonesia pantau jalan program makan gizi gratis daerah temu nanda batubara liput dalam bbc indonesia whatsapp whatsapp medan sumatra utara program agam respons anak sekolah dasar sd kota medan adrian murid kelas sd negeri bocah laki laki aku senang makan gizi gratis repot repot bawa bekal rumah lauk saji bagi enak masakan enak andrian kali rasa program andrian teman teman kelas menu nasi ayam goreng tepung sayur wortel buah kemas piring saji persegi buat daristainless steel ratus paket makan antar kendara mobil bagi murid ruang kelas anak anak aku puas andrian harap lauk saji agam bosan ganti ganti anak anak makan gizi kepala sekolah dahliana panjaitan klaim temu jalan program makan gizi gratis kendati aku murid biasa menu saji cerita anak protes buah keras kunyah menu makan gizi imbuh dahliana kamal palembang sumatra selatan ajar sd negeri datang ratus paket makan gizi gratis kotak makan bagi wib jam istirahat siswa kelas muhammad khalid ibrahim masuk sekolah libur masuk bocah sembilan suguh makan gizi gratis nasi steakikan tempe goreng sayur bunci buah pisang aku suka lauk ikan aneh enak santap ibrahim lapar gara garanya berangkat sekolah sarap steakikan enak aneh lauk menu enak porsi pas teman teman menu nasi ayam sayur buah semangka saji kali ibrahim bilang suka enak kecewa lantar susu harap lauk ayam goreng ibrahim kawan muhammad uwais siswa kelas smp negeri aku salah makan bagi enak kurang tahu pahit nasi lebih pas susu pengennnyananti susu lauk ayam beda khalid menu makan siang uwais jam makan siang wib tepat jam istirahat sekolah foto semarang jawa makan gizi gratis smp negeri keluh susu menu janji presiden prabowo wakil presiden gibran kampanye pilpres siswa aku senang program utara adwitya endraswari gita ranadhani duduk bangku kelas sma negeri pribadi hemat keluar uang makan siang makan siang enak kenyang porsi makan bagi pas cerita siswa putra menu terima nasi telur tempe sayur tambah buah pepaya kayla clairina belva safitri makan gizi gratis nikmat sistem gilir contoh kelas santap makan gratis kelas gilir benar iqbal adit siswa kelas makan gratis senang kali minggu kemarin menu ayam sayur nasi buah semangka susu iqbal kamal sekolah smp negeri kota semarang lambat kirim kepala sekolah rini rusmiasih bilang sedia kirim ratus paket makan wib lambat jam alias wib kendala jam wib saji menu siswa nama sabrina senang makan sayur lampau makan tahu suka ayam enak sayur lumayan wortel pinta perihal susu makassar sulawesi selatan ajar sma negeri camat manggala keluh makan gizi gratis terima faika ramadan terima menu makan beda beda isi menu nasi ayam goreng sayur capcay buah pisang nasi potong ikan bumbu sambal sayur potong buah semangka senang menu makan suka makan ikan tingkat teman teman makan ikan suka alergi alergi foto ikan faika bilang sayur saji pahit makan buah pisang mubazir bentuk pisang buka atas bikin cepat busuk bentuk hitam hitam jarang makantoh faika murid murid bawa pulang makan rumah keluh sayur muhammad anugrah duduk kelas smp negeri sayur saji bayam tambah wortel campur bayam suka sayur pahit tahu kecut murid nama dian sma negeri aku suka menu lantar suka menu ikan kendati paksa habis makan lepas bilang makan gratis tambah konsentrasi ajar sekolah lapar konsentrasi teman antuk makan banyak alifah farah dzakiyah teman kelas anugrah bilang syukur makan gratis ringan beban orang tua susu buah pisang semangka moga program lanjut uang jajan kurang orang tua susah pikir jajan foto periksa gizi muhammad shidqi amat jenis saji menu makan gizi gratis unggah warganet media sosial facebook enam jenis saji menu amat turut penuh standar angka cukup gizi permenkes beleid takar isi piring anak usia sekolah dasar penuh kalori kandung unsur karbohidrat protein nabati hewani lemak buah makan salah saji menu anggap penuh standar angka cukup gizi makan gizi gratis salah sekolah lombok makan nasi telur dadar sayur tumis susu coklat kira kasar buah pisang gram tangkup nasi gram telur dadar gram sendok tumis gram susu coklat miligram jumlah total kalori gram protein foto saji menu penuh standar angka cukup gizi daerah isi makan potong buah melon kira cakup gram nasi gram potong fuyunghai gram sendok sayur tumis tempe wortel kol gram total kalori gram protein shidiq unggah menu media sosial ada contoh lauk sayur lampau banding nasi pakai pedoman menteri sehat isi piring sayur total isi piring lauk pauk nasi nasi banding sayur takar shidiq bbc indonesia selasa anak anak butuh serat sayur kenal sayur prihatin anak anak makan gizi gratis menu ada salah ahli gizi juru masak percaya baik batas sambung shidiq bilang rujuk pedoman isi piring susu wajib ganti protein daging ayam lauk ayam menu makan gizi gratis buah buah lepas kritik bilang buah saji usia anak jeruk pisang melon foto bingung menu saji salak ya salak enak anak anak doyan susah buka pria ahli gizi rumah sakit pandu menu makan gizi gratis perhati sehat anak temu anak alergi telur ikan seringkali ahli gizi rekomendasi lauk daging ayam sapi bagi lauk protein hewani nabati mesti saji sama saji menu lengkap kayak depok foto menu protein hewani menu protein hewani dobel kayak standar ya maklum acu shidiq sadar harga porsi makan gizi gratis bilang bahan makan harga cukup standar gizi komposisi atur harga potong perlu amat sehat lembaga kaji center for indonesia strategic development initiatives cisdi diah saminarsih siswa periksa gizi krusial evaluasi baik perintah lambat bahan makan anggar gelontor buang sia sia iya krusial bagus tahu baik diah bbc indonesia foto aku duga variasi program makan gizi gratis program luncur senin perintah jabar terang benderang fundamental proses sedia bahan baku makan pandu proses masak distribusi makan saji menu syarat mitra katering penuh standar ahli gizi libat awas jalan program proyek nasional skala turut perintah rencana matang reaksi kritik terima publik antisipasi kes reaksi muncul muncul kabar siswa larang foto menu unggah media sosial sekolah takut makan habis nilai perintah rancang program olah reaksi harap timbang rencana program variasi kesiap matang diah gudang muncul saran perintah bentuk tim kerja tugas buka kanal adu situ ahli badan gizi nasional cari jalan keluar cepat krusial tepat baik jalan sekolah sekolah baik menu program jalan mungkindongdistop minggu bulan realistis iya realistis dapur pilih baik foto nyata kepala kantor komunikasi presiden hasan nasbi sebut program dana pribadi presiden prabowo diah sebut mesti janji politik prabowo kampanye akuntabilitas duga anggar negara butuh makan gizi gratis jalan cepat putus pakai dana pribadi diah saminarsih buru buru program andal prabowo gibran bagus buruk harap improvisasi perintah lapang laksana moga masuk ahli dengar juru bicara kantor komunikasi presiden prita laura sebut makan gizi gratis perintah lambat prosedur makan gizi gratis rentang makan pagi makan siang lambat jam sekian jam sekian kurun makan pagi makan siang prita bbc indonesia rabu foto menu makan anak rasa enak habis makan bilang makan gizi gratis mustahil muas anak klaim restoran makan gizi gratis sambung gizi menu saji anak puas selera standar angka cukup gizi akg makan gizi gratis pikir libat ahli gizi layan penuh gizi sppg dapur ahli gizi menu standar akg awas bahan makan proses masak saji piring temu sekolah ciracas sayur asem amat padaplating saji sayur panas taruh wadah bikin asem ajar masak jaran masalah prita cacat perintah ajar baik kendati publik program program kompleks temu temu lapang baik bentuk sop program bunuh mati mariimprovesama lapor tambah wartawan nanda batubara medan nefri inge palembang kamal semarang darul amri muhammad aidil makassar
"Guru Akan Dapat Makan Siang Gratis, Prabowo: Ada yang Kurang Gizi - KBR.ID",https://kbr.id/articles/ragam/guru-akan-dapat-makan-siang-gratis-prabowo-ada-yang-kurang-gizi,KBR.ID,Negatif,0.9908113479614258,Positif,daerah anak anak gizi guru gizi guru guru hasil sungguh rendah tulis shafira aurel editor kbr jakarta calon presiden urut prabowo subianto luas program makan siang susu gratis program fokus sasar ajar prabowo makan siang gratis guru turut guru indonesia gizi lantar dapat rendah data ulang terima program bentuk serius wujud sejahtera daerah anak anak gizi guru gizi guru guru hasil sungguh rendah prabowo acara industri uang pasar modal roadmap indonesia emas hotel ritz carlton jakarta selatan senin lapor salah satupilot projectkita bagi makan anak anak guru gak hati tim masak makan guru guru guru guru makan lahap sambung prabowo sebut terima program makan siang susu gratis orang anak usia ajar sd smp sma smk santri hamil editor wahyu
Pendidikan Gratis atau Makan Siang Gratis? - TIMES Indonesia,https://timesindonesia.co.id/kopi-times/557073/pendidikan-gratis-atau-makan-siang-gratis,TIMES Indonesia,Negatif,0.8835465908050537,Negatif,kopi times ruang kolaboratif suara ide alam pikir publik luas tulis lahir agam latar akademisi mahasiswa guru santri profesional laku umkm giat komunitas aktivis birokrat politis seniman warga peduli tangerang usul evaluasi program makan gizi gratis usul banyak racun masal alami siswa santap usul parlemen praktisi akademisi masyarakat anggar ungkap menteri uang purbaya yudhi sadewa serap total anggar triliun anggar triliun naik anggar capai kali lipat program perintah tingkat sejahtera masyarakat desa program bancak sekolompok orang menteri desa rancang cipta mandiri pangan desa mandiri corak pangan fakta serap umkm bumdes desa produk program panggang api peran tingkat nutrisi siswa guru orang tua paham makan gizi orang tua penting anak dampak sehat jangka anak familiar makan beku jajan makan instan terap komplain makananya enak alih sosis nuget makan gizi mahal ketidaktahuan orang tua anak nutrisi salah faktor dukung tumbuh kembang anak mutu ajar salah ajar ranah ranah keluarga ajar keluarga karakter ranah lingkung ajar sosial agama tiga ajar sekolah ajar akademik nutrisi bantu tumbuh sel otak anak masalah dunia didik indonesia butuh gizi anak timpang kualitas didik kelola swasta negara beda harga biaya didik swasta mahal kualitas didik sekolah negeri rekrutmen guru ajar guru jam ajar siswa biaya didik gratis sekolah negeri bareng kualitas didik guru sekolah negeri cenderung malas ajar jam ajar siswa sekolah negeri marak guru titip kompeten didik gratis sekolah mutu butuh masyarakat tingkat kualitas didik sekolah negeri masyarakat miskin nikmat didik gratis kualitas subsisi didik sekolah swasta masyarakat miskin timba ilmu sekolah swasta takut biaya mahal didik gratis jamin keluarga semangat sekolah anak biasa masyarakat indonesia sepele gratis karakter semangat ajar siswa cenderung rendah masyarakat ubah pandang sepele gratis gratis mutu perintah alih subsidi biaya didik sekolah swasta alokasi anggar asal pajak bijak dampak positif masyarakat pajak pungut rakyat kembali masyarakat salah satu ranah didik evaluasi kurikulum didik evaluasi ganti kurikulum jalan evaluasi tingkat mutu sekolah cenderung jual buku buku ajar review dinas didik libat ahli kali lolos sekolah evaluasi tenaga didik guru bidang guru profesi sarjana kesuliatan cari kerja tolak usaha baru lamar guru guru titip proses seleksi guru guru ujung tombak didik profesional kompeten jamin sejahtera sekolah gratis terap mutu didik terap sekolah batal dadak asupan makan gizi siswa rendah sarana prasarana didik baik khawatir sekolah ambruk kualitas guru baik studi bekal profesi guru profesional tunjang guru rata timpang guru asn guru honorer mutu tuju didik sisa lengkap didik dr misbah priagung nursalim pd dosen universitas pamulang tulis opini sepenuh tanggungjawab tulis tanggungjawab redaksi timesindonesia co id kopi times rubik opini times indonesia buka naskah maksimal karakter serta riwayat hidup singkat serta foto telepon hubung naskah kirim alamat mail opini timesindonesia co id redaksi hak tayang opini kirim simak breaking berita pilih times indonesia whatsapp mu channel times indonesiapastikan whatsapp pasang
Program makan bergizi gratis Prabowo: Rp10.000 dapat menu makanan apa di Medan hingga Papua dan bagaimana kandungan gizinya? - BBC,https://www.bbc.com/indonesia/articles/ce3219dkq15o,BBC,Netral,0.5281000733375549,Negatif,foto sulthony hasanuddin presiden prabowo subianto tetap anggar makan gizi gratis porsi turun tren naik harga butuh pokok menu makan harga kandung gizi bbc indonesia rumah makan wilayah indonesia beli menu makan uang tangerang uang beli nasi lauk telur usus ayam lengkap tempe sayur semarang medan gorontalo menu agam ikan udang ayam jayapura papua beli nasi sayur tempe ganti kerupuk wilayah wilayah datang harap buah susu lauk daging sapi uang ahli gizi hubung bbc indonesia sebut beli porsi makan nominal berantas stunting tuju berantas stunting kandung gizi harga cekik sedia makan ahli gizi hafizha anisa rabu usaha rumah makan katering pandang uang porsi makan masuk akal baca angka segitu berani program tutup usaha azis milik usaha katering dapoer kraton tangerang banten foto andry denisah prabowo subianto anggar gadang gadang program andal atas stunting turun porsi lantar kondisi anggar negara uji coba tahun pulau jawa perintah klaim uang penuh butuh makan gizi kalori porsi perintah simulasi program ratus titik indonesia implementasi januari sasar anak tahap total biaya gelontor perintah program capai triliun yuliana lantinpo tuju bbc indonesia kota jayapura papua siang rumah makan nama sejati kunjung sepi beli antre warung milik rianti sibuk layan langgan setia mahasiswa kerja kantor masyarakat sibuk mes menu makan harga dengar rianti kaget senyum hah mba harga masuk akal untung wartawan jayapura yuliana lantipo lapor bbc indonesia rabu yuliana lantipo harga makan murah warung menu nasi telur nasi perkedel lauk ayam rianti harga capai porsi salah unjung abe yomo harga makan warung murah jayapura rogoh kocek kali beli makan makan sarap nasi kuning porsi isi ikan potong nasi kuning kadang sayur acar abe yuliana lantipo kendati bbc indonesia rianti hidang menu nila saji centong nasi porsi lengkap pasang tempe rianti sayur tumis jantung pisang potong sayur nangka mie goreng pilih tempe ganti kerupuk kaleng porsi kayak nasi kucing rianti saji jenis makan rianti tinggi biaya makan jayapura sebab harga bahan baku mahal beras tomat cabai pajak perintah daerah pemda beras kg rianti yuliana lantipo foto menu makan nila ketua jurus gizi poltekes jayapura sri iriyanti nilai kandung gizi sri menu kandung karbohidrat nasi asupan protein tempe vitamin mineral sayur sri iriyanti kandung gizi makan anak hamil butuh kandung gizi imbang harga tempe kurang nilai gizi cukup pilih protein bagus nilai biologis hewani contoh ikan ayam daging telur sri yuliana lantipo sri harga porsi program makan gizi imbang jayapura minimal nila potong ikan protein hewani nominal sri khawatir uang potensi potong biaya biaya operasional jatuh nilai gizi makan bbc indonesiahadir whatsapp berita investigasi liput dalam bbc indonesia whatsapp tanya potong potong alam program program perintah digembar gembor sekian rupiah tangan kadang segitu penuh asupan gizi imbang sri subsidi silang pulau jawa papua papua harga harga kenal mahal sesuai harga harga realitis harap perintah gali pangan lokal murah gizi ubi ikan limpah papua nanda fahriza batubara wilayah timur indonesia geser barat indonesia tepat kota medan sumatra utara unjung rumah makan khas mang nama rm saudara jalan klambir camat medan helvetia bawa uang coba mes makan isi perut lapar suguh pilih lauk ikan dencis telur dadar saji sayur mayur daun singkong nangka lengkap sambal merah kuah gulai menu tarik beli kondisi usaha sulit beli masyarakat turun milik rumah makan dian gunawan wartawan nanda fahriza batubara medan rabu nanda fahriza batubara menu daging ayam jual harga porsi beli menu masyarakat ekonomi lemah dian dian modal olah makan modal pakai beli beras sayur bumbu daun pisang karet kantong plastik gas bayar token listrik dagang jual dian oleh untung bersih nanda fahriza batubara foto menu makan dina keumala sari ketua departemen ilmu gizi fakultas dokter universitas sumatera utara segi gizi dina makan sumbang kalori komposisi protein proses tumbuh anak ideal dina porsi makan protein serat kalsium vitamin porsi menu makan nila program mustahil hasil makan gizi lengkap kualitas sisi porsi dina berat daging ikan mesti gram biaya beli protein lengkap budgetrp minim bentuk ikan makan anak yangedible portion makan contoh tulang dina muhammad iqbal pulau sumatra anjak pulau jawa siang rabu orang masuk rumah makan warung tegal warteg sami asih camat pinang kota tangerang bangun cat warna biru putih orang jaga layan beli etalase kaca lauk makan saji beli lantas mes jenis makan nominal muhammad iqbal saji hidang nasi telur dadar tempe goreng sayur singkong sambal saji lauk tempe orek usus saji sayur rebus singkong sambal beli pilih air putih teh tawar milik warteg risono aku modal bahan baku keluar menu kisar porsi angka hitung beras muhammad iqbal olah matang total modal piring ristono wartawan tangerang muhammad iqbal lapor bbc indonesia rabu risoton uang nila beli makan lauk ayam daging harga ayam potong pasar capai kilogram lauk ayam harga porsi menu ristono anggar penuh butuh murid sekolah pesan maksimal tambah susu protein telur tempe nada beli abdul fikri anggar segitu telur goreng susu buah lokasi muhammad iqbal liput dalam bbc indonesia whatsapp whatsapp fikri bilang rogoh kocek porsi nikmat hidang warteg aku mes makan harga makan harga itu lauk telur kikil usus foto makan ahli gizi ipb university ali khomsan gizi penuh syarat selera konsumsi agam rendah khomsan saji makan siang kalori total kalori anggar hadir lauk ayam ikan daging sapi tambah susu fokus hamil balita pangan hewani susu telur ikan daging ayam fokus khomsan agam konsumsi makan gizi gratis pangan pokok lauk sayur buah plus susu kamal bbc indonesia geser salah warung makan kawasan pasar johar kota semarang jawa milik warung makan nur sibuk layan beli keroncong nur sebut menu tawar warung makan agam sayur buncis daun pepaya bayam lauk pauk udang pepes ikan telur mes menu makan harga uang nasi rames isi buncis daun pepaya mi lauk rempeyek udang nasi nur wartawan kamal semarang lapor bbc indonesia rabu kamal beli porsi nasi lauk pepes ikan sayur buncis uang ayam jual mahal beli mahal jual mahal porsi harga bbc indonesia unjung rumah makan warung ngiras roso jalan banowati raya semarang salah karyawan rumah makan harni beli nasi rames pakai telur sayur uang sih jenis orek tempe kacang mi pakai telur harni kamal imbuh harni beli porsi nasi plus capcay daun pepaya olah hati ayam uang lauk ayam daging sapi ayam pakai nasi ayam sambel lalap harni salah beli nama arka aku habis uang makan beli nasi rames ayam geprek beli taufik aku kerap beli makan harga makan kenyang sisi nilai gizi bagimana taufik kamal ahli gizi universitas diponegoro ana nur afifah ragam menu makan penuh butuh gizi anak menu karbohidrat nasi plus mi protein bandeng udang tempe telur vitamin mineral serat sayur cukup butuh gizi anak ana ana menu makan tambah buah buah beda ahli gizi wawancara ana anggar nila porsi penuh gizi anak pangan asal daerah potong biaya produksi semarang makan karbohidrat protein sayur bersih loh ya potong sarjan lahay kunjung rumah makan rm yoana jalan teuku umar camat kota selatan kota gorontalo beli menu makan harga warung beda lauk ayam ikan tuna nasi ikanoci bakar goreng harga milik warung ratna doka sarjan lahay wartawan gorontalo lapor bbc indonesia rabu ratna aku ambil untung harga porsi sarjan lahay untung oleh bilang syukur rumah makan diri pilih orang sarap makan siang porsi rm yoana jual pilih menu harga porsi nasi cumi nasi daging sapi ratna naik harga bahan pokok beras daging ayam serius makan kandung gizi jangkau biaya operasional tingkat tambah tantang program ratna bilang kendali harga bahan pokok tekan biaya operasional harga porsi gizi sarjan lahay salah unjung rumah makan ain aneta anak duduk bangku sekolah aku tuju anggar lauk kangkung tambah lauk gizi makan anak anak anggar makan sehat gizi porsi nada dokter spesialis gizi klinik radiah syawal harga porsi penuh butuh gizi anak anak gorontalo turut butuh gizi hari anak sekolah kisar kalori sarjan lahay radiah makan gizi gratis sedia siang penuh persen butuh gizi hari anak sekolah kalori menu makan gizi cakup makan pokok nasi ubi lauk ikan ayam sayur buah buah cukup gizi penuh butuh gizi kalori lauk minimal ikan tempe sayur buah radiah syawal turut perintah timbang bijak mangkas anggar program pulau jawa porsi gorontalo foto andry denisah usaha warung makan konsumen nominal program usaha katering sentimen aziz salah satu milik usaha katering dapoer kraton tangerang banten bilang makan gizi kaya nutrisi nominal bahan baku buat mahal harga telur minyak biaya proses olah bahan baku mentah makan saji mahal pria enam pegawai juru masak aku enggan ambil program nominal tambah angka segitu berani tutup usaha foto rais al farisi beda usaha katering bumbu pawon semarang ekha fitria hadir menu susu buah buah sayur lauk tempe tambah telur ayam ikan ukur ekha syarat bantu sekolah perintah daerah harga masuk akal sekolah sedia makan pakai stirofoam kardus harga sekolah sedia alat transportasi jemput makan antar makan tiga bayar maksimal minggu ekha bulan kerja perintah bulan bayar foto andry denisah beda usaha katering dapur bu icha serdang sumatra utara aku saji menu makan paket nasi lauk sayur porsi lauk ayam porsi daging sapi isni bilang isni paket katering harga usaha tarik untung harga pengaruh kualitas isni anggar paket sulit hasil makan gizi lengkap bahan baku harga murah karbohidrat nasi isni makan gizi sedia protein serat daging buah susu biaya ribu perpax tutup foto ampelsa wawancara ahli gizi hafizah hitung sederhana bedah biaya paket makan hafizah anisa bagi biaya bahan makan biaya kemas jasa untung biaya makan porsi normal biaya makan keluar sedia angka pakai gizi rendah angka masuk akal haifzah nominal protein karbohidrat sayur bumbu protein harga pilih udang rebon ikan teri lele telur telur puyuh hati ayam ayam daging artikel muat konten sedia izin muncul situs cookies teknologi baca xkebijakan cookiedankebijakan privasisebelum terima konten pilih terima lanjut lompat pesan konten sedia protein capai gram makan gizi kandung gram protein sederhana lauk dua protein hewan contoh ayam potong telur butir sisa biaya atauoverhead cost biaya kemas jasa untung biaya ideal idealnyaoverhead costitu untung minimal sulit implementasi asli hitung hafizah sederhana tuju berantas stunting kandung gizi harga cekik sedia makan anggar cemilan anak makan lengkap masuk akal turut nominal ideal angka pulau jawa daerah foto angga budhiyanto nada ketua ruang bijak sehat indonesia rukki mouhamad bigwanto program paksa kes gimmick bilanggimmickkarena kes makan gratis janji kampanye penuh lepas kualitas bigwanto bijak populis efektif simpati masyarakat tingkat gizi anak anak kota kota jakarta surabaya wilayah anggar makan gizi wakil ketua partai gerindra rahayu saraswati klaim anggar program porsi cukup penuh gizi anak hamil pulau jawa pokok uji coba area jawa sesuai harga bahan baku tapinutritional valuetidak beda rahayu kutip situs kemenkes makan siang ideal butuh kalori karbohidrat centong nasi buah kentang lauk pauk hewani ikan kembung gram potong ayam kulit lauk nabati potong tempe sayur berat gram buah buah buah jeruk pisang ambon foto aloysius jarot nugroho mouhamad bigwanto ruang bijak sehat indonesia rukki program fokus wilayah wilayah butuh prevelansistuntingyang sasar hemat keluar negara opsi bigwanto data akurat butuh bantu sedia perintah sedia orang tua anggar porsi rasional penuh gizi anak ahli gizi ipb university ali khomsan pandang anggar alokasi khusus lauk pauk telur daging ayam susu ganti anak hamil makan lengkap anggar mepet khomsan nasi sayur usaha keluarga denganbudgetyang frekuensi ganti kali minggu makan foto aloysius jarot nugroho mantan direktur bisnis manajemen portofolio id food orang prabowo subianto dirgayuza setiawan menu program sesuai bahan pokok produksi daerah provinsi nasi karbohidrat biar makan variatif danresilient food productionberdasarkan mampu daerah produksi pangan dirgayuzadalam acara annual international forum on economic development and public policy aifed kutip youtube bkf kemenkeu rabu menu makan bagi wilayah contoh area cakup sumatra karbohidrat asal nasi lauk daging ayam buah pepaya manggis sayur kangkung area kalimantan karbohidrat talas singkong lauk ikan daging sapi buah pisang rambutan jeruk sayur cakup wortel kangkung sawi hijau jawa menu karbohidrat nasi jagung singkong lauk daging ayam udang telur buah pepaya jeruk buah naga sayur buncis kacang labu area sembilan sulawesi karbohidrat asal jagung sorgum lauk daging sapi buah jeruk pisang pepaya sayur daun kelor terong pepaya area papua karbohidrat sagu singkong ubi jalar lauk ikan daging sapi kacang kacang buah matoa alpukat jambu biji duku mangga sayur cakup buncis kembang pepaya foto hafidz mubarak prabowo subianto tetap anggar anak hamil turun rencana kondisi anggar negara cukup kondisi anggar hitung daerah daerah mutu gizi prabowo istana negara jakarta jumat total anggar alokasi program capai triliun program sasar anak tingkat kali lipat periode prabowo lanjut keluarga desil bawah anak makan program keluarga terima keluarga terima minimal prabowo perintah klaim tentu harga lewat proses uji coba tahun daerah kepala badan gizi nasional biaya porsi program makan gizi gratis perintah beli paket makan bahan bahan pangan mahal murah prosubsidi jakarta senin desember perintah gelar uji coba makan gizi gratis daerah resmi januari lapor tambah muhammad iqbal tangerang kamal semarang nanda fahriza batubara medan sarjan lahay gorontalo yuliana lantipo jayapura
"China bantu Prabowo ongkosi makan bergizi gratis, tapi apa 'timbal balik' yang diminta China? - BBC",https://www.bbc.com/indonesia/articles/c04lvd4dw0yo,BBC,Netral,0.9998362064361572,Negatif,foto sepakat nila us miliar tara triliun china indonesia beijing cakup ongkos program makan gizi gratis nilai risiko berat indonesia jangka amat ekonomi bright institute muhammad andri perdana pinjam pepatah makan siang gratis turut beri pinjam timbal balik indonesia lunak bijak impor barang barang china temu presiden prabowo presiden xi jinping minggu china sepakat bantu dana program makan gizi gratis sepakat kukuh penandatangan nota paham mou negara wakil ketua komisi dpr fraksi golkar dave laksono investasi bisnis china politis gabung koalisi kim plus bantu teknis sinergi indonesia laku selaras bijak penting bangsa baik lanjut program makan siang gratis makan gizi gratis kampanye presiden prabowo subianto gibran rakabuming raka kampanye salah bijak prioritas jalan perintah joko widodo program makan gizi gratis masuk rancang apbn besar pakat capai triliun baca angka bilang kira tim prabowo gibran klaim butuh triliun musabab makan gizi gratis sasar orang anak usia siswa sd murid smp murid sma smk santri hamil anggar triliun orang makan gratis bbc indonesiahadir whatsapp berita investigasi liput dalam bbc indonesia whatsapp foto liput dalam bbc indonesia whatsapp whatsapp amat ekonomi bright institute muhammad andri perdana dar program makan gizi gratis beban anggar negara andal apbn turut mustahil batas fiskal jalan tarik utang hitung hitung program makan bergisi gratis dana sbn surat utang terbit perintah berat tingkat tingkat suku bunga tingkat profil utang perintah khawatir muhammad andri bbc indonesia selasa andri aku kaget putus presiden prabowo terima investasi bisnis china biaya program prioritas temu prabowo presiden china xi jinping perintah china sepakat dana makan gizi gratis dukung dana muat food supplementation and school feeding programme in indonesia sepakat baca acara penandatanganan nota paham mou perintah indonesia china saksi prabowo xi jinping menteri koordinator ekonomi airlangga hartarto sepakat tujuh sepakat bilateral investasi bisnis nila us miliar tara triliun ya perintah china men supportkarena laksana makan gizi gratis china airlangga kutip siar pers ekonom muhammad andri perdana investasi bisnis teken pinjam korporasi bank bank china pinjam sambung alokasi ongkos program makan gizi gratis puluh pinjam pepatah makan siang gratis turut beri pinjam timbal balik bahkanaid bantu hibah tuju mudah hubung bilateral segiforeign policy nya mudah china timbal balik foto salah bijak timbal china perintah indonesia andri dagang pasal perang dagang china amerika serikat tegang perintah presiden donald trump silam presiden trump terap tarif impor barang barang china tuju konsumen as alih produk domestik kurang impor china perang dagang china as barang barang china masuk indonesia market substitusi karenademanddari as rendah indonesia banjir produk produk china sepakat investasi bisnis china lunak posisi indonesia konteks kerjasama geopolitik andri indonesia gantung china gantung ya ekonom senior institute for development of economics and finance indef tauhid ahmad dapat bilang investasi bisnis china program makan gizi gratis pinjam lunak bunga tambah bantu infrastruktur teknis bangun dapur distribusi rantai pasok produk jalan program makan gizi gratis butuh dapur wilayah indonesia foto investasi bisnis sambung pinjam proyek kereta cepat jakarta bandung whoosh china kirim kerja infrastruktur kereta cepat tuntas beda tingkat kembali finansial pinjam kereta cepat ketimbang makan gizi gratis habis pikir presiden prabowo terima tawar investasi bisnis china program makan gizi gratis habis uang hasil untung kereta cepat alas terima pinjam kembali utang imbuh tauhid ahmad bbc indonesia rabu makan gizi gratis dana habis nama gratis ya kembali finansial bikin khawatir perintah jebak utang tingkat kembali finansial pinjam makan gizi gratis rendah apbn jamin bayar pokok utang serta bunga biarpun bunga pinjam berat tauhid ahmad presiden prabowo pikir ulang tawar investasi bisnis china jalan ambil utang partisipasi swasta bumn pakai dana csr program makan gizi gratis ambil untung profit program sasar transparan akuntabel bantu pinjam pinjam bangun infrastruktur jalan tol tingkat kembali finansial bagus wakil ketua komisi dpr fraksi golkar dave laksono investasi bisnis china politis gabung koalisi kim plus makan gizi gratis program andal presiden prabowo rang miskin stunting hambat maju anak bangsa era globalisasi lambat maju indonesia dunia internasional sambung dave bantu teknis sinergi indonesia laku selaras bijak penting bangsa baik perintah dalam lanjut bentuk investasi perintah terima program bangun kaji dalam lanjut timbang fungsi dampak dave pesan tulis bbc indonesia rabu kepala badan gizi nasional uji coba program makan gizi gratis indonesia desember uji coba serentak nasional laku titik sebar sabang aceh merauke papua tambah lokasi uji coba daerah tambur jakarta bogor jawa barat november foto kerja sukses uji coba program makan gizi gratis utama bantu kepala daerah instansi tni polri program makan gizi gratis jalan layan daerah daerah layan layan anak paud siswa sma layan anggar miliar miliar layan makan gizi gratis layan kelola uang miliar miliar tahu uang kelola beli bahan baku bahan baku asal tani dilansirkompas com rencana perintah resmi luncur program makan gizi gratis januari makan siang susu gratis ajar bantu gizi anak balita hamil prabowo harap tangan stunting ujung ujung tingkat kualitas manusia indonesia rujuk dokumen visi misi program prabowo gibran pilpres
Gerak Cepat! Pemkab Banyuasin Segera Bentuk Satuan Tugas Program Makan Siang Begizi Gratis - banyuasinkab.go.id,https://banyuasinkab.go.id/2025/08/gerak-cepat-pemkab-banyuasin-segera-bentuk-satuan-tugas-program-makan-siang-begizi-gratis/,banyuasinkab.go.id,Netral,0.984847366809845,Positif,this website uses security service to protect against malicious bots this page is displayed while the website verifies you are not bot
"Program makan bergizi gratis perdana sasar 600 ribu orang, jauh dari target awal - Apakah program ini terlalu tergesa-gesa? - BBC",https://www.bbc.com/indonesia/articles/cx2ywv21708o,BBC,Negatif,0.9927069544792175,Negatif,foto makan gizi gratis program andal presiden prabowo subianto perdana senin provinsi indonesia juru bicara istana adita irawati sasar orang wilayah kota kabupaten jalan uji coba angka sedia target badan gizi nasional sasar anak amat capa target lantar rencana gesa gesa alias matang proses sedia bahan baku masak distribusi tuju menu saji syarat mitra jasa boga ajak kerjasama awas kontroversi tni diri center for indonesia strategic development initiatives cisdi diah saminarsih patut selesai lantas siap mitra jasa boga makan gizi gratis perdana pilih mundur ubah nama makan gizi gratis prabowo subianto damping gibran rakabuming raka gaung makan siang gratis kampanye pilpres baca ulang kali prabowo janji makan siang gratis debat calon presiden kampanye akbar hadap ratus ribu dukung sebut tentang program masuk akal orang orang tuju baharu tahu tuju anak anak indonesia makan siang masuk akal prabowo tim kampanye prabowo gibran butuh anggar makan siang gratis triliun asumsi harga porsi makan program terima foto liput dalam bbc indonesia whatsapp whatsapp anak usia siswa sd murid smp murid sma smk santri hamil makan siang gratis prabowo harap tingkat iq minat ajar anak anak indonesia jalan prabowo koreksi istilah makan siang gratis makan gizi gratis sasar ubah tingkat iq minat ajar tangan masalahstuntingdi indonesia prevalensi kerdil stunting indonesia posisi negara dunia data world bank anggar ongkos program harap pimpin presiden jokowi perintah sedia dana apbn triliun akibat anggar untuksatu porsi turun tambah anggar prabowo perintah chinadilaporkan sepakat menandatangani nota paham nila us miliar tara triliun salah satu bantu dana makan gizi gratis amat kritik kerja yakin bentuk pinjam dana cekak menu saji kerap ubah ubah perintah bilang menu nasi putih sayur lauk olah daging ikan buah susu muncul ide anak terima susu kepala badan gizi nasional salur susu sulit penuh daerah ternak menu susu fokus daerah daerah sentra sapi perah konsekuensi menu susu daerah ternak ganti telur daun kelor rencana menggantisusu sapi susu ikan timbang makan gizi gratis sasar orang provinsi indonesia senin ratus ribu anak didik anak usia tk sd smp sma juru bicara istana adita irawati daerah terima makan gizi gratis khusus wilayah kota kabupaten jalan uji coba program badan gizi nasional titik layan penuh gizi sppg sebar provinsi foto ratus sppg dapur masak makan bagi program makan gizi gratis asumsi titik sppg produksi an porsi makan terima manfaat capai orang adita irawati bbc indonesia minggu tingkat gradual jangkau terima manfaat target desember capai terima manfaat sambung adita menu saji bilang cukup gizi komposisi makan penuh unsur karbohidrat protein lemak vitamin serat mineral jenis makan variasi pisah kepala biro hukum hubung masyarakat muhammad iwan mahardan ratus sppg minat mitra catat total camat daftar contoh camat tapos depok jawa barat camat ngemplak boyolali jawa mitra mitra mitra sebut koperasi yayasan usaha persero batas buka sempat calon mitra program makan gizi gratis daftar mitra daring laman resmi sedia klaim mungut biaya apa daftar kepala badan gizi nasional gabung mitra program makan gizi gratis syarat penuh lembaga individu status hukum badan hukum resmi lembaga percaya calon mitra harap kontribusi konsisten bentuk dana dukung fasilitas manusia tiga daftar misi jalan cipta masyarakat sehat gizi optimal empat calon mitra informasi detail area operasi komunitas terima manfaat program sekolah panti sosial foto usaha katering tangerang selatan wati cerita tawar kolega gabung program anyar oktober pegang wilayah bilang hari porsi makan saran ajak katering bawah wati bbc indonesia tuju adatest fooddan tanda tangan kontrak usaha katering lantas mekanisme bayar kolega bikin mundur pasal modal beli bahan baku masak emas gaji karyawan distribusi sekolah sekolah tuju bagi masuk akal harga porsi katering sedia makan gizi nila bayar modal belanja kirim uang bayar cair bawah puluh katering modal ya sanggup perintah bayar otomatis nanggungdong risiko ya seremsaya bilang usaha katering bilang gelut dunia jasa boga enam bayar mes tuju cegah rugi batal katering modal gitu modal sih oke ya porsi modal beratdeh buatcash flow arus kas susah perempuan paruh baya aku bingung harga sedia makan gizi alam bekal pesan anak anak sekolah patok harga porsi isi nasi sayur lauk ayam goreng mentega santap tambah tempe goreng dansnack kemas buang bilang susu kemas aja murah harga bahan baku makassar sulawesi selatan yayasan yasika centre indonesia pilih mitra program makan gizi gratis temu bbc indonesia jumat kerja sibuk sibuk perlu ribu porsi makan ketua yayasan aditia cerita lengkap dapur bahan bahan makan limbah sisa makan foto dapur luas meter persegi makan berbahanstainless steelbertumpuk lemari dingin jejer aditia aku tarik mitra program tantang alam katering sedia makan katering salah usaha tambang situ standar tetap klaim rumit tambang porsi karyawan program rantau makassar program makan gizi gratis aditia porsi makan karyawan penuh minta badan gizi nasional penuh gizi makan ahli gizi siap timbang usia anak sasar tk sd smp sma camat manggala ahli gizi kelola dapur siap senin jumat akal banyak porsi butuh yayasan bagi jam kerja karyawannya beberapashift shiftmalam tugas potong motong bahan sayur shiftberikutnya jam masak fokus emas distribusi sekolah sekolah mitra resmi program makan gizi gratis aditia aku detail bayar doa moga kontrak jawab penuh harap program karyawan masyarakat kerja maksimal tumbuh ekonomi masyarakat yayasan ambil untung utama manusia coba pikir katering kue masuk akal untung tempat pakaistainless cari untung beban operasional penuh karyawan bayar putar untung bayar giat program yogyakarta mitra libat program makan gizi gratis umb boga catering sebut proses bahas tingkat pimpin foto kepala rencana mutu didik dinas didik pemuda olahraga diy raden suci rohmadi pemda terima arah resmi tunggu perintah lanjut mekanisme program kendati sekolah swasta sekolah kapasitas jalan makan gizi gratis bentuk mekanisme sosialisasi badan gizi nasional praktik bicara raden suci jumat slb jalan program sedia makan tambah anak sekolah pmtas slb nya langsung proyek pemda sisih anggar apbd miliar atur permendagri pemda data sasar program wilayah distribusi susun siswa sekolah diy sma smk slb rayon distribusi juru bicara istana adita irawati klaim makan gizi gratis sambut antusias an umkm libat tambah aku proyek cakup luas kerja capai sukses presiden prabowo perintah elemen tentara nasional indonesia tni rinci tugas tni program foto kepala pusat terang tni mayor jenderal hariyanto tni lokasi dapur tahap makan gizi gratis sebar lokasi siap matra rinciannya tni ad lokasi dapur tni al diri titik lokasi dapur tni au sedia tujuh lokasi dapur luncur resmi tunggu kesiap badan gizi nasional bbc indonesia diri center for indonesia strategic development initiatives cisdi diah saminarsih ubah ubah konsep makan gizi gratis siap rencana gesa gesa alias matang fundamental perintah proses sedia bahan baku proses masak distribusi tuju menu saji syarat mitra jasa boga ajak kerjasama awas jalan program fundamental diah saminarsih makan gizi gratis laksana lapang salah cepat baik pakai pangan lokal kota pangan lokal diah saminarsih bbc indonesia jumat foto vendor mitra katering terima acu menu cukup gizi penuh saji goreng pedoman teknis ideal desak mitra mitra pakaibidding lelang jalan januari bicara guna uang rakyat triliun harusprudencepenggunaannya terukurimpact nya dasar diah saminarsih proyek anyar laksana belit janji politik praktik beranta perintah sambung kumpul data anak anak wilayah butuh makan gizi gratis pedoman teknis program sosialisasi calon vendor mitra proyek contoh daerah eksekusi turut program buru buru akibat buruk baik makan gizi gratis pause program skala nasional selaluthe devil is in the detail variasi lapang butuh tenaga uang baik tni aku ragu mampu bikin dapur kondisi beda prajurit prajurit makan anak anak sekolah gizi arah bedadongmasak latih perang foto ketua ruang bijak sehat indonesia rukki mouhamad bigwanto mitra katering tolak tawar program lantar kurang percaya hasil program dar cenderung pilih proyek khusus target butuh masalahstunting makan gizi gratis sasar hemat anggar negara data akurat butuh bantu sedia perintah sedia orang tua imbuh anggar porsi rasional penuh gizi anak anak butuh gizi anak beda beda programtargetedlebih relevan perintah sikeras proyek jalan lancar perintah peta butuh gizi anak logistik dapur rekrut kerja bahan baku butuh program kes paksa sepertigimmicksemata lapor tambah wartawan nindias ajeng yogyakarta muhammad aidil makassar
"Memasuki Hari 8, 1.262 siswa di 4 Madrasah Makan Gizi Gratis - Kementerian Agama",https://maluku.kemenag.go.id/artikel/memasuki-hari-8-1-262-siswa-di-4-madrasah-makan-gizi-gratis,Kementerian Agama,Positif,0.997316300868988,Positif,januari
Makan Bergizi Gratis: Antusiasme Dibayangi Potensi Korupsi - dw.com,https://www.dw.com/id/makan-bergizi-gratis-antusiasme-dibayangi-potensi-korupsi/a-71230230,dw.com,Netral,0.9998620748519897,Negatif,uji coba programmakan gizi gratis salah janji kampanye pasanganprabowo gibran luncur serentak provinsi indonesia sd angkasa halim perdanakusuma jakarta timur salah lokasi program pagi buta dapur layan penuh gizi sppg khusus halim perdanakusuma letak kompleks tni angkat udara sibuk ribu paket makan distribusi delapan sekolah lokasi dapur paket besok tingkat paket jonie kusuma kelola sppg halim menu dapur ayam teriyaki sayur buncis nasi pisang susu menteri koperasi budi arie setiadi pantau pelaksaaan lokasi aku sulit penuh susu sapi jakarta absen susu janji susu masuk menu ayo langgan newsletter minggu wednesday bite recharge tahu minggu biar topik obrol seru jonie badan gizi nasional bebas pilih jenis masakan kandung nutrisi kalori porsi penuh siswa paud kelas sd porsi makan kandung kalori selesai masak paket makan angkut sekolah sekolah sppg sd angkasa siswa sambut program antusias distribusi makan cepat menit jadwal jam istirahat wib siswa nikmat makan habis enak ayam pisang kenyang kikan siswa kelas sd khanza siswa aku sarap jam kepala sekolah sd angkasa yuliani sambut program harap makan bagi jarak sarap makan siang program resmi badan gizi nasional tanggung program dapur layan penuh gizi sppg provinsi dapur tanggung salur makan terima wilayah perintah target dapur tingkat dapur rawan komunitas nasi gratis yogyakarta isi etalase nasi bungkus gratis warga butuh orang orang komunitas isi etalase syarat makan donasi halal gizi gampang basi yogyakarta komunitas total etalase lokasi gejayan jl kaliurang etalase nasi bungkus gratis milik komunitas nasi gratis jogja titik titik strategis lewat orang orang butuh pulung tukang parkir kemudi ojek ambil nasi syarat orang ambil bungkus nikmat komunitas paket nasi sembako gratis sandang tunanetra rawan antar bantu rumah sandang disabilitas informal imbas bijak ketat aktivitas perintah pandemi bal pulung terima paket makan gratis komunitas peduli bal bal caring community batas giat masyarakat perintah juni komunitas bagi bungkus nasi bungkus lontong sayur porsi mangkuk nasi diri komunitas peduli bal kadek sudarsana program bagi nasi bungkus gratis orang orang butuh jalan november bantu nasi bungkus air mineral kemas gelas botol serah kantor pusat bcc denpasar lambat jam giat rawan komunitas peduli bal bagi bagi nasi bungkus gratis warga buang sampah denpasar komunitas libat rawan salur bantu donatur tani rasa nikmat bagi bagi makan gratis renovasi rumah warga bal februari komunitas komunitas sosial bal bsc renovasi rumah made kaler kiri dusun mumbul desa jungut camat bebandem kabupaten karangasem pelihara sapi milik tetangga sambung hidup ae tugas bahan makan asal produk lokal laksana perintah gandeng koperasi badan usaha milik desa bumdes bantu sedia bahan baku harap gerak ekonomi lokal menteri koperasi budi arie setiadi program jangkau ribu terima angka target tingkat capai terima maret koperasi data koperasi pasok bahan baku makan gizi gratis indonesia data kantor komunikasi presiden umkm libat program makan gizi gratis alhasil budi arie optimistis program dampak positif ekonomi nasional klaim proyeksi perintah program dorong tumbuh ekonomi bilang ambisius perintah program tahap program makan bayar negara alokasi anggar fantastis triliun target jangkau terima ajar paud sma hamil susu bayi balita kepala badan gizi nasional jalan program makan gelontor triliun tahun terima angka anggar bangun infrastruktur apbn kejut temu schintzel posisi atas daftar makan kantin incar warga jerman saji daging tabur tepung roti goreng darah daging tradisi kuliner jerman kendati kantin kantor kerap tawar menu internasional aneh populer makan khas jerman hermann ller koki kantin deutsche welle currywurst tempat urut hidang laku kantin jerman saking laku makan kali saji warung lin silam hidang lirik langgan suka jual currywurst porsi jual currywurst ller kenal hidang mie italia jenis spaghetti varian daging cincang saus tomat gari kecuali selatan spaghetti bolognaise jumpa kantin jerman pasal selatan tradisi makan daging jumat sebastian sch pakar makan jerman daging hidang populer hamburger daging peringkat sosis jenis hidang kentang tumbuk darat peringkat makan sehat caesar salad daging ayam hidang enam laku kantin jerman pizza italia posisi tujuh pasta posisi delapan hidang ikan panggang goreng darat urut puluh susul sup daging khas jerman urut sembilan tawar ikan minggu ller daftar makan absen kantin jerman sambang langgan hari bisnis kantin raup omset euro daftar usaha catering compass serta makan vegetaris kantin deutsche welle porsi hidang hijau temu jalan meja langgan unik kantin sambang pegawai usia jarang sedia hidang vegetaris lantar minim minta menu makan siang variasi gantung musim udara beku hidang khas natal menu saji bebek goreng padu kubis tunas kol bulat jerman grup compass jual porsi sch jenis hidang muncul daftar menu tentu popularitas kantin deutsche welle juru masak ller simpan menu makan muncul rencana program tuai darimekanisme laksa anggar yakin bawa manfaat program hadap tantang potensi penyalahgunaan anggar studi center of economic and law studies celios model sentralistik jalan perintah program celahkorupsisebesar tara triliun total anggar triliun potensi muncul inefisiensi ada distribusi kelola anggar model sentralistik perintah pusat sppg libat institusi tni bumn buka ruang inefisiensi teliti celios media wahyudi saran mekanisme program ubah desentralistik hilang peran dapur serah kelola sekolah model proyeksi tekan potensi korupsi triliun total anggar sisi media wahyudi umkm koperasi warga libat libat konsorsium ada bahan baku dampak negatif desa desa dorong konsorsium kontrol program makan gizi gratis dw indonesia perintah harap terap transparan tuju program penuh gizi tingkat kualitas sdm daya ekonomi masyarakat capai maksimal media wahyudi evaluasi monitoring kala program efektif sasar anggar batas editor arti ekawati
22 Daerah di Jabar Mulai Laksanakan Makan Bergizi Gratis - Jabarprov,https://jabarprov.go.id/berita/22-daerah-di-jabar-mulai-laksanakan-makan-bergizi-gratis-17066,Jabarprov,Positif,0.9997243285179138,Netral,nilai adu warga aksesibilitas akses cepat
Makan Bergizi Gratis Mulai Dibagikan di Kota Magelang - Pemerintah Kota Magelang,https://www.magelangkota.go.id/view/makan-bergizi-gratis-mulai-dibagikan-di-kota-magelang-2,Pemerintah Kota Magelang,Netral,0.9064533710479736,Netral,rudi diskominsta selasa januari layan penuh gizi sppg distribusi makan gizi gratis kota magelang layan penuh gizi sppg distribusi makan gizi gratis sekolah kota magelang kabupaten magelang senin total sasar terima orang siswa sebar sekolah jenjang paud tk sd smp sma smk seremonial bagi laksana sdn jurangombo sdn jurangombo kota magelang hadir wakil wali kota magelang mansyur sekda kota magelang hamzah kholifi dandim magelang letkol inf jarot susanto kepala disdikbud imam baihaqi kepala dinkes istikomah kepala sppg kota magelang rauf oktavian perdana bagi makan gizi gratis lokasi sdn jurangombo makan siang gratis dandim magelang letkol inf jarot susanto sela giat jarot bantu awas distribusi bantu armada angkut armada sppg sedia akademi militer akmil kendara menu bagi nasi tumis sawi tauge ayam masak semur buah semangka susu jarot wakil wali kota magelang mansyur pemkot magelang apresiasi terimakasih perhati perintah pusat bagi harap giat jalan lancar manfaat generasi bangsa hebat generasi terus anak tk sd smp mts sma generasi hebat unggul kyai mansyur kepala sdn jurangombo susanti bagi rasa manfaat penuh gizi anak ringan orangtua bekal sekolah terima kasih perintah pusat laksana program manfaat anak anak generasi terus aista adenda zahrani salah siswa kelas sdn jurangombo aku senang terima suka menu lengkap enak suka makan lengkap nasi lauk ayam susu aista prokompimkotamgl
"Peluncuran Makan Bergizi Gratis di Kabupaten Buleleng, Sasar 15 Sekolah yang tersebar di Kecamatan Banjar. - Disdagperinkopukm Buleleng",https://disdagperinkopukm.bulelengkab.go.id/informasi/detail/berita/80_peluncuran-makan-bergizi-gratis-di-kabupaten-buleleng-sasar-15-sekolah-yang-tersebar-di-kecamatan-banjar,Disdagperinkopukm Buleleng,Netral,0.9996404647827148,Positif,sekretaris dinas dagang industri koperasi usaha tengah dagperinkopukm kabupaten buleleng made sudarmika hadir giat luncur program makan gizi gratis tempat sd negeri dencarik camat banjar senin luncur hadir ketua dprd kabupaten buleleng ketut ngurah arya komandan kodim buleleng letkol kav angga nurdyana asisten administrasi setda buleleng gede sugiartha widiada hadir wakil opd lingkup pemkab buleleng camat banjar prebekel camat banjar program makan siang gratis program makan gizi gratis canang presiden prabowo subianto luncur kabupaten buleleng simbolis sdn dencarik camat banjar suplai dapur layan penuh gizi sppg desa dencarik luncur giat leading badan gizi nasional sasar siswa siswa didik camat banjar sekolah tk sd sma siswa sekolah lahap santap makan siang gratis menu nasi ayam kecap tumis sayur tempe manis buah semangka luncur harap tonggak upaya tingkat kualitas gizi anak anak kabupaten buleleng evaluasi tahap upaya sempurna program pemkabbuleleng bulelengpaten kerjamantap kerjacerdasiklhastuntas dagperinkopukm kitahebathebathebatluarbiasa bulelengbali
"Pemkab Cilacap Gelar Uji Coba Program Makan Bergizi Gratis, Pj. Bupati Cilacap Lakukan Monitoring - sekretariat daerah kabupaten cilacap",https://humas.cilacapkab.go.id/pemkab-cilacap-gelar-uji-coba-program-makan-bergizi-gratis-pj-bupati-cilacap-lakukan-monitoring/,sekretariat daerah kabupaten cilacap,Netral,0.9996365308761597,Positif,this website is using security service to protect itself from online attacks the action you just performed triggered the security solution there are several actions that could trigger this block including submitting certain word or phrase sql command or malformed data you can email the site owner to let them know you were blocked please include what you were doing when this page came up and the cloudflare ray id found at the bottom of this page cloudflare ray id de bbdd fbd your ip click to reveal performance security bycloudflare
"Program Makan Siang Gratis di Pekanbaru Tertunda, Ini Alasannya - InfoPublik",https://infopublik.id/kategori/nusantara/896909/program-makan-siang-gratis-di-pekanbaru-tertunda-ini-alasannya,InfoPublik,Negatif,0.9961938858032227,Netral,siswa kota pekanbaru nikmat manfaat program kendala faktor logistik olehmc prov riau senin januari wib redaktur pasha yudha ernowo pekanbaru infopublik program makan siang gizi gratis gagas perintah pusat jalan tahap senin siswa kota pekanbaru nikmat manfaat program kendala faktor logistik wakil ketua layan penuh gizi sppg pekanbaru ulul azmi lambat kirim alat dapur hambat program alat dapur makan gizi sepenuh sedia azmi senin tunda perintah kota pekanbaru tetap sekolah pilot project program makan siang gratis program rencana sasar siswa siswa laki laki siswa perempuan wilayah sukajadi sekolah sekolah liput pilih sekolah dasar siswa kondisi sarana prasarana tingkat butuh gizi siswa azmi program alokasi anggar porsi makan siang siswa kendala azmi optimis program jalan lancar siap selesai harap program tingkat kualitas gizi sehat siswa siswi pekanbaru tutup berita januari program makan siang gizi luncur sekolah pekanbaru mediacenter riau bts
"Prabowo Tetapkan Anggaran Makan Bergizi Gratis Rp10 Ribu Per Anak, Cukup Bergizikah? - Voice of America Indonesia",https://www.voaindonesia.com/a/prabowo-tetapkan-anggaran-makan-bergizi-gratis-rp10-ribu-per-anak-cukup-bergizikah-/7885835.html,Voice of America Indonesia,Netral,0.9997919201850891,Negatif,terus lihat komentar print presiden prabowo subianto putus anggar program makan gizi gratis ribu anak ribu anak akan cukup gizi penuh ribu rinci program minimum indeks anak hamil ribu ribu kondisi anggar ribu hitung daerah daerah mutu gizi nyata presiden prabowo subianto umum tetap anggar makan gizi istana presiden jakarta jumat putus umum sama tetap naik umah minimum nasional ump persen januari prabowo anggar ribu anak keluarga anak terima ribu program bulan terima bantu perintah prabowo tekan program sekian program bantu perintah aman butuh pokok lapis masyarakat kelompok tengah perintah proyeksi ribu penuh butuh gizijuru bicara kantor komunikasi presiden dedek prayudi anggar program turun proyeksi ribu anak perintah butuh gizi cukup kandung kalori penuh karbohidrat protein yodium zat besi dedek prayudi merinci oleh angka ribu makan gizi gratis uji coba daerah perintah standar unicef anggar makan siang gratis sekolah nila us rangkai uji coba temu tingkat efisiensi ribu anak turun ribu voa efesiensi beli bahan baku produsen tekan biaya menu program mgk banding menu restoran warung tegal harga kurang anggar anggar triliun pakat dpr kurang kualitas makan gizi kalori sekian gram karbohidrat sekian gram protein sekian yodium sekian gram zat besi rang rangkai uji ocba temu metode tingkat efisiensi harga turun ribu ribu media source currently available saran pakar gizi cukup anggar ribupakar gizi universitas airlangga unair qonita rachmah cukup gizi program anggar ribu anak penuh syarat bahan pangan lokal tekan biaya transportasi distribusi bahan pangan tenaga tenaga lokal olah makan untuk anak anak hamil kiat kiat qonita sulit sedia makan kaya gizi ribu anak telur kilogram harga ribu isi butir kali makan butir telur protein hewani nasi butuh beras gram harga ribu rupiah sisa sayur proses olah mepet banget ribu diberikanfull meal cari alternatif intervensi ribu protein hewani manfaat banding paksa ribu untukfull meal isi nasi telur olah telur dadar bagi anak qonita program manfaat jangka program edukasi makan gizi imbang cegah sakit sakit degeneratif anjak dewasa sakit degeneratif usia muda tahun kena sakit degeneratif cegah ajar status gizi anak anak remaja dewasa biaya makan sehat tekan apbn defisit ekonom core indonesia yusuf hendry anggar program unggul presiden prabowo ciut perintah bagi anggar program perintah presiden potong porsi terima lepas upaya jalan program perhati disiplin fiskal program paham program tawar perintah prabowo yusuf proyeksi defisit anggar tingkat proyeksi defisit anggar relatif banding anggar tingkat sama paham pos anggar beban jatuh tempo utang bayar rencana naik tarif ppn salah dana pos belanja tingkat naik ppn sisi peluang tingkat terima pos belanja distorsi target tumbuh ekonomi canang perintah pungkas gi em terus terus lihat komentar print
"Laksanakan Program Makan Gizi Gratis, Pemprov Kalsel Akan Lakukan Percontohan Di Kota Banjarmasin - Media Center Provinsi Kalimantan Selatan",https://diskominfomc.kalselprov.go.id/2024/12/27/laksanakan-program-makan-gizi-gratis-pemprov-kalsel-akan-lakukan-percontohan-di-kota-banjarmasin/,Media Center Provinsi Kalimantan Selatan,Positif,0.9988579750061035,Netral,perintah provinsi kalimantan selatan dinas didik budaya provinsi kalimantan selatan laksana program makan gizi gratis kota banjarmasin daerah contoh kepala dinas didik budaya provinsi kalimantan selatan muhammadun sekretaris dinas didik budaya provinsi kalimantan selatan hadeli rosyaidi contoh laksana desember tanggung kodim angkat darat laksana program libat siswa paham takar gizi makan siang gratis banjarbaru jumat terang makan siang gizi gratis laksana titik anggar siap anak anak program makan siang gizi gratis contoh kota banjarmasin rencana kabupaten contoh laksana program makan siang gizi gratis april kabupaten rata laku juli agustus terang harap prgram makan gizi gratis kenal perintah fokus usaha tingkat sejahtera masyarakat indonesia moga program bantu turun angka stunting tingkat kualitas sehat generasi terus bangsa pungkas mc kalsel usu
Program Makan Bergizi Gratis adalah pengungkit yang efektif untuk Percepatan dan Penurunan Stunting. - Tim Percepatan Penurunan Stunting,https://stunting.go.id/program-makan-bergizi-gratis-adalah-pengungkit-yang-efektif-untuk-percepatan-dan-penurunan-stunting/,Tim Percepatan Penurunan Stunting,Positif,0.9998949766159058,Positif,november
"Tinjau Langsung Simulasi Makan Siang Gratis, Pj Wali Kota : Kota Pekanbaru Siap Laksanakan Program Ini - Pekanbaru.go.id",https://setdako.pekanbaru.go.id/web/detailberita/1212/tinjau-langsung-simulasi-makan-siang-gratis-pj-wali-kotakota-pekanbaru-siap-laksanakan-program-ini,Pekanbaru.go.id,Netral,0.9959438443183899,Positif,pekanbaru perintah kota pemko pekanbaru simulasi program beri makan siang gizi gratis siswa sd smp kamis sekolah lokasi simulasi beri makan siang gratis siswa sd negeri smp negeri pekanbaru jalan balam camat sukajadi pekanbaru jabat pj wali kota pekanbaru risnandar mahiwa sekdako kota indra pomi nasution pimpin simulasi sekolah kompleks didik didampingikepala dinas didik abdul jamal kepala dinas tahan pangan maisisco kepala dinas tani ikan firdaus simulasi makan siang gratis kota pekanbaru laksana sd negeri smp negeri pekanbaru kamis uji coba makan siang gratis serah pj wali kota pekanbaru risnandar mahiwa siswa sd smp porsi makan siap pemko pekanbaru sekolah simulasi menu makan siswa nasi daging ayam telur sayur pisang susu siswa antusias terima simulasi program makan siang gratis pemko pekanbaru siswa sd negeri siswa smp negeri terima makan siang gratis pemko pekanbaru laksana tugas plt kepala sekolah sd negeri nurmalis siswa terima makan siang gratis siswa masuk pagi siswa masuk siang total murid siswa makan siang masuk pagi siswa sisa masuk siang kelas nurmalis pj wali kota pekanbaru risnandar mahiwa simulasi rangka uji coba program presiden pilih uji coba program laksana simulasi ambil masalah masalah program laksana kota pekanbaru alhamdulillah lancar tiga sek dasar pekanbaru risnandar simulasi pemko kota pekanbaru program makan siang gratis pemko pekanbaru tinggal tunggu tunjuk teknis menteri lembaga tangan program risnandar laksana koordinatif menu sambung saran tim ahli gizi sd smp laksana paud kelompok masyarakat ucap terima kasih sekda dinas didik dinas tahan pangan teman teman laksana simulasi tinggal kesiap pangan libat umkm pangan pan lokal edar jual papar risnandar simulasi risnandar aku lebih kurang evaluasi laksana risnandar sempat simulasi laksana sekda usaha laksana laksana sd sd batas lihat range makan terima anak anak sekolah daerah batas imbau menu risnandar simulasi bagus menu murid sd menu menu hotel ya harga porsi nasi ayam sayur susu pisang rezeki anak anak makan habis apresiasi editor jasa backlink media nasionaljasa media placementjasa press release murahiniaceh comporosaceh compantauaceh comredaksiaceh comredaksisumut cominisumut comkabarsumut co idmonitorsumut cominisumsel compalembangtoday comhalopalembang comsumseloke comsumbaronline co idsumbar cominisumbar comporosbengkulu combengkulutime comlintasbengkulu idhalojambi comkatajambi comjambitime comlampungvoice comlampungonline comporoslampung comkepriline combatamvoice combatamdaily comsuarababel combelitungterkini combelitungsatu comtopsulsel comsulseldaily comwartamakassar comsulsel comhalomanado comkabarsulut idkabarbitung comliputankendari cominisultra comkabarbaubau comprosulteng compaluonline comsultengmonitor comhalosulbar comradarmamuju cominfomandar comkabargorontalo comgorontalo comhalobalikpapan comkaltimnow comhalobontang comfaktasamarinda comkabarpontianak comradarsambas comkabarsingkawang comkabartarakan comfaktakaltara cominfobulungan comhalobanjarmasin comkalselonline comkabarkapuas commonitorkalteng comkabarpalangkaraya idkaltenginfo compojokbali comdenpasar comlensabali comlombok comlensasumbawa comkliklombok comhalokupang comkabarbajo comkabarambon commaluku comkabartual comkabarternate comlensaternate comhalmahera comjayapuraonline compapuaonline idpantaujateng comsemarang comkatajateng comjatenglink comjatengmonitor comjabarklik combandungline combumipasundan comjabarprime comjabarviral combantenklik comkatabanten comkabarcilegon comlensabanten combantenvoice comjogjasatu idjogjamonitor com rencana rumus bijak bina administrasi teknis koordinasi kendali evaluasi urus liput dokumentasi acara perintah daerah layan informasi selenggara bijak perintah daerah publikasi informasi
Bhabinkamtibmas Dampingi Pelaksanaan Program Makan Bergizi Gratis untuk Pelajar di Umbulharjo - Polda DIY,https://jogja.polri.go.id/yogyakarta/tribrata-news/online/detail/bhabinkamtibmas-dampingi-pelaksanaan-program-makan-bergizi-gratis-untuk-pelajar-di-umbulharjo.html,Polda DIY,Netral,0.9998525381088257,Netral,bhabinkamtibmas damping program makan gizi gratis ajar umbulharjo feb lupa berita berita online feb bhabinkamtibmas lurah klitren polsek gondokusuman aiptu andreas triyono feb bhabinkamtibmas lurah klitren aiptu andreas triyono panit intel polsek feb kapolsek pakualaman akp margono serta anggota laksana aman feb polresta yogyakarta gelar upacara sadar nasional senin halaman
Siswa MAN 4 Kampar Sumringah Dapat Makan Siang Bergizi Gratis - Media Center Riau,https://mediacenter.riau.go.id/read/89113/siswa-man-4-kampar-sumringah-dapat-makan-sian.html,Media Center Riau,Positif,0.9998558759689331,Positif,kabupaten indragiri hulu kabupaten kampar kabupaten pulau meranti kabupaten antan singingi kabupaten pelalawan kabupaten rok hilir kabupaten bengkal kabupaten indragiri hilir kabupaten indragiri hulu kabupaten kampar kabupaten pulau meranti kabupaten antan singingi kabupaten pelalawan kabupaten rok hilir kabupaten bengkal kabupaten indragiri hilir kabupaten indragiri hulu kabupaten kampar kabupaten pulau meranti kabupaten antan singingi kampar perintah provinsi pemprov riau simulasi makan gizi gratis bumi lancang kuning gilir man kampar sempat santap program prioritas presiden prabowo subianto program inisiatif perintah upaya tingkat sehat prestasi ajar siswa beri asupan gizi pada pelaksanaanya sambut gembira siswa guru program selasa agenda pimpin asisten ii setdaprov riau job kurniawan damping jabat pj ketua tim gerak daya sejahtera keluarga tp pkk provinsi riau zuliana rahman had asisten ii job man kampar porsi makan bagi siswa program menu makan sedia lauk gizi sayur buah susu makan proses seleksi ketat kandung gizi butuh anak usia sekolah takar baik butuh gizi anak sekolah atur atur laku permenkes badan gizi nasional man kampar porsi makan pj ketua tp pkk riau zuliana terang simulasi edukasi makan sehat hidup hari pemprov riau rencana luas cakup program sekolah manfaat rasa siswa moga anak anak makan tambah gizi giat lanjut terang kepala kantor menteri agama kemenag kabupaten kampar fuad ahmad apresiasi program simulasi makan gizi gratis laksana perintah provinsi pemprov riau man kampar turut program tingkat sehat prestasi siswa beri asupan makan gizi ya syukur allah swt terima kasih pemprov riau simulasi makan gizi gratis madrasah kampar harap madrasah kampar program presiden makan gizi gratis pungkas mediacenter riau bib alamat jalan diponegoro telpon email mcprovriau gmail com
Catatan Indef Terkait Program Makan Bergizi Gratis di 100 Hari Pemerintahan Prabowo - Hukumonline,https://www.hukumonline.com/berita/a/catatan-indef-terkait-program-makan-bergizi-gratis-di-100-hari-pemerintahan-prabowo-lt679b0d57c75fa/,Hukumonline,Netral,0.9996998310089111,Negatif,teliti pusat makroekonomi uang institute for development of economics and finance indef riza annisa pujarama dampak program makan gizi gratis jangka anggar triliun realisasi program makan gizi gratis terima jangka pendek salah efek program tingkat hadir siswa sekolah harap siswa terima ajar manfaat jangka pendek dorong tingkatenrollment tingkat absensi siswa absensi harap siswa ajar diskusi publik indef tajuk asta cita ekonomi muas virtual rabu kemarin dampak tingkat gizi nutrisi rangka atas stunting hamil amat jangka ubah pola makan program jangka pendek manfaat stunting hamil anak lahir jangka output hasil riza beber program bagi tahap periode januari april terima manfaat capai orang penuh layan gizi sppg laksana
KPPU Kawal Tender Program Makan Bergizi Gratis - Hukumonline,https://www.hukumonline.com/berita/a/kppu-kawal-tender-program-makan-bergizi-gratis-lt6787af8c0ec9f/,Hukumonline,Netral,0.9998038411140442,Netral,program makan gizi gratis gagas perintah presiden prabowo subianto gulir komisi awas saing usaha kppu mennyatakan awas tender program jaga saing usaha sehat ketua kppu fanshurullah asa awas kkpu pasar digital tahan energi tahan pangan turut program masuk awas tahan pangan perhati lantar libat usaha umkm logistik distribusi libat umkm saing usaha sehat mekanisme lelang tender harga supply chain nya distribusi fanshurullah jakarta rabu dilansirantara fanshurullah undang menteri lembaga distributor distributor libat sedia logistik diskus anggota komisi ix dpr netty prasetiyani perintah evaluasi baik program makan gizi gratis jalan pek menu makan variasi kualitas perhati terima antusias tuju beri capai program tuju penuh gizi masyarakat netty
"Makan Bergizi Gratis di Surabaya Mulai Pekan Depan, Tahap Awal Ada 5 Sekolah - Dinas Komunikasi dan Informatika Provinsi Jawa Timur",https://kominfo.jatimprov.go.id/berita/makan-bergizi-gratis-di-surabaya-mulai-pekan-depan-tahap-awal-ada-5-sekolah,Dinas Komunikasi dan Informatika Provinsi Jawa Timur,Netral,0.9998155236244202,Netral,jatim newsroom perintah kota pemkot surabaya dinas didik dispendik jalan program perintah pusat makan gizi gratis pekan januari kepala dinas didik dispendik surabaya yusuf masruh hasil koordinasi badan gizi nasional sekolah tahap sekolah camat wonocolo surabaya paud kelompok main yasporbi sd taquma smpn sman smk pgri surabaya badan gizi nasional pilih sekolah total siswa laksana tahap sekolah tambah yusuf jumat yusuf terang menu teknis kirim sekolah dispendik surabaya sekolah tentu terima manfaat teknis menu tentu terang dispendik surabaya standar operasional prosedur sop sekolah beda uji coba mgb kesiap ajar edukasi doa makan tanggung bersih cuci tangan bersih ganggu jam ajar siswa sekolah sesuai jenjang didik paud pagi jam masuk pagi pulang cepat sd sesuai wib smp siang pola model mudah mudah fasilitas ajar habis makan sisa buang letak habis tempat bawa tim pungkas her
Anggaran Makan Bergizi Gratis Dapat Membengkak ke Rp 171 Triliun pada 2025 - Kompas.id,https://www.kompas.id/artikel/anggaran-makan-bergizi-gratis-dapat-membengkak-jadi-rp-171-triliun-di-tahun-pertama,Kompas.id,Netral,0.9997492432594299,Negatif,jalan minggu anggar program makan gizi gratis potensi bengkak triliun tambah dana hasil mangkas apbn anggar makan gizi gratis bengkak triliun ekonomi olehagnes theodora jan wib ekonomi jakarta kompas menteri uang alokasi tambah anggar program makan gizi gratis program unggul presiden prabowo subianto rencana tambah dana triliun sumber asal hasil sisir anggar instansi perintah pusat daerah instruksi presiden inpers menteri lembaga perintah daerah sisir anggar target akumulasi nila triliun anggar pangkas belanja operasional kantor belanja seremonial jalan dinas dana transfer daerah tkd instansi perintah pusat perintah daerah februari susun rencana sisir belanja instansi menteri uang sri mulyani salah prioritas prabowo tingkat anggar makan gizi gratis alokasi dana triliun anggar dapat belanja negara apbn prabowo anggar tambah tambah terima manfaat orang orang sisir anggar perintah prioritas program investasi jangka butuh anggar sri mulyani sambut acara bri microfinance outlook gelar international convention exhibition ice bsd city kamis program potensi tambah anggar nila triliun hitung badan gizi nasional tiga total hasil sisir apbn nila triliun pakai program tambah triliun triliun triliun harap timbul efekmultiplieryang usaha tengah indonesia sri mulyani perintah sempurna tata kelola bisnis model program makan gizi gratis dahulu anak anak sekolah level sd sma program gerak umkm wilayah indonesia sekolah situ makan beli bahan masak cuci bahan baku makan antar kerja masif yanglabour intensive padat karya rata indonesia sri mulyani perintah daftar program prioritas potensi tambah anggar hasil efisiensi apbn renovasi baik sekolah daerah indonesia anggar triliun apbn sri mulyani prabowo fasilitas mandi cuci kakus mck butuh air bersih anak anak sekolah baik nikmat makan siang jaga bersih anggar renovasi sekolah tingkat program prioritas periksa sehat gratis masyarakat anggar triliun program tahan swasembada pangan anggar triliun program prioritas presiden program program dalam secarabuilt initu sifat inklusif potensimultiplier effect kelompok umkm sri mulyani program alokasi anggar triliun badan gizi nasional nyata anggar program program makan gizi gratis anggar triliun apbn kutip atur presiden pres rincian apbn anggar sepenuh alokasi badan gizi nasional detail rincian anggar belanja badan gizi nasional triliun biaya program anak sekolah indonesia triliun anggar biaya program balita hamil susu indonesia anggar cakup butuh ada distribusi paket makan rumus tata kelola informasi penuh gizi nasional pantau awas beri makan dukung manajemen internal badan gizi nasional anggar giat promosi edukasi program perintah proyeksi anggar nila triliun triliun triliun triliun periode total anggar rencana triliun anggar rencana hubung periode transisi perintah alokasi anggar triliun badan gizi nasional nyata anggar program badan gizi nasional anggar dukung program sebar contoh anggar dukung program menteri tani nila miliar menteri tani andi amran sulaiman anggar direktorat jenderal ditjen hortikultura ditjen terna sehat hewan dukung bahan baku kesiap dapur dapur program anggar dukung program dana desa menteri desa bangun daerah tinggal pdt menteri desa pdt yandri susanto total nilai triliun triliun total anggar dana desa nila triliun anggar suplai bahan baku dukung anggar program anggar dapat belanja daerah apbd kutip menteri negeri tito karnavian total triliun apbd alokasi program anggar nila triliun kontribusi kabupaten kota sisa sumber apbd provinsi kapasitas dapat asli daerah pad kuat beban apbn perintah mesti cari tambah dana kas negara teliti pusat makroekonomi uang institute for development of economics and finance indef riza annisa pujarama butuh anggar program potensi beban kondisi kas negara perintah tambah triliun tambah terima manfaat kondisi apbn ketat butuh belanja perintah prabowo konsekuensi menteri era prabowo tambah beban belanja apbn dampak mampu fiskal perintah tutup naik pajak apbn kitadefault perintah sasar terima manfaat orang biaya paket makan orang tahun butuh total anggar triliun apbn triliun alokasi triliun rencana riza beban apbn perintah mesti cari tambah dana kas negara biaya gandeng kolaborasi swasta lembaga filantropi beban apbn berat usul jakarta kompas menteri uang alokasi tambah anggar program makan gizi gratis program unggul presiden prabowo subianto rencana tambah dana triliun sumber asal hasil sisir anggar instansi perintah pusat daerah instruksi presiden inpers menteri lembaga perintah daerah sisir anggar target akumulasi nila triliun anggar pangkas belanja operasional kantor belanja seremonial jalan dinas dana transfer daerah tkd instansi perintah pusat perintah daerah februari susun rencana sisir belanja instansi menteri uang sri mulyani salah prioritas prabowo tingkat anggar makan gizi gratis alokasi dana triliun anggar dapat belanja negara apbn prabowo anggar tambah tambah terima manfaat orang orang sisir anggar perintah prioritas program investasi jangka butuh anggar sri mulyani sambut acara bri microfinance outlook gelar international convention exhibition ice bsd city kamis program potensi tambah anggar nila triliun hitung badan gizi nasional tiga total hasil sisir apbn nila triliun pakai program tambah triliun triliun triliun harap timbul efekmultiplieryang usaha tengah indonesia sri mulyani perintah sempurna tata kelola bisnis model program makan gizi gratis dahulu anak anak sekolah level sd sma program gerak umkm wilayah indonesia sekolah situ makan beli bahan masak cuci bahan baku makan antar kerja masif yanglabour intensive padat karya rata indonesia sri mulyani perintah daftar program prioritas potensi tambah anggar hasil efisiensi apbn renovasi baik sekolah daerah indonesia anggar triliun apbn sri mulyani prabowo fasilitas mandi cuci kakus mck butuh air bersih anak anak sekolah baik nikmat makan siang jaga bersih anggar renovasi sekolah tingkat program prioritas periksa sehat gratis masyarakat anggar triliun program tahan swasembada pangan anggar triliun program prioritas presiden program program dalam secarabuilt initu sifat inklusif potensimultiplier effect kelompok umkm sri mulyani program alokasi anggar triliun badan gizi nasional nyata anggar program program makan gizi gratis anggar triliun apbn kutip atur presiden pres rincian apbn anggar sepenuh alokasi badan gizi nasional detail rincian anggar belanja badan gizi nasional triliun biaya program anak sekolah indonesia triliun anggar biaya program balita hamil susu indonesia anggar cakup butuh ada distribusi paket makan rumus tata kelola informasi penuh gizi nasional pantau awas beri makan dukung manajemen internal badan gizi nasional anggar giat promosi edukasi program perintah proyeksi anggar nila triliun triliun triliun triliun periode total anggar rencana triliun anggar rencana hubung periode transisi perintah alokasi anggar triliun badan gizi nasional nyata anggar program badan gizi nasional anggar dukung program sebar contoh anggar dukung program menteri tani nila miliar menteri tani andi amran sulaiman anggar direktorat jenderal ditjen hortikultura ditjen terna sehat hewan dukung bahan baku kesiap dapur dapur program anggar dukung program dana desa menteri desa bangun daerah tinggal pdt menteri desa pdt yandri susanto total nilai triliun triliun total anggar dana desa nila triliun anggar suplai bahan baku dukung anggar program anggar dapat belanja daerah apbd kutip menteri negeri tito karnavian total triliun apbd alokasi program anggar nila triliun kontribusi kabupaten kota sisa sumber apbd provinsi kapasitas dapat asli daerah pad kuat beban apbn perintah mesti cari tambah dana kas negara teliti pusat makroekonomi uang institute for development of economics and finance indef riza annisa pujarama butuh anggar program potensi beban kondisi kas negara perintah tambah triliun tambah terima manfaat kondisi apbn ketat butuh belanja perintah prabowo konsekuensi menteri era prabowo tambah beban belanja apbn dampak mampu fiskal perintah tutup naik pajak apbn kitadefault perintah sasar terima manfaat orang biaya paket makan orang tahun butuh total anggar triliun apbn triliun alokasi triliun rencana riza beban apbn perintah mesti cari tambah dana kas negara biaya gandeng kolaborasi swasta lembaga filantropi beban apbn berat usul tulis editor selaras bahasa kirim komentar komentar sila masuk daftar akun fitur komentar
Ketika Makan Bergizi Gratis Menyantap Anggaran Pendidikan - Kompas.id,https://www.kompas.id/artikel/sorotan-pada-beban-anggaran-mbg-yang-memakan-anggaran-pendidikan,Kompas.id,Negatif,0.9996451139450073,Negatif,bijak kuat bukti anggar didik mudah klaim penting kait mandat konstitusi didik makan gizi gratis santap anggar didik didik budaya olehester lince napitupulu agt wib didik budaya anggar didik persen rancang undang undang anggar dapat belanja negara paruh alokasi anggar makan gizi gratis sontak bijak tuai kritik nilai yakin manfaat tempat prioritas makan alokasi didik nilai bijak kuat bukti anggar didik mudah klaim penting kait mandat konstitusi didik anggar didik alir butuh anggar didik tuntas dasar didik negara luput prioritas diberitakankompas id menteri uang sri mulyani indrawati jumpa pers rapbn nota uang jakarta jumat papar anggar didik persen rancang undang undang anggar dapat belanja negara apbn triliun triliun total anggar persen triliun alokasi anggar biaya program siswa layan layan penuh gizi sppg bijak perintah anggar didik guna nilai efektif akselerasi tingkat mutu didik signifikan alokasi anggar didik persen alir menteri lembaga selenggara didik dinas ptkl kunjung evaluasi menteri didik sains teknologi maret keluar hasil kaji ptkl guru murni dinas ptkl selenggara didik nonkedinasan ptkl campur dinas nonkedinasan efisiensi anggar didik triliun tinggi anggar didik belanja perintah daerah triliun koordinator nasional jaring pantau didik indonesia jppi ubaid matraji prihatin rendah komitmen perintah wajib konstitusional didik wajib konstitusional perintah didik pungut biaya abai beban biaya didik rasa masyarakat jenjang sekolah dasar sd orangtua rela encang ikat pinggang biaya didik sekolah swasta yakin kualitas lapor jurnalisme datakompas biaya sd swasta negeri persen besar biaya didik banding naik gaji orangtua periode persen perintah makan gratis konstitusi prioritas besar dana lipat lipat ubaid ubaid masyarakat berani desak presiden henti alokasi anggar didik nila perintah tinjau ulang alokasi anggar tempat prioritas amanat konstitusi sedia didik pungut biaya kualitas anak didik dasar sd smp sekolah negeri swasta perintah sadar paham wajib konstitusional dahulu tunai janji janji kampanye penuh ubaid lang perhati piring elin driana praktisi didik perintah mesti sadar tantang apbn biaya realistis guna prioritas fokus butuh bayar pajak tunggu lapor perintah profil terima aspek demografis status sosial ekonomi keluarga prioritas batas akses makan sehat elin platform media sosial bijak ambisius kritisi perintah anak sekolah suara masyarakat jalan efektif prioritas mesti kelompok butuh mata publik komitmen didik nilai desak biaya didik beban orangtua tingkat kualitas sejahtera guru serius tingkat infrastruktur didik rata publikasi unesco maret tajuk education and nutrition learn to eat well program makan sekolah dampak sehat ajar anak anak siswa akses makan sekolah perhati nilai gizi produk unesco anjur guna makan sehat gizi masuk didik pangan kurikulum sekolah berkat investasi paruh siswa sekolah dasar dunia akses makan sekolah lang perhati piring direktur jenderal unesco audrey azoulay fokus makan imbang buat produk segar program ajar anak anak biasa makan tumbuh sehat sehat didik hasil riset gizi didik gizi pada ganggu otak ganggu sekolah ajar kanak kanak dewasa dampak makan sekolah variasi daftar hadir ajar program makan sekolah negara variasi batas potensi dampak didik cakup target biaya makan sekolah variasi dunia negara negara target populasi kriteria kriteria tingkat sekolah dasar jenis sekolah sekolah negeri karakteristik individu status sosial ekonomi rentan konteks darurat lokasi daerah desa pencil miskin tantang uang program makan sekolah persen program beri makan sekolah harap keluarga kontribusi biaya tiga dana pada capai target persen negara negara hasil persen negara negara hasil rendah persen negara negara hasil tengah kaji unesco program makan siang sekolah universal untung target siswa rumah tangga hasil rendah sedia makan siang sekolah rugi menstigmatisasi malu terima manfaat longitudinal makan siang sekolah gratis korea terima manfaat efek stigma sekolah sekolah proporsi siswa terima makan siang gratis rendah makan siang sekolah universal upaya imbang efisiensi efektivitas london inggris orangtua kepala sekolah sorot layak makan siang sekolah uji mampu timbul asa stigma orangtua anak anak kucil enam sd wilayah temu alih makan uji mampu makan universal cipta alam didik kaya hubung sekolah rumah positif makan sekolah universal gizi dampak capai didik ajar jangka negara negara nordik finlandia negara tawar makan sekolah gratis universal program didik pangan multidimensi tingkat dasar juru universitas bijak nasional komitmen beri makan sekolah investasi kunci ajar sarana tahan mampu anak anak ajar ajar gizi negara negara dorong laksana program makan sekolah universal gizi sumber daerah perata maksimal hasil ajar perintah biaya pada lanjut makan sekolah luas tahap sd tengah anggar didik persen rancang undang undang anggar dapat belanja negara paruh alokasi anggar makan gizi gratis sontak bijak tuai kritik nilai yakin manfaat tempat prioritas makan alokasi didik nilai bijak kuat bukti anggar didik mudah klaim penting kait mandat konstitusi didik anggar didik alir butuh anggar didik tuntas dasar didik negara luput prioritas diberitakankompas id menteri uang sri mulyani indrawati jumpa pers rapbn nota uang jakarta jumat papar anggar didik persen rancang undang undang anggar dapat belanja negara apbn triliun triliun total anggar persen triliun alokasi anggar biaya program siswa layan layan penuh gizi sppg bijak perintah anggar didik guna nilai efektif akselerasi tingkat mutu didik signifikan alokasi anggar didik persen alir menteri lembaga selenggara didik dinas ptkl kunjung evaluasi menteri didik sains teknologi maret keluar hasil kaji ptkl guru murni dinas ptkl selenggara didik nonkedinasan ptkl campur dinas nonkedinasan efisiensi anggar didik triliun tinggi anggar didik belanja perintah daerah triliun koordinator nasional jaring pantau didik indonesia jppi ubaid matraji prihatin rendah komitmen perintah wajib konstitusional didik wajib konstitusional perintah didik pungut biaya abai beban biaya didik rasa masyarakat jenjang sekolah dasar sd orangtua rela encang ikat pinggang biaya didik sekolah swasta yakin kualitas lapor jurnalisme datakompas biaya sd swasta negeri persen besar biaya didik banding naik gaji orangtua periode persen perintah makan gratis konstitusi prioritas besar dana lipat lipat ubaid ubaid masyarakat berani desak presiden henti alokasi anggar didik nila perintah tinjau ulang alokasi anggar tempat prioritas amanat konstitusi sedia didik pungut biaya kualitas anak didik dasar sd smp sekolah negeri swasta perintah sadar paham wajib konstitusional dahulu tunai janji janji kampanye penuh ubaid lang perhati piring elin driana praktisi didik perintah mesti sadar tantang apbn biaya realistis guna prioritas fokus butuh bayar pajak tunggu lapor perintah profil terima aspek demografis status sosial ekonomi keluarga prioritas batas akses makan sehat elin platform media sosial bijak ambisius kritisi perintah anak sekolah suara masyarakat jalan efektif prioritas mesti kelompok butuh mata publik komitmen didik nilai desak biaya didik beban orangtua tingkat kualitas sejahtera guru serius tingkat infrastruktur didik rata publikasi unesco maret tajuk education and nutrition learn to eat well program makan sekolah dampak sehat ajar anak anak siswa akses makan sekolah perhati nilai gizi produk unesco anjur guna makan sehat gizi masuk didik pangan kurikulum sekolah berkat investasi paruh siswa sekolah dasar dunia akses makan sekolah lang perhati piring direktur jenderal unesco audrey azoulay fokus makan imbang buat produk segar program ajar anak anak biasa makan tumbuh sehat sehat didik hasil riset gizi didik gizi pada ganggu otak ganggu sekolah ajar kanak kanak dewasa dampak makan sekolah variasi daftar hadir ajar program makan sekolah negara variasi batas potensi dampak didik cakup target biaya makan sekolah variasi dunia negara negara target populasi kriteria kriteria tingkat sekolah dasar jenis sekolah sekolah negeri karakteristik individu status sosial ekonomi rentan konteks darurat lokasi daerah desa pencil miskin tantang uang program makan sekolah persen program beri makan sekolah harap keluarga kontribusi biaya tiga dana pada capai target persen negara negara hasil persen negara negara hasil rendah persen negara negara hasil tengah kaji unesco program makan siang sekolah universal untung target siswa rumah tangga hasil rendah sedia makan siang sekolah rugi menstigmatisasi malu terima manfaat longitudinal makan siang sekolah gratis korea terima manfaat efek stigma sekolah sekolah proporsi siswa terima makan siang gratis rendah makan siang sekolah universal upaya imbang efisiensi efektivitas london inggris orangtua kepala sekolah sorot layak makan siang sekolah uji mampu timbul asa stigma orangtua anak anak kucil enam sd wilayah temu alih makan uji mampu makan universal cipta alam didik kaya hubung sekolah rumah positif makan sekolah universal gizi dampak capai didik ajar jangka negara negara nordik finlandia negara tawar makan sekolah gratis universal program didik pangan multidimensi tingkat dasar juru universitas bijak nasional komitmen beri makan sekolah investasi kunci ajar sarana tahan mampu anak anak ajar ajar gizi negara negara dorong laksana program makan sekolah universal gizi sumber daerah perata maksimal hasil ajar perintah biaya pada lanjut makan sekolah luas tahap sd tengah tulis editor selaras bahasa kirim komentar komentar sila masuk daftar akun fitur komentar
Badan Gizi Nasional Usul Tambahan Anggaran Rp100 Triliun untuk Program Makan Gratis - Voice of America Indonesia,https://www.voaindonesia.com/a/badan-gizi-nasional-usul-tambahan-anggaran-rp100-triliun-untuk-program-makan-gratis/7942329.html,Voice of America Indonesia,Netral,0.9990021586418152,Netral,terus lihat komentar print badan gizi nasional rekomendasi tambah anggar triliun program makan gizi gratis untukl jangkau sasar terima manfaat luas amat program laksana tahap kepala badan gizi nasional usul tambah anggar program makan gizi gratis triliun anggar program sasar terima manfaat tambah triliun makan terima manfaat orang temu rapat batas presiden prabowo subianto istana presiden jakarta jumat anggar pakat triliun program jangkau terima manfaat september gelisah presiden prabowo kerap keluh lapor anak pelosok tanah air makan siang gratis presiden prabowo pikir mekanisme cepat program unggul anak anak hamil susu balita terima makan gizi gratis sudahfixeditu triliun tambah capai terima manfaat presiden gelisah anak lapor ibu makan gizi prabowo beliau program nikmat terima manfaat mohon sabar prabowo statement gelisah media papar media source currently available evaluasi program jalan laksana program provinsi total layan penuh gizi sppg tugas sedia makan ribu terima manfaat tambah insyaa allah januari april tambah layan april agustus layan agustus sdm nya presiden cepat kontribusi perintah daerah sempat menteri negeri mendagri tito karnavian klaim perintah daerah program triliun anggar dapat belanja daerah apbd kucur program tito triliun asal kontribusi apbd kabupaten kota sisa apbd provinsi dapat asli daerah pad kuat tambah apbd provinsi pad nya kuat triliun bangun sppg sekolah sekolah tito daerah wajib sisih anggar program tito klaim pemda pemda antusias bantu kitanggakmandatori partisipasi penting anak anak sehat kepala daerah pilih kannaikinelektabilitas sentuh masyarakat dorong tumbuh ekonomi daerah antusias menteri desa bangun daerah tinggal kemendes pdt anggar triliun dana desa program menteri desa pdt yandri susanto dana pasok bahan baku anggar menteri desa program suplai bahan baku triliun permendes triliun tahan pangan telur ikan nasi yandri sedia pangan yandri sebut maksimal peran badan usaha milik desa bumd tahap ekonom next policy yusuf wibisono sayang wacana tambah anggar program umur jagung pasal anggar triliun tuju perintah dpr yusuf heran usul tambah anggar iu aneh sepakat apbn mentah komentar komentar menteri bilang anggar ubah anggar ya tetap mekanisme apbn komentar media muncul gagas aneh aneh dana zakat biaya kontraproduktif yusuf bincang voa yusuf saran perintah laksana program tahap program masif turut perintah buru buru luas target sasar program tambah anggar bahaya potensi sebab sehat fiskal apbn tetap triliun desember buru buru anggar produktif perintah fokus evaluasi penyelenggaran buru buru tambah anggar bijak yusuf triliun laksana baik tunjuk publik program efektif efisien gelembung anggar mark up korupsi tunjuk pungkas gi ab terus terus lihat komentar print
"Uji Coba Makan Siang Gratis, Gibran: Tidak Boleh Pelit - KBR.ID",https://kbr.id/articles/indeks/uji-coba-makan-siang-gratis-gibran-tidak-boleh-pelit,KBR.ID,Positif,0.993665874004364,Positif,anak generasi terus pelit pelit tulis wahyu setiawan editor rony sitanggang kbr jakarta wakil presiden pilih gibran rakabuming raka uji coba program makan gizi gratis sdn sentul kabupaten bogor jawa barat gibran klaim menu makan uji coba kali harga ribu porsi menu ya cost nya ayam nasi sayur buah buah susu menu lengkap klarifikasi statement orang anggar potong anak generasi terus pelit pelit gibran gibran uji coba oktober jelang lantik tahap uji coba makan siang gizi skema manfaat umkm warung warung warteg katering orang tua murid gotong royong saji makan siang gratis gibran klaim anggar uji coba makan gizi asal bantu csr usaha swasta prabowo lontar program makan siang gratis partisipasi csr senang support usaha swasta jalan imbuh
"Dukung Program Pemerintah, Lanud SPR Uji Coba Makan Siang Bergizi Gratis - Kabupaten Jayapura",https://jayapurakab.go.id/dukung-program-pemerintah-lanud-spr-uji-coba-makan-siang-bergizi-gratis/,Kabupaten Jayapura,Positif,0.9898540377616882,Positif,sentani jayapurakab go id komandan lanud silas papare marsma tni mokh mukhson damping ketua pia ardhya garini cabang iii lanud silas papare ny etty mukhson forkopimda kabupaten jayapura tinjau uji coba program makan siang gizi gratis canang perintah laksana tk angkasa sd angkasa lanud silas papare jayapura kamis danlanud spr program uji coba laksana perintah pimpin tni angkat udara rangka program makan siang gizi gratis presiden rangka simulasi giat lanud silas papare laksana uji coba emas distribusi makan siang gizi gratis sekolah wilayah lanud silas papare danlanud spr uji coba menu saji nasi putih ayam kecap tempe goreng sayur sop buah pisang susu box makan siang gizi gratis siap lanud silas papare distribusi siswa sekolah guru guru tk angkasa sd angkasa lanud spr danlanud spr salah tuju laksana uji coba program makan siang gizi gratis uji kesiap personel alat sarana pra sarana dukung siap saji harap makan sehat saji kondisi segar sehat hangat siswa asisten ii ekonomi uang setda kabupaten jayapura dra dila giay si apresiasi lanud silas papare awal laksana uji coba program makan siang gizi gratis kabupaten jayapura program unsur perintah moga sinergi rangka sukses program perintah admin editor rilva tulis imel
"Rp 71 Triliun Kurang, Program Makan Bergizi Gratis Bakal Sedot Anggaran Rp 140 Triliun untuk Juli-Desember 2025 - Tempo.co",https://www.tempo.co/ekonomi/rp-71-triliun-kurang-program-makan-bergizi-gratis-bakal-sedot-anggaran-rp-140-triliun-untuk-juli-desember-2025-1192383,Tempo.co,Netral,0.893311619758606,Negatif,tempo co jakarta programmakan gizi gratisalias tel dana triliun saban niscaya kendati perintah canang anggar triliun bujet cukup juni menteri koordinator panganzulkifli hasanalias zulhas program bgm butuh tambah anggar triliun jalan program unggul presiden prabowo subianto wakil gibran rakabuming raka tel dana triliun lanjut baca berita iklan tambah anggar triliun aju juni rencana dana program juli desember ketua partai amanat nasional pan selasa januari sjafrie temu pensiun tni jelang buruh zulhas bocor program bgm habis dana triliun program jalan tahun penuh januari desember zulhas perintah kudu gelontor duit triliun keluar dana konsisten saban bayang belanja makan upaya prabowo cemas gejolak buruh ihwal program bgm serap dana triliun saban kejut prabowo gibran pilih pilpres tim sukses bocor besar anggar desember program nama makan siang gratis sedot triliun dana program makan dana triliun anggota dewan arah tim kampanye nasional tkn prabowo gibran hashim djojohadikusumo oktober kepala badan gizi nasional total investasi butuh program bgm triliun prabowo presiden pilih investasi besar program efektif jalan badan gizi habis triliun program jalan badan gizi spending hari triliun uang acara bni investor daily summit jakarta convention center selasa oktober dana program bgm program makan gizi gratis januari pakai anggar dapat belanja negara apbn daerah pasok bahan baku pasok bayar dana apbn daerah uang pribadi presiden prabowo makan gizi gratis januari masuk apbn mekanisme pertanggungjawaban hubung tempo selasa januari kepala komunikasi presiden republik indonesia hasan nasbi daerah uang pribadi presiden prabowo program makan gizi gratis kendari sulawesi tenggara dana sisa anggar kepala negara daerah dana habis pakai program anggar triliun alokasiapbn kendari sisa anggar uji coba prabowo dana senin januari program makan gizi gratis program unggul presiden prabowo subianto wakil presiden gibran rakabuming raka anggar program capai triliun apbn makan gizi gratis sasar anak hamil kelompok rentan badan gizi nasional lembaga tangan program luncur makan gizi gratis perdana titik sppg sppg dapur sebar provinsi indonesia jawa barat provinsi titik lokasi sppg total titik dapur koperasi yayasan usaha persero batas sppg jiga ahli gizi akuntan awas ketat kualitas gizi lancar distribusi makan cukup gizi porsi sppg tugas awas standar bersih kelola gizi olah limbah dapur ketat ilona estherina eka yudha saputra hanaa septianadankarunia putriberkontribusi tulis artikel pilih editor makan gizi gratis daerah telat makan tunggu jabat
Momen Prabowo Tanya Buruh di May Day: MBG Bermanfaat atau Tidak? - economy.okezone.com,https://economy.okezone.com/read/2026/05/02/320/3215939/momen-prabowo-tanya-buruh-di-may-day-mbg-bermanfaat-atau-tidak,economy.okezone.com,Positif,0.999747097492218,Positif,jakarta presidenprabowo subiantobertanya buruh manfaat program makan gizi gratis prabowo perintah program prioritas makan gizi gratis balita anak anak sekolah hamil lansia gratis prabowo pidato buruh monumen nasional monas jakarta jumat sempat prabowo buruh manfaat nggak prabowo buruh manfaat manfaat buruh kompak prabowo tumbuh kembang anak anak indonesia buka lapang kerja masyarakat anak anak gizi sel kembang ekonomi hidup rakyat butuh telor rakyat butuh sayur susu ikan tani hidup uang edar sejahtera
"Presiden Melihat MBG dengan Nurani, Bermanfaat Atau Tidak? - Kompas.com",https://nasional.kompas.com/read/2026/05/02/12020051/presiden-melihat-mbg-dengan-nurani-bermanfaat-atau-tidak-,Kompas.com,Netral,0.9997950196266174,Negatif,presiden nurani manfaat tulis selesai disertasi program doktor administrasi publik universitas diponegoro artikel kolom isi opini pandang pribadi tulis cermin sikap redaksi padaperingatan may day presiden prabowo subianto buruh hadir lapang monas jakarta manfaat buruh agam respons dengar dominan salah petinggi buruh presiden sontak massa buruh mobilisasi enam janji presiden potong ojol ojek online maksimal persen bentuk satgas phk dewan sejahtera buruh rumah subsidi buruh khusus kawasan industri kredit rakyat bunga persen bangun kampung nelayan janji uu ketenagakerjaan selesai rakyat respons buruh baca indikator evaluasi kualitatif program makan gizi gratis evaluasi jatuh henti program susun ulang program ekonomis efisien efektif evaluasi salah selamat wibawa presiden sisa catat bijak potensi pimpin nasional ganti harap presiden nurani kritik masuk semangat nasionalisme cinta pimpin presidenprabowosubianto kritik warga negara masuk cinta negara uang rakyat pungut pajak baik tiongkok bangun ribu koperasi tahun quo vadis warga negara laku usaha banting tulang tingkat sejahtera hidup dampak nasional tingkat nilai ekonomi nasional wajib bayar pajak negara pegawai pajak keringat tagih pajak tegak patuh warga negara tunai wajib paja pajak terima negara tata kelola sisa akuntabilitas efisiensi potensi timbul ketidakpercayaan wajib pajak rakyat banting tulang cipta nilai ekonomi nasional kritik masuk presiden salah lang koreksi cipta bom sisi politik hukum presiden ganti aktor politik kritik jatuh personal presiden prabowo subianto cinta negara kritik lahir gelisah moral warga negara paham rupiah uang publik pungut pajak rakyat amanah jaga tradisi demokrasi deliberatif suara kritis ancam fondasi bijak matang adil money global copyright kompas cyber media kompas gramedia digital group all rights reserved
"Kampus diminta 'terlibat aktif' bangun dapur MBG, bagi-bagi proyek? - BBC",https://www.bbc.com/indonesia/articles/c5y8jyg2eyqo,BBC,Negatif,0.9845260381698608,Negatif,foto adeng bustomi guru program makan gizi gratis upaya bungkam suara suara kritis proyek masalah menteri didik riset teknologi brian yuliarto kampus libat aktif tonton program perintah bentuk penuh layan gizi sppg salah guru negeri resmi dapur universitas hasanuddin makassar wakil yayasan metavisi akademik nusantara la halisu program minta perintah proses verifikasi yayasan naung unhas lantar lahan kosong mampu finansial kontrak terjun guru goda pemberiankonsesi tambang kampus proyek makan gizi gratis proyek resmi dapur milik universitas hasanuddin selasa hadir kepala badan gizi nasional mendikti saintek brian yuliarto gubernur sulawesi selatan andi sudirman sulaiman rektor unhas jamaluddin jompa rektor guru indonesia jajar pimpin kampus baca kepala sebut unhas guru negeri badan hukum ptn bh sppg indonesia timur harap unhas peran kelola dapur sedia rantai pasok mandiri guru harap hasil program kualitas rektor progresif inovatif bangun sppg gesit program makan gizi gratis katadadansambil sppg sedia olah air minum identitas fathimah nur khalidah rahman bbc indonesia unjung dapur tamalanrea milik unhas lokasi camat tamalanrea bangun luas meter persegi masjid kampus unhas dalam alat produksi makan cuci bahan baku lemari dingin alat masak wadah ompreng wakil yayasan metavisi akademik nusantara la halisu proses diri dapur oktober kerja tujuh yayasan bentuk unhas fokus didik singgung tata boga klaim program jalan tuju diri yayasan sppg unhas tim production terima manfaat sembilan sekolah enam tk sd smp sma kampus tentu sasar terima manfaat total orang imbuh kerja dapur orang asal masyarakat kampus tugas terima barang siap produksi porsi distribusi cuci ompreng aman bahan baku halisu bilang yayasan manfaat fakultas fakultas tani sayur mayur buah buah beras fakultas terna sedia telur ayam daging bbc indonesia bahan bahan produksi unhas maksimal dapur kendati aku bahan baku unhas cukup terima manfaat unhas proyek minta perintah jalan program proses verifikasi unhas lantar lahan kosong mampu finansial kontrak unhas terima minta kontribusi nyata masyarakat sisi profesionalisme kelola yayasan jalan kerjasama perintah unhas sisi penting cetus bbc indonesia menteri didik sains teknologi brian yuliarto bilang fasilitas dapur bangun unhas tiru alias contoh konkret peran guru program prioritas perintah kuat posisi kampus institusi mandiri guru tonton libat bijak penuh gizi masyarakat brian sppg unhas kembang sebagaiteaching factoryyang praktik riset mahasiswa dapur proyeksi pusat direplikasi luas sppg praktik teliti program bbc indonesia liput dalam bbc indonesia whatsapp whatsapp ketua majelis rektor guru negeri indonesia mrptni eduart wolok kampus negeri program bicara diskusi batas mendikti saintek rektor bicara muncul bahas program andal presiden prabowo subianto tuai protes masyarakat klaim niat presiden sungguh menteri kampus laksana contoh diri dapur layak sedia makan gizi harga relatif murah eduart bbc indonesia rabu minta sambung sambut tangan buka turut kampus program jurus pas gizi klaim kampus data terima manfaat lebih ada dapur sarana magang mahasiswa analis dampak program daerah sekolah berangkat situ kampus taung yayasan aju buka dapur sebut tugas universitas hasanuddin resmi sppg ketua asosiasi guru swasta indonesia aptisi budi djatmiko aku bahas eduart wolok yayasan milik guru swasta kelola dapur universitas logistik bisnis internasional ulbi bandung universitas narotama surabaya kampus aju klaim lahan luas diri dapur jalan program studi kampus kampus laboratorium manfaat program integrasi akademik inovasi bbc indonesia mahasiswa ulbi ajar logistik kirim anak anak praktik kerja bbc indonesia uang diri dapur dana investor beri perintah klaim yayasan alam tata boga rekrut orang orang latar katering sasar terima dapur dapur anak anak sd smp sma lingkung kampus lepas eduart wolok budi djatmiko kampus kritis bijak perintah kritis paham paham optimal eduart wolok kampus program upaya bungkam suara suara kritis proyek masalah amat didik universitas paramadina totok amin soefijanto suara kritis kampus totok pandang tajam guru sejati peran suara benar main aman lantar kooptasi uang hasil proyek perintah konsultan perintah bayar bilang kritis foto sulthony hasanuddin totok program alat cari popularitas presiden kritisi program porsi dapur sumber anggar negara triliun kampus proyek proyek proyek cetus kampus mampu jurus kait gizi nutrisi pangan motif murni akademik sambung guru tupoksi bidang ya olah jadi proyek kurang kritik totok saran kampus negeri swasta pikir kali libat proyek kaji fakta lapang bukti program masalah kampus ambil kayak tambah kecuali kampus kontrol proses tata kelola program sangattop down anda problem tanggung kampus putus timpa foto fakhri hermansyah racun sorot jaring pantau didik indonesia jppi catat april ajar racun duga lembaga indonesia corruption watch icw temu ratus yayasan mitra sppg proyek duga koneksi lingkar jabat baru icw dapat dugaanmarkupanggaran harga bahan pangan praktik monopoli pasok bahan baku pengaruh rantai pasok ada fiktif bbc indonesiaturut rekam suara suara tolak masyarakat diri dapur lantar ganggu nyaman warga cari lingkung minim laku usaha mikro warga kerja dapur kerja dapur aku kontrak kerja tulis oleh uang lembur lebih jam kerja jamin bpjs teliti indonesia corruption watch icw ira tamara relevansi institusi didik sedia penuh layan gizi sppg hal polri tni buka ribu dapur tugas tega hukum butuh benah kerjasama tupoksinya ira bbc indonesia foto makna zaezar kampus libat bentuk ejawantah pikir anggar ambil dana didik cocok kerjasama ketimbang paksa kelola dapur guru fokus upaya desak perintah sejahtera guru dosen baik kualitas sarana prasarana didik cari jalan wacana perintah hapus jurus kuliah relevan butuh industri aspek aspek benah payung masalah didik akrobatik program tuju tingkat kualitas gizi lepas icw kritik putus kepala insentif hari dapur dapur tinjau sppg unhas selasa insentif urus sppg sebut turun banding sppg april tutup instalasi olah air limbah sertifikat laik higienis sanitasi slhs ira putus beri insentif masuk akal kepala langgar atur foto ari bowo sucipto rujuk putus kepala badan gizi nasional tunjuk teknis tata kelola selenggara program anggar insentif sppg penuh standar kapasitas spesifikasi teknis tetap sppg penuh standar spesifikasi hak insentif situ mudah justifikasi insentif nyata kepala dasar hukum potensi buang anggar negara untuk hitung kasar anggar buang beri insentif capai miliar dasar komisi berantas korupsi kpk gerak lidi indikasi langgar guna anggar negara wartawan muhammad aidil makassar kontribusi lapor
Pemerintah dan DPR Tanggapi Masuknya Program MBG dalam APBN 2026 - Mahkamah Konstitusi RI,https://www.mkri.id/berita/pemerintah-dan-dpr-tanggapi-masuknya-program-mbg-dalam-apbn-2026-24854,Mahkamah Konstitusi RI,Netral,0.9998291730880737,Netral,selasa april jakarta humas mkri dewan wakil rakyat dpr anggar program makan gizi gratis masuk pos anggar didik konsekuensi logis terima manfaat serta didik terang dpr anggota komisi iii dpr wayan sudirta sidang lanjut uji materiil undang undang anggar dapat belanja negara anggar uu apbn kait anggar didik selasa sidang gelar mohon mohon puu xxiv puu xxiv puu xxiv dana program makan gizi anggar didik konsekuensi logis salah target manfaat program makan gizi serta didik dpr penuh kondisi fisik sehat serta didik kait erat tuju didik nasional perspektif didik nasional penuh kondisi fisik sehat serta didik kait tuju didik nasional cerdas hidup bangsa terang dpr pandang tentu pasal ayat uu serta jelas pasal ayat undang undang serta jelas tentang uud negara republik indonesia kuat hukum ikat wayan sudirta ketentuanmandatory spendingtidak batas rincian guna anggar didik tetap batas minimal alokasi apbn kewajibanmandatory spendingmerupakan batas minimal alokasi anggar didik apbn batas rincian untuk wayan tekan susun apbn bijak perintah lembaga legislatif bijak tetap perintah lembaga legislatif susun apbn apbd dpr sorot fungsi anggar bentuk awas wenang konstitusional presiden rencana program anggar negara proses bahas tahap rapat badan anggar komisi komisi dpr anggar wayan lanjut dpr perintah selesai bahas ruu apbn tahap tuju rapat paripurna september uu sah landas fiskal perintah kelola terima belanja negara anggar didik dpr alokasi lekat instansi selenggara didik cakup instansi jalan program didik bijak didik nasional sempat majelis hakim konstitusi pimpin ketua mk suhartoyo dengar terang perintah direktur jenderal anggar menteri uang luky alfirman filosofis bentuk uu apbn uu didik nasional pijak amanat konstitusi filosofis bentuk uu apbn uu sisdiknas pijak amanat alinea empat buka uud nri cerdas hidup bangsa maju sejahtera apbn instrumen daulat rakyat kelola rencana capai tuju negara luky didik batas proses ajar ruang kelas cakup bangun manusia didik mandat konstitusional cakup kesiap kognitif afektif fisik serta didik perintah anggar intervensi gizi program makan gizi gratis integral bijak didik nasional cukup gizi prasyarat fundamental optimalisasi proses ajar cerdas serta didik luky program investasi tingkat kualitas manusia program bantu sosial pisah proses ajar ajar luky contoh praktik negara jepang finlandia brasil integrasi program makan sekolah didik kaji global investasi program makan sekolah dampak ekonomi signifikan dolar investasi hasil manfaat tujuh puluh dolar jangka perintah alokasi anggar didik apbn penuh amanat konstitusi persen uu apbn perintah alokasi anggar didik triliun capai persen apbn luky sebut triliun alokasi program serta didik perintah alokasi komponen didik tingkat anggar menteri didik sejahtera guru tanggap dalil mohon perintah program langgar ketentuanmandatory spending selenggara didik batas proses ajar ajar kelas cakup layan dukung penuh gizi serta didik perintah pisah program anggar didik jalan dekat ilmiah praktik global program peran katalisator efektivitas anggar didik perintah tekan bijak anggar wenang bentuk undang undang dariopen legal policy dalil mohon nilai langgar hak konstitusional terang perintah ubah struktur apbn potensi timbul ganggu fiskal mohon kabul disrupsi struktur apbn rancang integrasi potensi ganggu lanjut fiskal pungkas luky soal konstitusionalitas potong anggar didik apbn mohon soal konstitusionalitas baik permohonananggaran didik potong guru honorer adu mkpemohon uji konstitusionalitas pasal uud batu ujianggaran didik potong guru honorer adu mkpemohon uji konstitusionalitas pasal uud batu ujipemerintah dpr uji konstitusionalitas tunda perkara uji konstitusionalitas tentu anggar didik undang undang apbn anggar periksa mahkamah konstitusi mohon aju reza sudrajat guru honorer mohon puu xxiv reza uji pasal ayat ayat serta jelas uu apbn hitung anggar didik persen apbn masuk program makan gizi gratis kelola badan gizi nasional mohon anggar keluar komponen anggar didik murni persen apbn penuh mandat pasal ayat uud mohon mohon puu xxiv aju rega felix dosen pasal ayat undang undang didik nasional uu sisdiknas serta jelas nilai jamin sejahtera dosen komponen biaya didik mohon kelompok program biaya operasional didik potensi kurang alokasi anggar butuh esensial didik sejahtera tenaga didik infrastruktur didik dana riset mohon puu xxiv aju yayasan taman ajar nusantara warga negara uji pasal ayat serta jelas uu apbn mohon dapat tentu tentang pasal ayat uud masuk dana program komponen anggar didik bijak potensi kurang ruang fiskal biaya fungsi inti didik tingkat kualitas guru sedia sarana prasarana didik perata akses didik tulis utami argawatieditor lulu anjarsari humas andhini raisa jelajah jejak mohon puu xxiv puu xxiv puu xxiv wayan sudirta anggota komisi iii dpr terang sidang uji materiil undang undang anggar dapat belanja negara selasa ruang sidang mk foto humas ifa selasa april wib baca jakarta humas mkri dewan wakil rakyat dpr anggar program makan gizi gratis masuk pos anggar didik konsekuensi logis terima manfaat serta didik terang dpr anggota komisi iii dpr wayan sudirta sidang lanjut uji materiil undang undang anggar dapat belanja negara anggar uu apbn kait anggar didik selasa sidang gelar mohon mohon puu xxiv puu xxiv puu xxiv dana program makan gizi anggar didik konsekuensi logis salah target manfaat program makan gizi serta didik dpr penuh kondisi fisik sehat serta didik kait erat tuju didik nasional perspektif didik nasional penuh kondisi fisik sehat serta didik kait tuju didik nasional cerdas hidup bangsa terang dpr pandang tentu pasal ayat uu serta jelas pasal ayat undang undang serta jelas tentang uud negara republik indonesia kuat hukum ikat wayan sudirta ketentuanmandatory spendingtidak batas rincian guna anggar didik tetap batas minimal alokasi apbn kewajibanmandatory spendingmerupakan batas minimal alokasi anggar didik apbn batas rincian untuk wayan tekan susun apbn bijak perintah lembaga legislatif bijak tetap perintah lembaga legislatif susun apbn apbd dpr sorot fungsi anggar bentuk awas wenang konstitusional presiden rencana program anggar negara proses bahas tahap rapat badan anggar komisi komisi dpr anggar wayan lanjut dpr perintah selesai bahas ruu apbn tahap tuju rapat paripurna september uu sah landas fiskal perintah kelola terima belanja negara anggar didik dpr alokasi lekat instansi selenggara didik cakup instansi jalan program didik bijak didik nasional sempat majelis hakim konstitusi pimpin ketua mk suhartoyo dengar terang perintah direktur jenderal anggar menteri uang luky alfirman filosofis bentuk uu apbn uu didik nasional pijak amanat konstitusi filosofis bentuk uu apbn uu sisdiknas pijak amanat alinea empat buka uud nri cerdas hidup bangsa maju sejahtera apbn instrumen daulat rakyat kelola rencana capai tuju negara luky didik batas proses ajar ruang kelas cakup bangun manusia didik mandat konstitusional cakup kesiap kognitif afektif fisik serta didik perintah anggar intervensi gizi program makan gizi gratis integral bijak didik nasional cukup gizi prasyarat fundamental optimalisasi proses ajar cerdas serta didik luky program investasi tingkat kualitas manusia program bantu sosial pisah proses ajar ajar luky contoh praktik negara jepang finlandia brasil integrasi program makan sekolah didik kaji global investasi program makan sekolah dampak ekonomi signifikan dolar investasi hasil manfaat tujuh puluh dolar jangka perintah alokasi anggar didik apbn penuh amanat konstitusi persen uu apbn perintah alokasi anggar didik triliun capai persen apbn luky sebut triliun alokasi program serta didik perintah alokasi komponen didik tingkat anggar menteri didik sejahtera guru tanggap dalil mohon perintah program langgar ketentuanmandatory spending selenggara didik batas proses ajar ajar kelas cakup layan dukung penuh gizi serta didik perintah pisah program anggar didik jalan dekat ilmiah praktik global program peran katalisator efektivitas anggar didik perintah tekan bijak anggar wenang bentuk undang undang dariopen legal policy dalil mohon nilai langgar hak konstitusional terang perintah ubah struktur apbn potensi timbul ganggu fiskal mohon kabul disrupsi struktur apbn rancang integrasi potensi ganggu lanjut fiskal pungkas luky soal konstitusionalitas potong anggar didik apbn mohon soal konstitusionalitas baik permohonananggaran didik potong guru honorer adu mkpemohon uji konstitusionalitas pasal uud batu ujianggaran didik potong guru honorer adu mkpemohon uji konstitusionalitas pasal uud batu ujipemerintah dpr uji konstitusionalitas tunda perkara uji konstitusionalitas tentu anggar didik undang undang apbn anggar periksa mahkamah konstitusi mohon aju reza sudrajat guru honorer mohon puu xxiv reza uji pasal ayat ayat serta jelas uu apbn hitung anggar didik persen apbn masuk program makan gizi gratis kelola badan gizi nasional mohon anggar keluar komponen anggar didik murni persen apbn penuh mandat pasal ayat uud mohon mohon puu xxiv aju rega felix dosen pasal ayat undang undang didik nasional uu sisdiknas serta jelas nilai jamin sejahtera dosen komponen biaya didik mohon kelompok program biaya operasional didik potensi kurang alokasi anggar butuh esensial didik sejahtera tenaga didik infrastruktur didik dana riset mohon puu xxiv aju yayasan taman ajar nusantara warga negara uji pasal ayat serta jelas uu apbn mohon dapat tentu tentang pasal ayat uud masuk dana program komponen anggar didik bijak potensi kurang ruang fiskal biaya fungsi inti didik tingkat kualitas guru sedia sarana prasarana didik perata akses didik tulis utami argawatieditor lulu anjarsari humas andhini raisa jelajah jejak mohon puu xxiv puu xxiv puu xxiv download aplikasi mk download app store download play store media sosial mahkamah konstitusi jl medan merdeka barat jakarta fax email office mkri id call center copyright mahkamah konstitusi hak cipta lindung undang undang
KEMENTERIAN KOORDINATOR BIDANG PEREKONOMIAN REPUBLIK INDONESIA - - Kementerian Koordinator Bidang Perekonomian Republik Indonesia,https://www.ekon.go.id/publikasi/detail/6818/program-makan-bergizi-gratis-perkuat-fondasi-ekonomi-nasional-dan-dorong-pertumbuhan-inklusif,- Kementerian Koordinator Bidang Perekonomian Republik Indonesia,Positif,0.9998990297317505,Positif,menteri koordinator ekonomi republik indonesia siar pers hm set ekon program makan gizi gratis kuat fondasi ekonomi nasional dorong tumbuh inklusif jakarta februari perintah kuat strategi bangun ekonomi inklusif lanjut tumbuh ekonomi nasional rasa rata lapis masyarakat bijak prioritas arah kuat beli masyarakat turun miskin luas sempat kerja kokoh fondasi ekonomi nasional tingkat desa kota makan gizi gratis dorong tingkat konsumsi rumah tangga dorong tumbuh desa desa camat camat lapis ekonomi presiden prabowo subianto sambut acara indonesia economic outlook wisma danantara indonesia jakarta jumat presiden prabowo tekan tingkat konsumsi rumah tangga picu program salah motor gerak tumbuh ekonomi nasional tingkat akar rumput program kuat beli masyarakat cipta efek ganda aktivitas ekonomi lokal tani distribusi pangan usaha mikro daerah presiden prabowo sorot capai positif turun tingkat miskin tren turun anggur buka cermin efektivitas bijak perintah kuat struktur ekonomi nasional tingkat sejahtera masyarakat luas lapis indonesia bangkit ekonomi dinamis percaya ekonomi presiden prabowo program makan gizi gratis dampak jangka pendek tingkat konsumsi investasi strategis jangka bangun manusia indonesia program transformasi struktural kuat fondasi ekonomi nasional tingkat kualitas sehat produktivitas saing generasi dunia prestasi bangga segi manjamen segi logistik segi kendali catat prestasi bangga pungkas presiden prabowo hasil program prioritas arah bijak bangun nasional orientasi perata kuat ekonomi bas masyarakat jadi desa komunitas lokal kelompok masyarakat pusat tumbuh perintah optimistis ekonomi indonesia tangguh inklusif daya saing visi indonesia emas acara pimpin presiden prabowo subianto hadir menteri kabinet merah putih pimpin lembaga negara pimpin asosiasi dunia usaha wakil perban lembaga jasa uang nasional internasional lembaga peringkat ekonom akademisi saksi masyarakat luas bijak jalan koordinasi lintas menteri lembaga tata kelola kuat pasti arah bijak aml fsr juru bicara menteri koordinator perekonomianharyo limanseto website www ekon go idtwitter instagram facebook tiktok threads youtube perekonomianriemail humas ekon go idlinkedin coordinating ministry for economic affairs of the republic of indonesia
pemerintah-perkuat-implementasi-program-makan-bergizi-gratis-di-jawa-tengah-melalui-target-nasional-82-9-juta-penerima-manfaat-percepatan-validasi-data-dan-standar-keamanan-pangan-jadi-prioritas - Kementerian Koordinator Bidang Pangan,https://www.kemenkopangan.go.id/detail-artikel/pemerintah-perkuat-implementasi-program-makan-bergizi-gratis-di-jawa-tengah-melalui-target-nasional-82-9-juta-penerima-manfaat-percepatan-validasi-data-dan-standar-keamanan-pangan-jadi-prioritas,Kementerian Koordinator Bidang Pangan,Netral,0.615911602973938,Positif,maret semarang maret menteri koordinator pangan pimpin rapat koordinasi pres tata kelola selenggara program makan gizi gratis provinsi jawa rapat tuju sosialisasi bijak evaluasi program daerah februari jalan provinsi terima manfaat sppg jawa program jangkau terima manfaat sppg operasi dukung pres keppres tindak selenggara dukung tim koordinasi tetap kepmenko substansi cakup awas aman pangan standar gizi tangan limbah manfaat pangan lokal lapor padu pemda peran strategis jamin mutu cepat sertifikat laik higiene sanitasi slhs stabilisasi pasok pangan lokal capai slhs jawa capai nasional menko pangan instruksi evaluasi sppg jadi klb racun pangan gerak ekonomi lokal umkm bumdes koperasi nelayan ternak mandiri pasok bahan pokok sppg jawa mayoritas asal koperasi bumdes umkm produksi unggul liput telur ayam pati susu sapi perah boyolali temu ketidaksesuaian data terima manfaat validasi lanjut pemda capai layan siswa sekolah cepat pesantren santri sppg pesantren capai hamil susu lampau balita non paud program laksana ramadhan libur cuti wilayah mayoritas puasa paket makan kemas sehat sekolah mayoritas non muslim jalan program normal kemenko pangan bangun command center koordinasi awas nasional perintah komitmen jalan sasar aman kualitas lanjut fondasi bangun generasi sehat indonesia emas unduh lampir lampir
"Presiden Prabowo Tegaskan Komitmen Program Makan Bergizi Gratis, Kini Jangkau Lebih dari 60 Juta Penerima Manfaat - Presiden RI",https://presidenri.go.id/siaran-pers/presiden-prabowo-tegaskan-komitmen-program-makan-bergizi-gratis-kini-jangkau-lebih-dari-60-juta-penerima-manfaat/,Presiden RI,Netral,0.9899328947067261,Positif,this website uses security service to protect against malicious bots this page is displayed while the website verifies you are not bot
Pemprov Kalteng Tegaskan Komitmen Sukseskan Program Makan Bergizi Gratis - Pemerintah Provinsi Kalimantan Tengah,https://kalteng.go.id/berita/read/42470/pemprov-kalteng-tegaskan-komitmen-sukseskan-program-makan-bergizi-gratis,Pemerintah Provinsi Kalimantan Tengah,Positif,0.9993483424186707,Positif,palangka raya perintah provinsi kalimantan sambut arah evaluasi program makan gizi gratis selenggara badan gizi nasional kepala layan penuh gizi kasatpel yayasan mitra sppg provinsi kalimantan gelar hotel bahalap palangka raya kamis wakil gubernur kalimantan edy pratowo apresiasi terima kasih perhati damping program kalimantan turut giat arah evaluasi momentum strategi program jalan efektif efisien kualitas standar tetap pemprov kalteng serah bantu safari ramadan masjid al falah desa trahean kabupaten barito utara wagub penuh standar bersih sanitasi dapur sppg jamin saji distribusi makan sehat higienis aman akuntabel aku kendala lapang distribusi wilayah dalam penuh sertifikat laik higiene sanitasi slhs sppg kendala sikap bijak butuh proses evaluasi lanjut kualitas program tingkat wagub komitmen penuh perintah provinsi kalimantan sukses program program prioritas nasional wujud generasi sehat kuat cerdas komitmen sinergi kolaborasi mang penting direktur pantau awas wilayah iii brigjen tnirudi setiawan lapor giat arah evaluasi tuju paham komprehensif mekanisme atur prosedur rencana kerja wajib patuh sppg yayasan mitra operasional dapur sppg operasi kalimantan sppg hadap masalah infrastruktur temu kendala aspek manajemen administrasi manusia kualitas gizi tujuh sppg pantau baik kurang baik surat ingat henti operasional permanen tekan operasional program wajib acu tunjuk teknis baru terbit desember arah evaluasi deputi pantau awas letjen tni purn dadang hendrayudha kepala sppg pimpin manajer mandat negara sukses program sppg kepala bawah yayasan mitra wenang presiden republik indonesia pimpin layan infrastruktur gizi tekan laku asal mitra yayasan lapor toleransi langgar standar bersih dapur mutu pangan tata kelola program sppg mitra penuh wajib kena sanksi izin kerja program makan gizi gratis untuk anak anak indonesia program mulia disalahgunakan tanggung tutup hadir giat pangdam xii tambun bunga layan aster kasdam xii tambun bunga kolonel infanteriarif hidayat kapolda kalimantan saji karoops polda kalteng kombes polsugeng riyadi kepala dinas laut ikan provinsi kalimantan kepala bpom provinsi kalimantan kepala bpjs ketenagakerjaan provinsi kalimantan kepala dinas sehat provinsi kalimantan kepala dinas didik provinsi kalimantan angkat sekretaris dinas didik kepala dinas tahan pangan provinsi kalimantan hadir sekretaris dinas tahan pangan ketua kadin provinsi kalimantan tamu undang dw foto goreng mmc kalteng layan government diskominfo prov kalteng distribusi konten berita serta mmc kalteng
"KSP Awasi Program Prioritas Pemerintah, Pastikan Manfaat Nyata untuk Rakyat - Merdeka.com",https://www.merdeka.com/politik/ksp-awasi-program-prioritas-pemerintah-pastikan-manfaat-nyata-untuk-rakyat-569065-mvk.html,Merdeka.com,Positif,0.9994613528251648,Positif,kantor staf presiden ksp aktif awas program prioritas perintah makan gizi gratis sekolah rakyat manfaat nyata kuat percaya publik kantor staf presiden ksp ambil peran aktif awas evaluasi program program prioritas perintah tuju identifikasi kendala lapang kuat koordinasi menteri lembaga ksp kepala staf presiden jenderal tni purn dudung abdurachman komitmen efektivitas program program awas ksp cakup inisiatif strategis luncur presidenprabowo subianto programmakan gizi gratis dansekolah rakyat sr program program fokus padakesejahteraan rakyatjuga perhati ksp ksp lanjut pantau lapang jamin sesuai bijak tetap kepala staf presiden dudung abdurachman pantau krusial cepat selesai hambat muncul koordinasi intensif ksp upaya program jalan optimal upaya masyarakat rasa dampak positif bijak perintah rata ksp khusus pantau program program unggul agenda prioritas perintah program makan gizi gratis sekolah rakyat sr contoh perhati intensif kantor staf presiden pantau tuju lapang selaras visi misi presiden prabowo subianto sr ksp awas program program sejahtera rakyat luncur inisiatif koperasi desa lurah merah putih desa kampung nelayan merah putih program rumah rakyat swasembada pangan mandiri tahan energi lingkup awas ksp awas esensial jamin tuju program capai dudung fokus ksp program program manfaat nyata masyarakat ksp tugas meta kendala hadap menteri lembaga laksana ksp peran aktif identifikasi solusi cepat proses selesai timbul jalan fungsi ksp adopsi dekat bas data lapor lapang komprehensif metode ksp evaluasi ukur sasar tahap program baik usul dasar temu faktual lapang asumsi temu temu ksp lapang dasar kuat koordinasi bijak menteri lembaga proses program jalur tuju hendak presiden ksp peran fasilitator selaras penting sinergi kepala staf presiden dudung abdurachman tekan ksp dorong cepat selesai hambat koordinasi erat kolaborasi menteri lembaga vital atas tantang muncul ksp upaya jembatan komunikasi pecah kolektif efisien dudung abdurachman menteri lembaga mandat jaga kualitas kerja jalan program prioritas perintah kualitas kunci masyarakat rasa manfaat program gulir integritas efisiensi prioritas tahap program perintah dampak tingkat sejahtera kuat percaya publik bijak perintah percaya fondasi stabilitas lanjut bangun nasional ksp transparansi akuntabilitas elemen krusial bangun citra positif perintah periode presiden prabowo luncur program prioritas sentuh hidup masyarakat program program rancang dampak jangka lanjut awas ketat ksp inisiatif capai tuju maksimal antaranews salah buka ruang komunikasi masyarakat perintah jam non stop teddy koperasi merah putih perata ekonomi tingkat desa kantor staf presiden ksp kunjung lapang bal program prioritas nasional program makan gizi gratis revitalisasi didik jalan optimal sasar gubernur jawa ahmad luthfi instruksi daerah awal ketat program ketua dpd partai gerindra jawa sudaryono arah khusus puluh kepala daerah wilayah qodari ksp aktif sosialisasi program unggul perintah insya allah ksp tampil program program presiden bagus bagus ketua ksp qodari mendagri terang upaya kemendagri sukses program prioritas nasional aku hubung sekretaris kabinet seskab teddy indra wijaya istana presiden jakarta perintah kota bandung jaring kelola bandung zoo market sounding kelola kebun binatang profesional transparan lanjut satgas prr gerak cepat pulih wilayah dampak banjir longsor sumatera bersih lumpur rehabilitasi lahan sawah fokus normalisasi aktivitas masyarakat pasok pangan perintah luncur program sekolah padu target sekolah tuju cepat tingkat mutu perata layan didik indonesia program ckg perintah jangkau serta ksp target jiwa layan deteksi sehat madrasah strategi jalan presiden prabowo subianto kepala staf presiden muhammad qodari telusur klip video ramal gagal program makan gizi gratis bukti hasil perintah target terima manfaat
Pemerintah Kota Gunungsitoli Gelar Rapat Koordinasi Percepatan Penyelenggaraan Program Makan Bergizi Gratis - Website Pemerintah Kota Gunungsitoli,https://gunungsitolikota.go.id/2026/03/pemerintah-kota-gunungsitoli-gelar-rapat-koordinasi-percepatan-penyelenggaraan-program-makan-bergizi-gratis/,Website Pemerintah Kota Gunungsitoli,Netral,0.9997826218605042,Positif,gunungsitoli maret perintah kota gunungsitoli gelar rapat koordinasi rakor cepat selenggara program makan gizi gratis wilayah kota gunungsitoli giat ruang rapat center kantor wali kota gunungsitoli kamis rapat pimpin wakil wali kota gunungsitoli martinus lase damping sekretaris daerah kota gunungsitoli hadir giat asisten sekretaris daerah pimpin perangkat daerah lingkung perintah kota gunungsitoli koordinator wilayah korwil layan penuh gizi sppg kota gunungsitoli wakil kodim nias polres nias rapat koordinasi laksana upaya cepat program makan gizi gratis kota gunungsitoli temu bahas aspek progres cakup layan program realisasi sppg wilayah strategi daya vendor laku usaha lokal sedia bahan pangan program rapat tekan bina awas optimal operasional dapur layan penuh gizi sppg proses olah makan penuh standar mutu aman bersih makan salur layak gizi terima manfaat sinergi lintas sektoral perintah kota gunungsitoli unsur tni polri harap program nasional jalan optimal sasar dampak positif tingkat kualitas gizi masyarakat kuat ekonomi lokal kota gunungsitoli press release pr diskominfo tanggal maret save my name email and website in this browser for the next time comment
Pemerintah Kabupaten Jember Perkuat Pengawasan dan Pembinaan Dapur Makan Bergizi Gratis di Tingkat Kecamatan - Pemkab Jember,https://www.jemberkab.go.id/pemerintah-kabupaten-jember-perkuat-pengawasan-dan-pembinaan-dapur-makan-bergizi-gratis-di-tingkat-kecamatan/,Pemkab Jember,Netral,0.9981470108032227,Positif,jember maret perintah kabupaten jember awal program makan gizi gratis monitoring evaluasi intensif tingkat camat selasa maret giat awas laksana wilayah beda camat kaliwates camat sukorambi standar bersih higiene sanitasi kualitas gizi selamat operasional dapur layan penuh gizi sppg jaga giat monitoring evaluasi monev dapur camat kaliwates laksana wib pimpin camat kaliwates kepala wilayah tim awas danramil kaliwates kepala puskesmas jember kidul mangli lurah kasi pmks camat lurah babinsa tenaga ahli gizi tenaga sehat lingkung unsur camat awas sppg sppg jember patih sppg jember kidul sppg sempusari sppg sempusari tuju verifikasi patuh standar sehat higiene sanitasi tentu teknis jamin tepat sasar terima manfaat camat kaliwates kualitas makan bersih dapur layak sarana prasarana patuh standar sehat aspek tawar program komitmen perintah kabupaten jember tingkat derajat sehat masyarakat penuh gizi aman kualitas hasil monitoring temu catat baik temu ditindaklanjuti kelola sppg damping camat puskesmas camat kaliwates komitmen bina awas kala dapur penuh standar tetap camat sukorambi musyawarah pimpin camat muspika laksana monitoring tinjau dapur sppg ar raudhlah desa karangpring selasa maret wib giat tuju standar bersih kualitas olah makan kesiap operasional tentu camat sukorambi musyaffa hi program dampak strategis tingkat kualitas manusia anak anak kelompok terima manfaat awas tingkat camat kala jaga standar komitmen selaras arah bupati jember muhammad fawait sc tekan awal program manfaat nyata perintah kabupaten dorong koordinasi lintas camat desa monitoring bina kuat hasil program distribusi kualitas gizi bersih tepat sasar kolaborasi muspika perangkat desa tenaga sehat kelola dapur kunci kepala dapur sppg ar raudhlah anton wijaya ramadhan salur sesuai emas paket makan bawa pulang konsumsi buka puasa perhati standar aman pangan tepat sasar giat monitoring camat cermin upaya lanjut perintah kabupaten jember program makan gizi gratis jalan optimal higienis aman dampak nyata sinergi lintas awas rutin program harap cegah stunting tingkat sehat masyarakat bentuk generasi sehat produktif kabupaten jember perintah daerah bina evaluasi sesuai teknis sppg penuh standar tinggi jaga transparansi akuntabilitas program masyarakat
Makan (Tidak) Bergizi (Tidak) Gratis - CELIOS – Center of Economic and Law Studies,https://celios.co.id/makan-tidak-bergizi-tidak-gratis/,CELIOS – Center of Economic and Law Studies,Negatif,0.9992498755455017,Negatif,makan gizi gratis program makan gizi gratis gadang program unggul perintah prabowo gibran perintah bappenas sebut tuju tuju cakup penuh gizi kelompok rentan program arah tingkat kualitas didik harap dorong ekonomi lokal program klaim cipta lapang kerja presiden prabowo subianto ulang kali sedia makan gizi biaya program yakin baik gizi anak anak gerak ekonomi ribu tani nelayan laku usaha narasi bangun harap negara hadir nyata hidup hari masyarakat laksana kritik muncul mekanisme rantai pasok bahan pangan nilai kualitas sedia layan awas lapang lemah kondisi masyarakat belah pandang publik cermin bijak populis program manfaat jangka pendek aspek lanjut fiskal negara nilai perhati ragu muncul alas sejarah bantu sosial indonesia kerap warna simpang ketidaktepatan sasar ulang praktik manipulasi politik kuat ketidakpercayaan publik sisi dukung kuat keluarga hasil rendah penting anak anak makan akses makan gizi gratis pandang tolong nyata program ringan beban keluar hari keluarga anak anak sekolah kondisi lapar nilai ajar kelompok dukung simbol hadir negara penuh hak dasar warga studi celios tempat urgensi sosial tantang tata kelola bijak temu responden sadar konflik penting tunjuk vendor orang tua pilih bantu tunai banding responden keluar uang tambah makan ganti lapor ajak publik utuh program nilai niat popularitas butuh desain bijak transparan akuntabilitas kuat baik tata kelola tuju penuh gizi adil sosial risiko capai lanjut the report indonesia economic inequality republic of oligarchy shows clear as indonesia solidifies its position as the epicenter of the global critical new celios report reveals that the merauke food estate and bioethanol if you have missed out on our events check out our youtube to watch the full recording
MBG digugat ke MK karena 'memakan' sepertiga dana pendidikan – Seberapa mungkin dikabulkan? - BBC,https://www.bbc.com/indonesia/articles/cn42dl7wykpo,BBC,Netral,0.7282819747924805,Negatif,foto mohammad ayudha perintah nilai langgar konstitusi mangkas tiga alokasi anggar didik anggar dapat belanja negara apbn program makan gizi gratis dasar mahasiswa guru honorer yayasan sekolah aju uji materi uu apbn anggar mahkamah konstitusi tuntut pos anggar didik steril alias untuk fungsi inti didik uu didik nasional atur perintah dana didik atur tentu makan gizi gratis juru bicara badan gizi nasional dian fatwa tetap klasifikasi anggar apbn sepenuh wenang menteri uang dpr sisi klaim dian fokus program jalan transparan sasar ganggu penuh hak dasar hak didik hormat proses uji materi mahkamah konstitusi jalan bijak tentu hukum laku gugat uji materi uu apbn anggar mahkamah konstitusi aju mohon mahasiswa guru honorer urus yayasan sekolah salah mohon latar mahasiswa dzakwan fadhil putra kusuma uji materi layang tolak program jago presiden prabowo subianto makan gizi gratis sinkron baca didik pokok fasilitas didik gaji didik giat ajar ajar beasiswa butuh pokok nikmat masyarakat hamil susu balita bbc indonesia rabu alokasi dana mesti masuk anggar didik sambung istimewa liput dalam bbc indonesia whatsapp whatsapp kusuma pasal ayat uud perintah wajib alokasi anggar apbn anggar belanja dapat daerah apbd selenggara didik hak konstitusional warga didik klaim rugi laku pasal ayat uu apbn serta jelas pasal luas tafsir dana operasional selenggara didik tampung program makan gizi masuk dana anggar didik alokasi utuh hitung total anggar didik triliun triliun pangkas kalkulasi perintah jadi anggar didik pos dana sisa ambil anggar sehat anggar ekonomi anggar didik sisa kusuma tentu minimum amanat konstitusi akibat potong ruang fiskal penuh hak didik pinggir utama aspek tingkat kualitas guru sarana prasarana bantu didik akses didik tara dalil gara gara pos dana didik makan calon serta didik akses didik dasar perintah butuh triliun untukmenggratiskan sekolah sd smp putus mk guru honorer gaji kisar terima nyata potong gaji akibat efisiensi anggar didik alokasi mohon uji materi mahkamah konstitusi batal atur tempat anggar program dana didik pasal ayat uu apbn tentang uud kuat hukum ikat makna anggar didik ayat dana operasional selenggara didik program makan gizi buang program dana didik anggar steril mohon daftar panitera mk puu xxiv kusuma habis minggu uji materi aju mohon tahap sidang dahulu dengar nasihat hakim mk sidang dahulu gelar foto dhemas reviyanto lepas harap mk kabul mohon alokasi dana didik murni didik depan khawatir kualitas didik benalu gerogot pohon total alokasi anggar triliun angka lonjak kali lipat banding triliun pagu anggar triliun dana standby triliun total anggar triliun kepala bengkak anggar target salur luas sasar terima manfaat foto dhemas reviyanto layan penuh gizi sppg target capai dapur januari sppg januari capai sppg cepat puluh target mei layan terima manfaat klaim bentuk layan terima manfaat total sppg rapat badan anggar agustus mantan menteri uang sri mulyani alas lonjak anggar arah kuat bangun manusia dampak luas ekonomi daerah sri mulyani lantas beber anggar triliun ambil pos rinciannya total capai triliun tambah triliun cadang tara total anggar program manager infid abdul waidl biaya fungsi fungsi didik rujuk uu didik nasional turun yakniperaturan perintah dana didik pasal pp dana didik muat biaya didik biaya didik biaya selenggara kelola didik biaya pribadi serta didik perinci foto muhammad mada pasal pp dana didik muat investasi tanggung perintah pusat perintah daerah didik pasal pp abdul waidl satu muat makan gizi gratis biaya didik pp tentu belanja makan gizi stunting belanja didik tentu pp bbc indonesia turut dalih perintah masuk biaya didik tingkat konsentrasi motivasi ajar siswa tafsir semena mena perintah sembarang tafsir alokasi anggar didik manfaat program prioritas sejati sehat cegah stunting presiden anak sekolah problem stunting alokasi anggar menteri foto makna zaezar abdul waidl duga comot anggar sehat dana kemenkes triliun mangkas pos besar menteri tahan duga kabul presiden prabowo tahan prioritas pecah didik sehat ekonomi asumsi sambung sambung nikmat siswa tumbuh ekonomi hitung infid alokasi triliun mangkas pos dana didik total capai triliun dana didik sisa triliun total belanja apbn langgar konstitusi penuh cetus perhati didik korban kurang anggar didik amat lembaga kaji cisdi diah saminarsih bilang dana utuh mesti pakai tingkat kapasitas guru bayar upah guru honorer upah minimum kabupaten kota umk pakai dampak kualitas hasil murid murid diah foto indrianto eko suwarso koordinator jaring pantau didik indonesia jppi ubaid matraji bangun sekolah dasar indonesia kondisi rusak rusa parah ongkos renovasi bangun gedung batas putus mk sekolah gratis jalan dana habis putus mangkrak dana didik pakai sejahtera guru juta guru guru honorer gaji guru sejahtera anak anak putus sekolah sarana prasarana buruk ya kualitas didik parah ubaid abdul waidl dapat anggar pakai tambah akses didik partisipasi turun rujuk data badan pusat statistik bps sebut anak usia sekolah sekolah mayoritas usia jenjang didik tengah sebab ekonomi tiada sarana prasarana tunjang ajar faktor kultural nikah anak anak usia sekolah sma kualitas problem didik sekolah tengah juru smk butuh kerja sarana prasarana smk tinggal penuh butuh abdul waidl rang sejahtera guru hancur bbc indonesia hubung dirjen anggar kemenkeu luky alfirman oleh balas juru bicara dian fatwa tetap klasifikasi anggar apbn sepenuh wenang perintah menteri uang dpr konteks badan gizi nasional posisi laksana bijak rumus bijak fiskal dian fatma bbc indonesia kamis jalan program mandat tentu anggar tetap serah jelas desain anggar biaya klasifikasi fungsi anggar menteri uang otoritas fiskal sisi sambung fokus program jalan akuntabel sasar ganggu penuh hak dasar hak didik hormat proses uji materi mahkamah konstitusi jalan bijak tentu hukum laku
Program Makan Bergizi Gratis Diprediksi Paling Cepat Habiskan Anggaran di Awal 2026 - pasardana.id,https://pasardana.id/news/2026/1/12/program-makan-bergizi-gratis-diprediksi-paling-cepat-habiskan-anggaran-di-awal-2026,pasardana.id,Netral,0.9998095631599426,Netral,ronal foto istimewa pasardana idprogram makan gizi gratis inisiatif nasional unggul perintah presiden prabowo subianto prediksi program cepat serap anggar kuartal alias periode januari maret menteri uang menkeu purbaya yudhi sadewa program serap belanja anggar duga belanja belanja purbaya pekan menkeu sekolah aktivitas mana menyakini badan gizi nasional bawah program cepat serap anggar program duluan jalan sekolah informasi anggar perintah alokasi triliun lanjut program belanja salur menteri lembaga tepat badan gizi nasional triliun triliun sisa cadang tara persen total anggar sisi wakil menteri uang wamenkeu thomas djiwandono lapor program serap anggar triliun desember tara persen pagu triliun apbn angka terima manfaat program capai target terima sebar provinsi segi laku usaha program laksana layan penuh gizi sppg indonesia serap kerja
MBG Lansia: Hal-hal yang perlu diperhatikan pemerintah dalam program MBG untuk lansia - BBC,https://www.bbc.com/indonesia/articles/cy9yd1dv43xo,BBC,Netral,0.9571341276168823,Netral,foto makna zaezar rencana perintah makan gizi gratis lansia tunjuk teknis juknis detail penuh hati hati pasal penuh menu gizi pola makan lansia kompleks banding target terima diri lembaga kaji center for indonesia strategic development initiatives cisdi diah satyani saminarsih tata kelola masalah lansia tingkat aspek rentan kondisi sehat cenderung turun sakit tular risiko alami racun tingkat risiko sehat imbas komplikasi sakit lansia gejala racun risiko sehat diah bbc indonesia kamis associate professor monash university indonesia sehat publik grace wangge sebut aspek beri lansia segi tekstur kandung padat gizi makan bersih higienis perancaregivermemberikan monitoringnya grace lansia seragam sehat fungsional beda beda lansia makan foto muhammad mada menteri sosial saifullah yusuf sapa gus ipul bilang perintah lansia usia sandang disabilitas paket makan nila porsi menteri sosial kemensos sedia asuh caregiver rawat lansia baca lansia transformasi program kemensos nama program makan pasar peterongan kota semarang jawa saidi had sumitro jaja dagang usia saidi jual pakai alat rumah tangga jual makan hujan ya hujan panas panas pria lansia wonodri semarang selatan wawancara wartawan kamal lapor bbc indonesia kamis kamal liput dalam bbc indonesia whatsapp whatsapp saidi terima bantu sosial program keluarga harap pkh daftar data padu sejahtera sosial dtks salah syarat terima lansia kemensos saidi bayang tantang hadap terima proses kirim jual susah ambil antar makan sensitif pantang tubuh sakit paru hidup syukur makan hindar saidi kangkung makan makan perut sakit kaca turut program lansia ganti masakan orang basi masakan mending ganti uang beras manfaat kamal wakil ketua satgas jateng hanung triyono aku arah perihal lansia lansia tunjuk regulasi arah presiden kemarin arah panen raya umum swasembada pangan hanung terang tulis catat terima jawa sebar tk sma pesantren plt dinas sosial kota semarang endang sarwiningsih setyawulan semarang instruksi kemensos koordinasi ketua kota semarang layan tambah balita hamil susu terang fajar sodiq beda saidi perempuan usia solo nama welas sambut lansia dikasihnggihsangatmaturnuwun kasih ya terima kasih bayar perempuan lahir januari wartawan fajar sodiq solo kamis pasal welas tinggal kampung padat duduk kampung nayu banjarsari aku catat terima bantu sosial perintah bltmboten bltnggih mboten harap ya negara negara ngasih yasampun mboten nopo nopo welas isi hari rawat cucu jual tengkleng keliling paksa henti virus covid landa an bagi sekolah timbul racun welas masalah nggihsemua tinggal gusti ya gusti atur hidup racun halang tarik claudio pramana nurphoto via getty images wakil satgas kota solo purwanti sppg solo distribusi lansia wilayah lansia prioritas balita hamil susu kepala rehabilitasi sosial dinas sosial solo hernawaty bilang tunjuk atur kemensos program lansia lansia juknisnya mesti bilang sekolah kelola sasar juknisnya dasar acu atur hernawaty program lansia ganti program makan kemensos gulir ganti nama ganti operator ya operator pokmas ganti dapur distribusi solo program permak kemensos camat banjarsari jebres terima lansia foto muhammad mada menteri sosial saifullah yusuf sapa gus ipul lembaga lansia disabilitas total anggar sekitarrp triliun lansia lantar usia ribu sandang disabilitas ribu mudah mudah proses gus ipulkepada wartawan kamis gus ipul bilang rencana sudahmendapat tuju presiden prabowo subiantodan siap lembaga foto moch asim gus ipul harga porsi kali hari lansia sedia kelompok masyarakat pokmas lokasi terima manfaat pokmas menyediakanminimal porsi kelompok masyarakat informal kelompok masyarakat bentuk rt rw lurah gitu pkk gus ipul beda badan gizi nasional sedia olehsatuan layan penuh gizi sppg kemensos menyediakancaregiveratau asuh rawat lansia asuh proses latih gus ipul program lansia merupakantransformasi program nama program makan tingkat menu makan artikel muat konten sedia instagram izin muncul situs cookies teknologi baca instagramkebijakan cookiedankebijakan privasisebelum terima konten pilih terima lanjut lompat instagram pesan konten sedia program makan kriteria lansia terima bantu presiden prabowo subianto target salur mbgakan rata desa sasar ajar hamil lansia menteri koordinator pangan zulkifli hasan target program jangkau terima manfaat associate professor monash university indonesia sehat publik grace wangge penuh butuh gizi lansia kompleks banding kelompok anak anak sekolah guru orang tua awas lansia orang dewasa biasa latar sakit sehat beda beda variasi sama seragam grace foto prasetia fauzani grace wangge sebut aspek beri lansia segi tekstur lansia butuh makan lembut enak cerna kecap turun suka otomatis makan ganggu fungsi kognitif demensia kadang kadang lupa makan kondisi kondisi sehat perhati grace keduaadalah kandung protein karbohidrat padat gizi porsi lambung lansia kecil metabolisme turun guna makan ultra proses sppg cemas kadar garam gula bahaya lansia hipertensi sakit butuh diet khusus harga porsi makan grace nilai syarat manfaat makan lokal limpah daerah rujuk pedoman layan gizi usiakementerian sehat kurang asupan zat gizi makro zat gizi mikro alami lansia asupan karbohidrat protein lemak lansia defisiensi vitamin ketigamakanan bersih higienis turun fungsi sehat alami lansia dampak buruk konsumsi makan masalah lansia makan siap racun infeksi sedak tekstur turun sehat tolong keempatperan asuh karakteristik lansia jadicaregiverini paham karakter lansia sehat biasa larang makan personal makan konsumsi yasuyoshi chiba afp via getty images nada diah satyani cisdi bilang penuh gizi lansia kompleks kondisi sehat cenderung turun lansia sakit tular ptm kondisi pengaruh butuh menu pola makan lansia beda target terima tata kelola masalah tingkat aspek rentan lansia risiko alami racun tingkat risiko sehat imbas komplikasi sakit diah pasal lansia gejala racun risiko sehat rentan dehidrasi infeksi serius sulit deteksi dekat andal produksi massal buka celah guna pangan ultraproses kandung natrium gula lemak papar zat kimia menu makan lansia kaji seri cisdi temu makan penuh standar angka cukup gizi akg hari pangan homogen hadir pangan gizi imbang sebab racun tingkat faktor risiko sehat lansia diah claudio pramana nurphoto via getty images ahli gizi masyarakat dr tan shot yen lansia rentan sakit kronik layak menyamaratakan pangan lansia aku sehat sakit cek guru pangan gizi institut tani bogor ipb ali khomsan pandang lansia kelompok rawan gizi udzurnya umur sakit degeneratif alami perhati makan rendah gula rendah garam rendah lemak rendah kolesterol target spesifik lansia masalah gizi khomsan ragam pangan cermin menu ok terus bilang amat november desember jadi racun kurang hati hati sppg makan jaga racun rujuk kompleksitas grace wangge lansia tunjuk teknis juknis detail penuh hati hati tuju program sasar baik gizi lansia kurang angka hospitaliasasi lansia beban sehat juknisnya takut bagus lansia perhati bikin takut anak anak racun lansia grace claudio pramana nurphoto via getty images diah satyani cisdi pandang perintah daya lansia program program jalan program layan lansia posyandu program layan sehat awas perilaku hidup sehat diet imbang patuh lansia konsumsi obat obat jalan awat model beri makan lansia skema subsidi bahan pangan segar sehat gizi imbang australia diah perintah kuat libat komunitas beri makan lansia intervensi posyandu contoh thailand vietnam libat komunitas layan lansia beri makan perintah fokus kuat layan sehat primer layan integrasi lansia wartawan kamal semarang fajar sodiq solo kontribusi artikel
Program Pemerintah Makan Bergizi Gratis Antara Harapan dan Tantangan Ke Depan - DJPb Kemenkeu,https://djpb.kemenkeu.go.id/kppn/magelang/id/data-publikasi/artikel/2976-program-pemerintah-makan-bergizi-gratis-antara-harapan-dan-tatangan-ke-depan.html,DJPb Kemenkeu,Negatif,0.999797523021698,Positif,baca budiman perintah indonesia sibuk program sejahtera anak program yaa program makan gizi gratis program biaya tuju mulia program sasar anak anak sekolah dasar hamil keluarga prasejahtera pernah kondisi sehat anak anak indonesia ya kondisi sehat anak anak indonesia prihatin baca gizi buruk stunting alami anak anak indonesia papua barat nusa tenggara timur jawa barat sulawesi barat ajar provinsi nusa tenggara timur cerita keluarga konsumsi lauk ayam telur miskin ekstrem alami keluarga keluarga suka cita menu ayam telur tetangga ada acara syukur itu acara dengar cerita tulis sedih trenyuh iris iris air mata tetes pikir anak anak tangkap ajar asupan gizi penuh kondisi keluarga keluarga provinsi nusa tenggara timur keluarga keluarga provinsi indonesia hari tempo provinsi prevalensi stunting tinggi nusa tenggara timur sumatera barat aceh nusa tenggara barat sulawesi tenggara kalimantan selatan tingkat prevalensi prevalensi proporsi persentase populasi karakteristik sakit titik periode hadir makan gizi gratis program bijak prioritas nasional situasi harap anak anak sekolah dasar hamil keluarga prasejahtera program tuju atas stunting gizi buruk timpang asupan makan anak anak sekolah sasar anak sekolah dasar hamil keluarga prasejahtera program uji coba tengah daerah provinsi nusa tenggara timur jawa sulawesi selatan hasil uji coba lapang dampak positif tingkat hadir siswa siswa semangat ikut ajar siswa senang menu gizi gratis dampak positif program gerak ekonomi umkm mitra layan penuh gizi sppg posisi umkm beri pasok bahan mentah olah menu beri makan gizi gratis beri makan gizi gratis siswa makan basah senin makan susu roti buah ubi selasa rabu khusus beri susu kali minggu program masyarakat anak anak sekolah paham asupan gizi sehat jangka program dampak positif investasi negara ya penuh standar gizi siswa siswa anak anak tumbuh mental intelektual anak anak manusia handal baca budiman cerita manis program makan gizi gratis jadi ajar evaluasi jawa sd dukuh sukoharjo siswa racun gejala sakit perut mual muntah sakit kepala konsumsi makan gizi gratis provinsi jawa barat daerah bandung siswa tasikmalaya siswa bogor siswa gejala konsumsi paket makan gizi gratis provinsi ntt siswa hamil serta bayi gejala sayang ya kasihan jadi benak muncul sebab dampak psikologis terima teliti tim ahli sebab bakteri sepertisalmonella coli danstaphylococcusaureusterdapat bahan makan proses olah distribusi simpan guna bahan tambah makan risiko turun kualitas aman pangan jarak selesai masak konsumsi turun kualitas makan jadi dampak terima trauma anak orangtua larang anak anak santap menu makan gizi gratis dampak hilang percaya masyarakat program perintah dampak psikologis solusi cepat pada racun koordinasi ambil jadi baik proses pilih bahan baku siap menu uji menu saji tahap awas tim ahli terap racun anak anak sekolah takut konsumsi menu makan gizi gratis hal orangtua murid harap program jalan evaluasi lapang tulis masuk program makan gizi gratis laksana bahas program makan gizi gratis tarik simpul program makan gizi gratis program turun gizi buruk stunting langsung program tuntut kerja keras dukung masyarakat awas evaluasi terus tingkat kualitas program perintah tulis optimis penuh upaya perintah kurang gizi buruk stunting program makan gizi gratis tulis harap program dukung percaya masyarakat program jalan cinta rakyat indonesia tulis harap baca partisipasi dukung mampu capa program perintah mulia disclaimertulisan opini pribadi tulis wakil pandang organisasi
Website DJKN - DJKN,https://www.djkn.kemenkeu.go.id/kpknl-parepare/baca-artikel/18061/Multiplier-Effect-Program-MBG-untuk-Pertumbuhan-Ekonomi-Berkelanjutan.html,DJKN,Positif,0.9998817443847656,Positif,multiplier effect program tumbuh ekonomi lanjut rimadhani salsabilla fadhilahrabu desember kali multiplier effect program tumbuh ekonomi lanjut tulis desi ariyanti kepala seksi pkn kpknl parepare tahun jalan januari desember program makan gizi gratis salah program strategis nasional capai tumbuh harap bangun layan penuh gizi sppg yangmenjadi dapur bangun tahap provinsi indonesia indikasi serius perintah tingkat kualitas anak indonesia harap bangun indonesia emas tonggak sejarah bangsa indonesia bangun manusia unggul kualitas indonesia maju perintah masyarakat indonesia gizi peran bentuk kualitas sdm gizi individu anak indonesia potensi penuh ajar konsentrasi prestasi kontribusi masyarakat output outcome harap perintah program strategis nasional operasionalisasi program badan gizi nasional bentuk atur presiden keluar tunjuk teknis program putus kepala ubah tiga tunjuk teknis selenggara bantu perintah program makan gizi gratis juknis juknis tiga juknis juknis ubah ubah ikut butuh dasar lapang putus kepala tanggal oktober tunjuk teknisyangakan pedoman perintah mitradanseluruhstakeholderyangberkiprahdalamprogrammbg juknis pedoman kelola bantu perintah selenggara pertanggungjawaban monitoring evaluasi awas bantu perintah juknis acu mang penting cepat capai target bentuk sppg sebar provinsi indonesia perintah presiden juni target terima manfaat target capai dipercepatdiselesaikanbulannovember untukmencapaitargetpenerimamanfaat diri sppg kembang oktober bangun sppgtelahmencapaiangka sppg multipliereffect kembang program bantu perintah banper ternyatatidak dar tingkat kualitas sdm anak indonesia butuh visi bangun indonesia emas dampak multiplier effect langsung hidup masyarakat halinidikarenakan stakeholderprogrammbg elemen masyarakat singgung operasionalisasi elemen masyarakat diberdayakandalamprogrammbginiantaralain umkm koperasi desa lurah bumdes supplier pasok ternak nelayan masyarakat lokasi rawan operasionalisasi sppg terima manfaat harap tepatsasarandalamasupangiziantaralain anak sekolah paud tk sd smp sma anak balita posyandu hamil susu anak anak stunting peran harap perintah perintah pusat daerah bantu selenggara program sisi monitoring evaluasi awas lekat jalan program harap beberapahalyangdapatdiidentifikasiterkaitmultipliereffectatasprogrammbgantaralain dayabelimasyarakatmeningkat bangun sppg kecamatandiindonesia telahmerekrutsebanyak orang anggota masyarakat rawan masyarakat rekrut warga sppg usia agam rentang usia tentu memungkinkanwarga warga selesai kuliah kiprah kepaladapur ahli gizi tenaga akunting warga masyarakat daftar rawan kerja kerja serabutan kerja kasar labuh kerja rumah tangga keliling hari warga cari cari hasil program masyarakat rentan ekonomi hasil cukup hidup rumah tangga rawan relawansppginisetelahbekerjadapatmulailancarmembeliberas bayar hutang warung bayar kontra rumah cicil kendara motor beli masyarakat mulaimeningkat kesehatanmembaik terima manfaat bagianaksekolah terutamayangmalas makan baur teman teman sekolah makan siswaakanmerasasenangdapatmenikmatihidanganlezatyangdisajikan perintah sppg jarang siswa siswa rindu hadir mobil halaman sekolah terkadang orang tua keluh anak susah makan adanyambgdisekolah tanpadisuruhmakanbiasanyaanak anaklangsung inisiatif habis hidang bahagia orang tua sehat kuat tubuh tumbuh sempurna anak sekolah hamil susu anak anak stunting langsunghadirdi sppg konsultasi gizi ahli gizi siap sppg ahli gizi hitung butuh gizi hamil susu sesuai berat badan usia hamil bantu hamil cegah janin gizi buruk stunting pendidikanmembaik penuh gizi anak dampak positif status didik bantu anak fokus kelas tingkat kehadirandisekolah memberikanmotivasidansemangatbelajar danmeningkatkan mampu ajar akademik efek positif proses ajar anak bantu cerdas intelektual sosial emosi jenis cerdas butuh jangkan pendek tengah jangka perintah pakar didik bantu makan investasi jangka kualitas didik manusia wakil kemendikdasmen program sosial strategi tingkat kualitas manusia kualitas didik jangka baik kemendikdasmenmenekankanbahwapemenuhangiziterkaiteratdengan mampu ajar hadir sekolah kualitas didik wakilmenteripendidikanjugamenyatakanbahwambgbisamembangun karakter positif motivasibelajarsiswa yangmerupakanbagiandari proses tingkat didik kebutuhanpanganmembaik program kontribusi nyata baik kondisi pangan tingkat rumah tangga komunitas lokal hadir cipta minta pangan stabil lanjut mendorongketersediaan bahan pangan beras sayur buah telur ikan protein pasti serap pangan program rantai pasok pangan atur jaga kuat pangan lokal bahan baku makan prioritas asal tani ternak nelayan laku usaha pangan pola tingkat distribusi pangan baik akses masyarakat pangan layak gizi produksi distribusi pangan jalan optimal tahan pangan masyarakat baik peran tingkat sadar gizi imbang masyarakat paham nilai pangan gizi butuh dasar lengkap dampak pola konsumsi pangan angsur baik lingkung sekolah rumah tangga program dampak ekonomi signifikan tingkat minta domestik program butuh pasok pangan lanjut dorong tingkat minta produk tani terna ikan jasa olah distribusi pangan negeri kondisi gerak roda ekonomi lokal nasional sedia butuh pokok masyarakat sppg butuh kilogram beras total butuh beras ton butuh ayam ekor butuh ayam ekor butuh sayur buah signifikan butuh penuh lokal tingkat tani nelayan ternak iring denganmeningkatnyapermintaandomestiktersebut mbgturutmenciptakandan luas sempat kerja rantai pasok tani ternak nelayan laku umkm pangan tenaga olah distribusi logistik buka lapang kerja kuat lanjut usaha masyarakat fungsi program sosial tetapijugasebagaistimulusekonomiyangberdampaklangsungpadapenyerapan tenaga kerja kontribusi tingkat produktivitas saing kerja penuh gizi tingkat sehat stamina konsentrasi serta didik maupuntenagakerjasecaraumum kondisifisikdan kognitif optimal dorong tingkat kerja efisiensi mampu adaptasi tuntut kerja jangka kuat kualitas manusia tingkat saing tenaga kerja indonesia program makan gizi gratis peran strategis aspek sejahtera sosial ungkit tumbuh ekonomimelalui tingkat minta domestik luas kesempatankerja sertapenguatan produktivitas dandayasaingpekerja dengankatalainmbgmemilikidampakpositifbagi masyarakatyang kurang timpang ekonomi turun angka miskin tekan anggur tingkat produktivitaskerja des foto artikel
Sosialisasi Program Makan Bergizi Gratis (MBG) Perkuat Upaya Penanggulangan Gizi dan Stunting di Buleleng! - Dinas Kesehatan Kabupaten Buleleng,https://dinkes.bulelengkab.go.id/informasi/detail/berita/11_sosialisasi-program-makan-bergizi-gratis-mbg-perkuat-upaya-penanggulangan-gizi-dan-stunting-di-buleleng,Dinas Kesehatan Kabupaten Buleleng,Positif,0.9997366070747375,Positif,upaya strategis rang gizi stunting kabupaten buleleng momentum selenggara sosialisasi program makan gizi gratis sabtu giat ruang rapat kantor desa pengastulan rumah aspirasi mmy banjar pegentungan komitmen perintah pusat daerah kuat tahan gizi masyarakat anak sekolah hamil sosialisasi inisiasi wakil ketua komisi ix dpr charles honor resmi buka wakil bupati buleleng gede supriatna sambut wabup supriatna program gagas badan gizi nasional bantu pangan strategis jangka bangun sehat masyarakat charles honor hadir daring luas perspektif esensi program tekan investasi manusia piring makan gizi pondasi bentuk generasi sehat cerdas produktif giat hadir narasumber alwin supriadi teknis strategi program lapang narasumber kunci hadir kepala dinas sehat buleleng dr sucipto ked damping kepala sehat masyarakat ni luh putu withari tr keb km tindak moderator antusiasme program hadir jabat daerah anggota dprd taban putu yuni widiadnyani asisten perintah sejahtera setda buleleng putu ariadi pribadi camat ririt putu satriawan camat banjar putu widiawan dukung kuat perintah desa perintah pusat program makan gizi gratis harap jalan efektif jangkau sasar dampak signifikan tingkat gizi turun angka stunting kabupaten buleleng
[HOAKS] Program Makan Bergizi Gratis Diganti dengan Uang Tunai - Pemerintah Daerah Kabupaten Cilacap,https://cilacapkab.go.id/v3/hoaks-program-makan-bergizi-gratis-diganti-dengan-uang-tunai/,Pemerintah Daerah Kabupaten Cilacap,Netral,0.9426764249801636,Netral,this website is using security service to protect itself from online attacks the action you just performed triggered the security solution there are several actions that could trigger this block including submitting certain word or phrase sql command or malformed data you can email the site owner to let them know you were blocked please include what you were doing when this page came up and the cloudflare ray id found at the bottom of this page cloudflare ray id dedb bbed your ip click to reveal performance security bycloudflare
Plt. Sekda Kalteng : Program Makan Bergizi Gratis Jadi Mesin Baru Penggerak Ekonomi Kalteng - Pemerintah Provinsi Kalimantan Tengah,https://kalteng.go.id/berita/read/42373/plt-sekda-kalteng-program-makan-bergizi-gratis-jadi-mesin-baru-penggerak-ekonomi-kalteng,Pemerintah Provinsi Kalimantan Tengah,Positif,0.9894077181816101,Positif,palangka raya program makan gizi gratis nilai dampak tingkat kualitas manusia kuat ekonomi daerah putar rantai pasok pangan lokal plt asisten perintah kesra setda prov kalteng herson aden wakil plt sekda diskusi mekanisme pantau bijak program neo palma hotel palangka raya senin papar herson kontribusi daerah target perintah pusat target tumbuh ekonomi nasional capai persen agenda indonesia emas gubernur lantik kepala daerah pilih kalimantan target capai kontribusi nyata daerah kalimantan herson herson hadir program buka peluang tani nelayan umkm olah pangan koperasi laku ekonomi butuh hari sekolah beras telur ayam ikan sayur produk pangan olah cipta minta stabil gerak ekonomi lokal program kalimantan tantang sendiri karakter wilayah luas duduk sebar jarak antardesa pisah sungai hutan rawa distribusi pangan sekolah sekolah mudah turut jarak sekolah jauh akses antarwilayah beda beda pengaruh lancar program kota akses darat pada desa pencil gantung transportasi sungai jalan tanah jalur pengaruh cuaca kondisi sebab biaya logistik distribusi butuh sisi batas jaring komunikasi wilayah dampak proses lapor pantau program real time atas kendala pemprov kalteng strategis kuat regulasi daerah tempat program prioritas bangun rpjmd rkpd optimal koordinasi lintas opd bappeda dinas didik dinas sehat dinas tahan pangan dagang koperasi umkm jalan integrasi bangun ekosistem rantai pasok lokal libat tani umkm koperasi bumdes sedia bahan pangan pemprov rancang solusi teknis atas geografis bentuk hub distribusi komoditas zona zona strategis potong rantai pasok desa pencil daya koperasi desa bumdes sedia bahan pangan sekolah tiga guna moda transportasi kondisi wilayah perahu motor kendara roda cold box portable empat tingkat meta digital aksesibilitas sekolah pencil rencana distribusi hadap tantang geografis herson optimis program ungkit tumbuh ekonomi kalimantan konsisten minta pangan sekolah sekolah yakin dorong produksi komoditas lokal luas pasar tani umkm cipta lapang kerja distribusi olah pangan herson harap giat uji petik gelar kali hasil instrumen pantau evaluasi komprehensif lanjut acara hadir pimpin badan gizi nasional unsur perintah daerah organisasi perangkat daerah akademisi laksana program gizi sppg kalteng wdy foto arl mmc kalteng layan government diskominfo prov kalteng distribusi konten berita serta mmc kalteng
Wagub Kalteng Resmikan SPPG Langkai 4 Pahandut untuk Perkuat Program Makan Bergizi Gratis - Pemerintah Provinsi Kalimantan Tengah,https://kalteng.go.id/berita/read/42382/wagub-kalteng-resmikan-sppg-langkai-4-pahandut-untuk-perkuat-program-makan-bergizi-gratis,Pemerintah Provinsi Kalimantan Tengah,Positif,0.9991647005081177,Positif,palangka raya wakil gubernur kalimantan edy pratowo damping plt sekretaris daerah provinsi kalteng leonard ampung resmi buka layan penuh gizi sppg langkai pahandut lokasi jl rta milono palangka raya rabu sppg langkai pahandut dapur pusat fungsi program makan gizi gratis wilayah kota palangka raya yayasan berkah limpah anugerah kontribusi salur porsi makan gizi sekolah wilayah puntun pahandut seberang danau tunda lokasi dekranasda prov kalteng gelar event central borneo designer festival sambut wakil gubernur perintah provinsi kalimantan komitmen penuh asta cita presiden republik indonesia program strategis nasional tingkat gizi anak sekolah tugas sppg makan gizi produksi standar awas kualitas kirim sekolah sekolah sppg fungsi dapur pusat tanggung rantai sedia makan belanja bahan baku distribusi siswa wagub edyjuga kelola sppg senantiasa jaga kualitas makan patuh standar operasional prosedur sop tetap badan gizi nasional gizi angka kualitas bangsa anak anak kalimantan tumbuh kuat cerdas kompetitif indonesia emas ada sppg dampak positif luas penuh butuh gizi anak sekolah dorong tumbuh ekonomi lokal buka lapang kerja wagub ajak mang penting perintah daerah tokoh masyarakat lembaga didik organisasi masyarakat elemen masyarakat program jalan lanjut manfaat luas wakil yayasan berkah limpah anugerah tingkas chandra resmi sppg langkai pahandut bukti kolaborasi nyata perintah yayasan mitra upaya wujud anak anak kalteng percaya anak anak akses makan sehat gizi sempat tumbuh ajar raih cita cita komitmen yayasan generasi terus salur porsi dinas didik kota palangka raya giat hadir diri yayasan berkah limpah anugerah david pangestu kepala kalteng elisa agustino ketua sppg langkai pahandut wakil forkopimda kepala opd provinsi kalteng kepala biro administrasi pimpin johni sonder dw foto dn mmc kalteng layan government diskominfo prov kalteng distribusi konten berita serta mmc kalteng
Presiden Prabowo: Program Makan Bergizi Gratis Adalah Investasi untuk Masa Depan Bangsa - Presiden RI,https://presidenri.go.id/siaran-pers/presiden-prabowo-program-makan-bergizi-gratis-adalah-investasi-untuk-masa-depan-bangsa/,Presiden RI,Positif,0.9206883311271667,Positif,this website uses security service to protect against malicious bots this page is displayed while the website verifies you are not bot
"Program Makan Bergizi Gratis Terus Diperluas, Ketahanan Gizi Fondasi Ketahanan Nasional - Kemenko Polkam R.I.",https://polkam.go.id/menko-polkam-program-makan-bergizi-gratis-terus-diperluas-ketahanan-gizi-fondasi-ketahanan-nasional/,Kemenko Polkam R.I.,Positif,0.9998725652694702,Positif,siar pers sp hm polkam polkam jakarta perintah republik indonesia akselerasi program makan gizi gratis tetap presiden prabowo subianto program prioritas nasional juli terima manfaat jangkau dapur komunitas gizi sppg aktif sasar anak sekolah balita hamil susu santri pesantren sekolah agama presiden target program jangkau terima manfaat agustus capai terima sedia makan gizi program buka ribu lapang kerja gandeng umkm tani nelayan koperasi lokal ekosistem laksana program strategi bangun kualitas manusia indonesia menteri koordinator politik aman menko polkam jenderal pol purn budi gunawan terang tulis tekan tahan gizi fondasi tahan nasional anak anak sehat cerdas bangsa jamin program respon tantang malnutrisi indonesia kurang gizi lebih gizi kurang zat gizi mikro data catat anak indonesia anemia sarap pola makan sehat kelompok rentan fase emas tumbuh dapur sentra layan penuh gizi sppg layan orang menu susun prinsip isi piring penuh butuh gizi hari program awas badan gizi nasional perintah daerah digital nasional jamin transparansi akuntabilitas samping manfaat gizi sehat kuat tahan ekonomi kurang beban keluar rumah tangga cipta juta lapang kerja stabilisasi harga pangan beli produsen rakyat bentuk nyata hadir negara anak indonesia tinggal lapar gizi buruk menko polkam program makan gizi gratis bukti komitmen perintah presiden prabowo bangun bangsa pondasi dasar sehat sejahtera rakyat
Program Makan Bergizi Gratis Disambut Antusias Siswa di Boyolali - Kemenkes,https://kemkes.go.id/id/program-makan-bergizi-gratis-disambut-antusias-siswa-di-boyolali,Kemenkes,Positif,0.9998815059661865,Positif,boyolali september program makan gizi gratis inisiasi perintah sambut hangat siswa salah satu smp negeri teras boyolali hadir program nilai tingkat semangat ajar jaga asupan gizi imbang anak sekolah wakil menteri sehat prof dante saksono harbuwono makan saji program proses seleksi awas ketat upaya makan higienis segar manfaat anak anak timbul sehat tinjau smpn teras jumat prof dante konsep gizi imbang terap acu kampanye isi piring contoh sayur buah buah lauk makan pokok pola terap rumah hadap siswa guru antusiasme siswa jana auliya salsabila siswi kelas syukur program harap program lanjut bantu raih cita cita sukses nada meishen faika putri ardhani program bantu hemat uang jajan senang hemat uang jajan tabung perlu meishen harap lulus sma anak indonesia rasa manfaat program sedia asupan gizi program intervensi sehat cegah stunting obesitas gizi perintah tekan beri makan sehat rutin upaya jangka tumbuh kembang anak tingkat prestasi ajar awas dukung program harap solusi nyata cetak generasi sehat cerdas prestasi berita siar biro komunikasi informasi publik menteri sehat informasi hubung halo kemenkes hotline sms email kontak kemkes go id sk kepala biro komunikasi informasi publik aji muhawarman mkm
MIN 20 Jakarta Mulai Jalankan Program Makan Bergizi Gratis (MBG) - Jakarta Kemenag,https://dki.kemenag.go.id/berita/min-20-jakarta-mulai-jalankan-program-makan-bergizi-gratis-mbg-3e56r,Jakarta Kemenag,Positif,0.9998635053634644,Positif,kontributor siswa min jakarta santap jakarta humas min jakarta min jakarta program makan gizi gratis senin program salah program prioritas perintah presiden prabowo subianto tuju tingkat kualitas gizi anak anak indonesia tumbuh sehat cerdas daya saing perdana badan gizi nasional hadir laksana distribusi makan gizi serta didik min jakarta giat lancar penuh semangat sambut antusiasme siswa gembira terima paket makan gizi perintah kepala min jakarta syolahuddin sihombing syukur selenggara program madrasah distribusi momentum tumbuh sadar serta didik jaga pola makan sehat harap giat tingkat konsentrasi semangat ajar siswa hari distribusi makan awas guru staf madrasah jalan tertib higienis siswa terima paket makan isi nasi lauk protein sayur buah komposisi susun standar gizi imbang badan gizi nasional suasana madrasah ceria siswa nikmat santap gizi cengkerama teman teman aku senang terima kasih program nikmat menu sehat lezat sekolah program makan gizi gratis komitmen perintah perata akses gizi anak indonesia inisiatif presiden prabowo upaya anak kecuali hak tumbuh sehat kuat prestasi giat erat sama antarwarga madrasah guru tenaga didik bahu bahu bantu proses bagi makan siswa ajar bagi syukur jaga sehat min jakarta harap sukses program makan gizi gratis jalan lancar lanjut program harap lahir generasi madrasah sehat cerdas akhlak mulia bangun indonesia maju sejahtera senin mei senin mei ahad mei sabtu mei sabtu mei jumat mei rabu april ahad april rabu april kamis april senin april
Ratusan Siswa MTsN 17 Jakarta Antusias Sambut Hari Pertama Program Makan Bergizi Gratis - Jakarta Kemenag,https://dki.kemenag.go.id/berita/ratusan-siswa-mtsn-17-jakarta-antusias-sambut-hari-pertama-program-makan-bergizi-gratis-Mwmvf,Jakarta Kemenag,Positif,0.9999057054519653,Positif,kontributor jakarta humas mts negeri jakarta ratus siswa mts negeri jakarta sambut gembira perdana program makan gizi gratis gagas perintah pagi suasana madrasah penuh semangat siswa antusias hidang ompreng makan terima bagi siswa senin program komitmen perintah atas kurang gizi kalang ajar pengaruh fokus ajar prestasi akademik kepala mtsn jakarta nur azijah program bantu logistik investasi jangka generasi muda bangsa syukur mtsn salah madrasah terima program tonggak sejarah asupan gizi kunci konsentrasi ajar optimal sambut singkat jam makan siang menu saji nasi ayam goreng tumis sayur buah jeruk susun standar gizi ketat tetap tim ahli gizi menteri madrasah komite sedia erat kualitas bersih tepat sedia makan siswa siswi mtsn jakarta sambut hidang antusias salah siswi kelas viii shafa nida zulfa aku senang menu saji makan enak porsi pas semangat ajar perut kenyang makan teman teman kelas seru salah wali kelas muhammad bangga antusiasme siswa senang anak anak semangat lambat anak anak tunggu tertib bangun biasa makan gizi disiplin total terima ompreng hasil distribusi kembali tertib siswa catat hadir evaluasi temu sisa makan bahan ajar sempurna giat program nur azijah harap tumbuh sama solidaritas siswa warga madrasah harap momen makan ajang ajar pola hidup sehat disiplin syukur nur azijah program fondasi bentuk karakter ajar siswa pola makan sehat sama tanggung sehat lingkung sekolah sabtu mei sabtu mei sabtu mei sabtu mei jumat mei kamis april rabu april ahad april rabu april kamis april senin april
Program Makan Bergizi Gratis (MBG): Investasi Gizi dan Ekonomi Daerah - Kementerian Keuangan,https://mediakeuangan.kemenkeu.go.id/article/show/program-makan-bergizi-gratis-investasi-gizi-dan-ekonomi-daerah,Kementerian Keuangan,Positif,0.9998921155929565,Positif,luncur program makan gizi gratis perintah tanda komitmen kuat negara tingkat kualitas gizi generasi muda daya ekonomi lokal juni anak sekolah hamil terima manfaat program perintah target terima angka wujud nyata visi bangun manusia indonesia unggul program hadir inovasi strategis lintas sasar akar sosial kurang gizi timpang bangun minim peluang kerja daerah bangun dapur komunitas libat laku ekonomi lokal tani nelayan umkm hasil cipta rantai pasok pangan daya adil negara hadir bentuk bantu bangun ekosistem ekonomi rakyat skala relatif sempurna program wajar kritik aspek regulasi tunjuk teknis pandang masuk konstruktif kuat program lemah semangat gotong royong nasional bangun perintah bukti responsif tantang dorong kuat regulasi luas koordinasi menteri lembaga buka ruang kolaborasi lintas program unggul presiden prabowo subianto arah bangun nasional fokus intervensi cegah tangan buruk makan gizi anak sekolah manusia rencana strategis jangka anak gizi tumbuh sdm kualitas fondasi indonesia emas manfaat sosial aspek ekonomi nyata daya dapur lokal serap produk pangan daerah lokomotif gerak ekonomi desa tantang ekonomi global potensi tingkat angka anggur perintah pihak rakyat program cipta lapang kerja tingkat dapat masyarakat daerah daerah sentuh program bangun perintah baik aspek akuntabilitas efektivitas program monitoring jenjang evaluasi bas data libat awas transparansi bangun jaga percaya publik mekanisme kanal adu audit independen program populis bijak negara rencana lanjut layak dukung perintah nyala obor inisiatif tugas jaga nyala semangat padam tantang bangsa indonesia hadir solusi konkret progresif pihak rakyat artikel dapat pribadi tulis cermin sikap instansi tulis
Mewujudkan Indonesia Sehat: Implementasi Program Makanan Bergizi Gratis di Tebing Tinggi sebagai Langkah Strategis Asta Cita - Website Resmi Pemerintah Kota Tebing Tinggi - Pemerintah Kota Tebing Tinggi,https://tebingtinggikota.go.id/berita/artikel/mewujudkan-indonesia-sehat-implementasi-program-makanan-bergizi-gratis-di-tebing-tinggi-sebagai-langkah-strategis-asta-cita,Pemerintah Kota Tebing Tinggi,Positif,0.999893307685852,Positif,program makan gizi gratis salah strategis wujud visi presiden republik indonesia prabowo subianto indonesia emas program luncur salah delapan misi asta cita kuat bangun manusia sdm laksana tuju atas gizi buruk stunting indonesia tumbuh kembang anak anak sehat hamil susu tingkat kualitas didik tanah air rangka visi nasionalindonesia emas perintah kota tebing komitmen nyata program makan gizi gratis anak anak usia sekolah program intervensi gizi integral strategi bangun manusia unggul sehat daya saing program strategi jangka cetak generasianak emas anak anak indonesia cerdas sehat karakter saing tingkat global perintah kota tebing sadar cerdas anak tentu didik formal kondisi sehat gizi otak fisik optimal sinergi lintas dukung komunitas dunia usaha lembaga swadaya masyarakat program harap luas tingkat kualitas evaluasi kala libat aktif masyarakat kunci lanjut program latar program program makan gizi gratis dilatarbelakangi tinggi angka stunting malnutrisi tantang daerah kota tebing perintah daerah dinas didik dinas sehat rancang program upaya preventif promotif anak asupan gizi tumbuh kritis luncur program sasar ribu siswa tingkat paud sd smp asal keluarga menu makan susun ahli gizi perhati butuh kalori protein vitamin mineral usia anak tuju sasar program tuju program kurang angka malnutrisi stunting masalah serius indonesia kelompok rentan kelompok liput balita anak anak hamil susu program tuju butuh gizi hari masyarakat kalang anak anak cukup standar angka cukup gizi akg pres perintah badan gizi nasional jalan tugas penuh gizi nasional sasar penuh gizi tugas arah kelompok serta didik jenjang didik anak usia didik dasar didik tengah lingkung didik didik juru didik agama didik khusus didik layan khusus didik pesantren program sasar kelompok target orang program kabupaten kota infrastruktur layan penuh gizi sppg depan program prioritas daerah daerah tinggal depan luar indonesia indonesia program resmi januari implementasi tahap cakup jenjang didik paud sma derajat wilayah kabupaten kota timbang sinambung fiskal respon tantang malnutrisi indonesia kurang gizi lebih gizi kurang zat gizi mikro data catat anak indonesia anemia sarap pola makan sehat kelompok rentan fase emas tumbuh dapur sentra layan penuh gizi sppg layan orang menu susun prinsip isi piring penuh butuh gizi hari program awas badan gizi nasional perintah daerah digital nasional jamin transparansi akuntabilitas kota tebing wali kota tebing iman irdian saragih penandatanganan nota paham mou badan gizi nasional perintah daerah pemda sumatera utara sumut sinergi kerjasama giat program makan gizi gratis kamis juni aula raja inal siregar kantor gubernur sumatera utara medan mou harap program anak anak indonesia gizi imbang program rancang gerak roda ekonomi daerah capai target presiden prabowo subianto capai target sumatera utara giat gubernur sumut bobby nasution tekan peran sinergitas kepala daerah sukses program makan gizi gratis penandatanganan mou perintah kota tebing resmi luncur program makan gizi gratis senin agustus pusat smp negeri kota tebing program inisiatif nasional tingkat asupan gizi anak sekolah tingkat didik dasar tengah giat launching masyarakat dukung penuh program kota tebing tekan sinergi perintah daerah legislatif laku usaha lokal program jalan lanjut sasar salur makan gizi gratis kota tebing serta didik jenjang didik smk negeri man tebing sekolah resmi canang kota tebing agustus nota paham mou badan gizi nasional program tuju sehat tingkat prestasi ajar siswa edukasi pola makan sehat masyarakat tengah program jangkau sekolah negeri wilayah kota tebing siswa terima porsi makan gizi karbohidrat lauk protein sayur segar buah buah lokal edukasi gizi kala siswa orang tua giat sekolah tulis agnes nabilla damanik
Program Makan Bergizi Gratis di Jember: Wujud Komitmen untuk Generasi Sehat - Pemkab Jember,https://www.jemberkab.go.id/program-makan-bergizi-gratis-di-jember-wujud-komitmen-untuk-generasi-sehat/,Pemkab Jember,Positif,0.9998586177825928,Positif,jember oktober perintah republik indonesia badan gizi nasional urus nahdlatul ulama pbnu kabupaten jember jawa timur kuat upaya tahan gizi nasional program makan gizi gratis program tuju penuh butuh gizi anak anak sekolah santri turun angka stunting daya masyarakat bas didik luncur program lokasi jember sinergi kuat perintah organisasi agama komunitas lokal wujud generasi sehat cerdas prestasi september dapur layan penuh gizi sppg makan gizi gratis taman kanak kanak anak bangsa tka pbnu kluster ii resmi operasi pondok pesantren bahrul ulum desa karangharjo camat silo kabupaten jember resmi ketua pbnu kh yahya cholil staquf kepala badan gizi nasional hidayana acara hadir urus pbnu asuh pesantren tokoh masyarakat wakil perintah daerah mitra strategis sambut kh yahya cholil staquf program wujud komitmen pesantren kuat tahan gizi mandiri pangan pesantren pusat bina akhlak motor gerak daya ekonomi sehat masyarakat hidayana sorot kolaborasi pbnu model sinergi efektif dapur sppg harap solusi nyata penuh butuh gizi santri masyarakat cepat turun angka stunting indonesia program jadi pesantren pusat edukasi gizi daya masyarakat lanjut dukung ppid kabupaten jember giat publikasi luas tingkat buka informasi publik sadar program gizi nasional oktober program makan gizi gratis resmi luncur mts negeri jember tanda konkret perintah penuh gizi siswa porsi makan gizi siap dapur sppg al qodiri jember bagi siswa acara penuh antusiasme program bijak nasional pimpin presiden prabowo subianto tingkat sehat prestasi akademik serta didik siswa sambut program gembira butuh asupan gizi tambah salah siswa syukur makan siang sehat gratis bantu ajar hadir babinsa lurah slawu serka muhammad hefny lancar aman acara cermin kolaborasi erat perintah daerah tni masyarakat oktober program resmi camat wuluhan tanda penandatanganan nota sepakat kepala sppg kepala sekolah wilayah acara gelar pendopo camat wuluhan hadir kapten infanteri had mukti danramil wuluhan kapolsek wuluhan iptu handoko ds camat wuluhan hanifah kepala sppg yayasan rawan cerdas didik maulana kapten had mukti program wujud perhati perintah generasi muda tni awal program jalan sukses lapang kapolsek handoko komunikasi lintas kunci hasil program camat hanifah tekan jaga kualitas bahan pangan perhati butuh khusus siswa alergi makan kepala sppg yayasan rawan cerdas didik maulana papar ikut standar operasional prosedur sop ketat guna garam yodium larang guna micin jaga bersih alat masak jadwal distribusi makan atur jenjang didik antar taman kanak kanak wib siswa sd kelas wib sesi dialog interaktif acara bahas aspek teknis mekanisme bersih wadah makan komitmen hasil program program makan gizi gratis jember sinergi pbnu sekolah sekolah nyata perintah masyarakat kuat tahan gizi nasional libat pesantren sekolah tni polisi perintah daerah program penuh butuh gizi anak anak bangun fondasi generasi sehat cerdas karakter kolaborasi lintas harap luas capai target nasional tekan angka stunting tingkat kualitas manusia indonesia
Dinkes Pastikan Program Makan Bergizi Gratis di Kota Bandung Aman untuk Anak Sekolah - Jabarprov,https://www.jabarprov.go.id/berita/dinkes-pastikan-program-makan-bergizi-gratis-di-kota-bandung-aman-untuk-anak-sekolah-21253,Jabarprov,Positif,0.9998419284820557,Positif,nilai adu warga aksesibilitas akses cepat
Krisis Makan Bergizi Gratis: Retaknya Kepercayaan Publik - Universitas Andalas,https://unand.ac.id/berita/opini/1504-opini-mahasiswa-mbg-program-pemerintah-janji,Universitas Andalas,Negatif,0.999862790107727,Negatif,program makan gizi gratis luncur perintah prabowo subianto hadir janji sedia makan gizi anak sekolah tuju mulia bangun generasi sehat cerdas fondasi visi indonesia emas gizi program simbol komitmen negara anak anak sabang merauke harap pudar nyata pahit anak lapor racun santap makan program baru kabupaten banjar kalimantan selatan puluh siswa lari rumah sakit makan duga layak bukti nyata gagal krisis sehat guncang percaya masyarakat perintah piring sekolah janji gizi kelola optimal khawatir rasa orang tua indonesia bayang jawa barat izin anak nikmat makan siang gratis sekolah harap anak gizi kabar buruk anak muntah muntah makan kandung belatung kalimantan kisah hiu goreng layak konsumsi picu racun massal realitas visi revolusi gizi janji januari lapor racun muncul jawa papua cipta trauma rasa anak anak orang tua pandang makan sekolah curiga survei informal bbc ribu orang tua tolak anak sentuh makan media sosial gizi racun perintah takut reaksi cermin retak ikat rakyat negara janji kampanye tabrak nyata lapang gagal lepas kelola tingkat lokal kontraktor sedia makan abai standar bersih tekan biaya lapor tempo ungkap pasok koneksi politik pilih bahan baku murah awas ketat hasil makan standar gizi daerah makan basi kontaminasi siswa ungkap respons perintah lamban prabowo perintah kepala badan gizi nasional selidik rencana diri awas pangan gizi kes solusi lambat alih alih buka dialog buka masyarakat lapor publik audit independen perintah cenderung salah faktor eksternal cuaca rantai pasok sikap dalam ketidakpercayaan orang tua suara dengar dampak krisis lampau sehat anak anak jatuh sakit program lindung percaya masyarakat perintah runtuh kabupaten banjar dprd tuntut investigasi betapa serius dampak lokal gagal media sosial tagar stopmbg gizibukanracun wadah marah publik cermin krisis rembet ranah digital daftar racun massal wikipedia januari catat puluh insiden gambar pola gagal akibat rapuh orang tua pilih emas bekal beban uang keluarga trauma henti partisipasi lemah percaya inisiatif perintah cipta lingkar ketidakpercayaan sulit putus krisis singkap timpang visi perintah pusat realitas daerah rancang jakarta anggar triliun laksana tingkat lokal kacau sekolah kurang fasilitas simpan makan awas kualitas pangan timpang logistik kurang komunitas lokal perintah libat orang tua guru umkm lokal cegah dekat pusat cipta celah bijak butuh masyarakat proyek elitis realitas rakyat mahasiswa ilmu politik semester tiga krisis panggil ubah terus bentuk perintah alih model libat komunitas lokal kelola awas seleksi pasok transparan audit ketat independen kpk lsm percaya komunikasi masyarakat baik platform digital lapor real time kualitas makan baik pulih percaya publik luka program satu bangsa pecah belah transparansi rakyat percaya bangun krisis makan gizi gratis ingat janji politik wujud tindak nyata anak anak makan aman sekolah takut racun piring baru bicara indonesia maju luka buka perut anak anak hati bangsa tulis giana dwita syakila mahasiswi departemen ilmu politik universitas andalas contact us follow us universitas andalas
"BGN Fasilitasi Akses Validasi Data MBG, Publik Bisa Cek Langsung, Ini Linknya - Kompas.com",https://nasional.kompas.com/read/2026/04/23/15452661/bgn-fasilitasi-akses-validasi-data-mbg-publik-bisa-cek-langsung-ini-linknya,Kompas.com,Netral,0.8872650861740112,Positif,fasilitas akses validasi data publik cek linknya tim redaksi jakarta kompas com badan gizi nasional fasilitas akses validasi data terima manfaat program makan gizi gratis buka masyarakat mang penting daerah kece mudah wakil kepala operasional penuh gizi sony sonjaya publik akses laman resmi data terima manfaat catat akses url validasidatapm go id sila cek sekolah data sony gedung jakarta kamis buka akses pantau data kepala lurus sapi butuh hari andai akses level akses manfaat lintas menteri perintah daerah cepat proses validasi akurat integrasi menteri agama kemendikdasmen duk bangga menteri sehat akses data sony akses data sedia tingkat pusat jangkau perintah daerah kabupaten kota terima manfaat akurat wilayah tahap cepat validasi sedia laman khusus mang penting lapang kece data cepat validasi data prioritas daerah rawan pangan stunting validasi data bangun cepat kepala desa camat bupati kepala dinas kepala sekolah kepala posyandu kembang integrasi data komprehensif melaluiapplication programming interface api sinkron data menteri wali data sony merinci data serta didik tk paud sd smp sma slb pkbm menteri didik dasar tengah data madrasah pondok pesantren kelola menteri agama tim optimalisasi bentuk anggar efisien data balita hamil susu sumber menteri duduk bangun keluarga menteri sehat total kabupaten kota prioritas daerah masuk kategori rawan pangan daerah golong wilayah tingkat miskin daerah prevalensistuntingtinggi data acu najam sasar program sasar copyright kompas cyber media kompas gramedia digital group all rights reserved
BGN anggarkan tablet hingga semir sepatu senilai miliaran rupiah - BBC,https://www.bbc.com/indonesia/articles/crr110erpyeo,BBC,Negatif,0.9994681477546692,Negatif,foto ada tablet sarjana gerak bangun indonesia sppi badan gizi nasional nilai duga harga pasar amat alarm serius tata kelola uang negara tablet ada kait sppi makan anggar miliar rupiah butuh sandang pakai dinas sweater celana sepatu topi ikat pinggang kaos ransel semir sepatu nominal miliar masuk paket total nilai triliun pos anggar praktik potensi inefisiensi buka ruang simpang ada barang jasa acu standar biaya rasional bas harga pasar manajer manajemen tahu komunikasi seknas fitra betta anugrah tian selasa temu harga indikasi lemah rencana anggar optimal proses survei pasar kepala divisi hukum investigasi indonesia corruption watch icw wana alamsyah ada muncul duga unsur lawan hukum duga gelembung anggar acu informasi rencana ada sirup opsi anggar nilai kontrak ada paket alat tik tablet capai miliar nilai kontrak bagi sembilan paket ada praktik duga hindar kategori ada kompleks syarat tentu tambah wajib oleh dapat ahli hukum kontrak guna metode prakualifikasi wana baca komisi berantas korupsi kpk turun tangan lidi bukti program prioritas presiden kebal hukum berani tindak duga langgar terang benderang sisi barang nilai tuju penuh gizi program makan gizi gratis naung nurphoto via getty images pisah juru bicara kpk budi prasetyo informasi tinggi harga perangkat tablet beli ada bahan evaluasi serius kpk jalan fungsi koordinasi supervisi ada barang jasa salah rawan tindak pidana korupsi kpk dorong digitalisasi proses ada barang jasa dorong efektivitas efisiensi budi kepala aku ada salah satu ada laptop capai berita ada barang barang kondisi riil lapang liput dalam bbc indonesia whatsapp whatsapp bbc indonesia telusur melaluidata inaproc situs ada barang kelola lembaga bijak ada barang jasa perintah lkpp daritrackingdata realisasi anggar paket total nilai triliun acu data porsi anggar besar ada kendara roda sedia yasa artha trimanunggal capai triliun harga motor roda merk emmo rencana beli catat harga sedia total anggar ada bagi harga sedia oleh motor klaim bgnhanya realisasi target beli motor listrik harga pasar beli salah harga pasar wartawan istana negara jakarta rabu ada tablet sppi anggar besar ada barang jasa sembilan sedia pilih metodee purchasing mitrawira hutama teknologi grosir ria jaya oleh paket nilai tinggi ada tablet situs inaproc mitrawira hutama teknologi barang samsung galaxy tab active harga asumsi harga sedia pagu anggar capai miliar tablet soal harga samsung galaxy tab active lokapasar kisar pisah coba klarifikasi sebut butuh banyak kait laptop tablet bincang publik telusur situs inaproc duga laptop sasar lenovo gen intel ultra kisar harga sedia simulasi total anggar laptop miliar bagi harga rendah laptop oleh laptop harga laptop kisar lokapasar lacak tablet bbc indonesia temu ada barang nilai amat tuju tingkat gizi barang barang komponen sandang untuk sppi semir sikat semir capai miliar ada kaos catat miliar ikat pinggang miliar handuk total sentuh miliar semir harga temu inaproc kisar lokapasar harga barang barang barang temu toko sedia nama masuk daftartrackingdata realisasi aksesoris komponen sandang tinggi ada pakai dinas miliar susul ada seragam seragam taktikal total miliar ada sepatu miliar jumlah komponen sandang makan anggar miliar ketimbang biaya latih daya umkm latih jamah makan capai miliar jasaevent organiseryang sorot anggar keluar jasa miliar manajer manajemen tahu komunikasi seknas fitra betta anugrah tian tekan potensi inefisiensi ada barang jasa tentang efisiensi anggar gaung perintah ulang kali betta indonesia mitigasi tahan risiko inefisiensi anggar tekan fiskal rupiah apbn prioritas dampak masyarakat ada harga pasar potensi boros kurang ruang fiskal butuh betta selisih harga signifikan buka ruangmoral hazard bentukmark up atur vendor praktik transparan untukitemseperti tablet jasa eo relatif mudah banding harga pasar screenshot inaproc turut publik spesifikasi tablet beli butuh jasa eo guna anggar ruang lingkup kerja transparansi sulit wajar harga bayar negara betta coba simulasi harga kira kasar harga pasar tablet harga ada selisih ada potensi boros miliar simulasi lembaga fitra dorong proses telusur aparat awas internal perintah apip lembaga eksternal bpk indikasi langgar ditindaklanjuti transparan selisih harga integritas kelola anggar publik perintah proses ada akuntabel transparan pihak penting publik penting gelintir betta pisah kepala divisi hukum investigasi indonesia corruption watch icw wana alamsyah dapat selisih harga indikasi dugaanmark upsekitar kait ada tablet total potensi gelembung anggar capai miliar indikasi langgar mekanisme pilih sedia pasal atur presiden guna anggar kepala tugas tetap sedia paket ada nilai miliar data realisasi patut duga pecah paket ada ada ada tablet paket nilai kontrak tentang pasal ayat atur presiden serta ubah larang pecah paket ada tuju hindar tender seleksi telusur pres metode pembeliane purchasingini buka peluang ada barang nila miliar tetap menang sedia guna anggar kepala tender acu barang barang katalog inaproc harga mahal ketimbang pasar pres ubah atur purchasingbisa ada barang jasa cantum katalog elektronik beda pres opsi katalog elektronik toko daring beli betta anugrah tian fitra barang anggar sasar ada barang jasa dominasi perlu penuh gizi anak
"Gaduh BGN Beli Semir dan Sikat Sepatu hingga Rp 1,5 Miliar, Ini Penjelasannya - detikHealth",https://health.detik.com/berita-detikhealth/d-8451217/gaduh-bgn-beli-semir-dan-sikat-sepatu-hingga-rp-1-5-miliar-ini-penjelasannya,detikHealth,Netral,0.9998757839202881,Negatif,ada semir sikat sepatu nila miliar badan gizi nasional ramai bincang kepala buka suara duduk perkara ada beli semir sikat sepatu butuh didik latih program sarjana gerak bangun indonesia sppi program serta komponen dukung program makan gizi gratis to continue with lengkap didik serta sppi wartawan jumat turut anggar didik sppi asal proses ada barang semir sikat sepatu skema swakelola tipe ii libat universitas tahan ada universitas tahan merinci ada masuk tujuh paket lengkap orang lapang serta sppi total nilai ada capai miliar rinciannya semir sepatu miliarsikat semir hitung harga semir sepatu beli sikat semir ada untuk serta sppi ikut didik latih data realisasi ada lembaga bijak ada barang jasa perintah paket ada semir sikat sepatu catat kontrak jalan sedia mekanisme ada perintah proses ikut mekanisme laku sebut lengkap butuh standar tunjang giat lapang serta program
Badan Gizi Nasional Tegaskan Undangan Bimtek Pengelolaan SPPG 2026 Adalah Dokumen Palsu - InvestorTrust,https://investortrust.id/national/102025/badan-gizi-nasional-tegaskan-undangan-bimtek-pengelolaan-sppg-2026-adalah-dokumen-palsu,InvestorTrust,Netral,0.9487238526344299,Netral,jakarta investortrust id badan gizi nasional resmi klarifikasi edar dokumen undang giat bimbing teknis bimtek kelola layan penuh gizi sppg nasional catut nama institusi sekretaris terang resmi terbit jakarta jumat surat dokumen resmi negara hasil telusur internal dokumen terbit sekretariat kerja lingkung bentuk giat mengatasnamakan undang tanggung lembaga sikap temu biro hukum humas keluar ingat keras cegah tipu masyarakat mang penting imbau tingkat waspada potensi penyalahgunaan nama instansi perintah masyarakat mang penting harap menindaklanjuti undang cermat verifikasi absah dokumen edar bunyi imbau resmi dikutipantara bappisus tegas anggar motor listrik ukur bantah kritik publik antisipatif informasi undang mengatasnamakan lembaga konfirmasi kanal komunikasi resmi hindar potensi rugi material immaterial jaga integritas program makan gizi gratis sedia layan adu masyarakat dapat informasi curiga melaluicall center kenal sentra adu gizi interaktif sagi kanal siap layan kritik saran adu baik tata kelola program surat palsu edar luas undang kelola sppg mitra hadir acara balai sudirman jakarta senin mei surat murni tindak tipu masyarakat sepenuh abai informasi sesat
"Dukung Tertib Arsip Program MBG, ANRI Gelar Bimtek untuk Badan Gizi Nasional - Arsip Nasional Republik Indonesia",https://www.anri.go.id/publikasi/berita/dukung-tertib-arsip-program-mbg-anri-gelar-bimtek-untuk-badan-gizi-nasional,Arsip Nasional Republik Indonesia,Positif,0.9981881976127625,Positif,dukung tertib arsip program anri gelar bimtek badan gizi nasional apr jakarta arsip nasional republik indonesia anri tata kelola arsip lingkung badan gizi nasional selenggara bimbing teknis bimtek kelola arsip aktif deputi tata kelola arsip nasional andi abubakar tekan anggar program makan gizi gratis alokasi kawal tata kelola arsip angka fantastis kawal tata kelola arsip tertib timbul andi giat mandat undang undang rencana bangun jangka tengah selenggara arsip bicara program jalan sadar program anggar negara cipta arsip papar program makan siang gratis komite gizi batavia bentuk programde pret bonden era presiden soeharto kenal program beri makan tambah anak sekolah pmtas perintah presiden prabowo subianto wakil presiden gibran rakabuming raka lanjut tradisi program makan gizi gratis arsip bukti pertanggungjawaban kerja bahan evaluasi bijak ajar sosial dasar sempurna program andi alam pahit indonesia kalah sengketa wilayah lemah sedia arsip arsip dimensi politik tentu daulat negara tenaga ahli badan gizi nasional sumirat kriswasana wakil sekretaris sarwono kelola arsip aktif tata naskah dinas lingkung atur atur badan ubah atur atur pedoman susun kelola kendali naskah dinas kait kelola arsip informasi bimtek harap mantik program anggar arsip cipta jalan tertib kelola gizi tahan pangan bangsa indonesia giat tuju sukses program wujud tata kelola arsip transparan akuntabel bagi views
"Sejarah Badan Gizi Nasional (BGN): Dibentuk Jokowi, Dibesarkan Prabowo - National Geographic Indonesia",https://nationalgeographic.grid.id/read/134372162/sejarah-badan-gizi-nasional-bgn-dibentuk-jokowi-dibesarkan-prabowo,National Geographic Indonesia,Netral,0.9998778104782104,Netral,berita iklan gabung national geographic minggu april wib utomo priyambodo utomo priyambodo reporter kepala badan gizi nasional nationalgeographic co id badan gizi nasional lembaga urus program makan gizi gratis bentuk joko widodo jokowi kuasa lembaga tanggung presiden kutip lamansekretariat kabinet republik indonesia bentuk atur presiden republik indonesia pres pres tetap undang laku agustus tetap pres jokowi resmi lengser jabat presiden republik indonesia oktober prabowo lantik presiden pilih bentuk jokowi orang pilih lantik kepala jokowi lantik kepala badan gizi nasional senin agustus istana negara jakarta alas jokowi bentuk alas jokowi bentuk dasar bentuk program presiden pilih prabowo subianto prabowo program populis makan gizi gratis gin badan gizi nasional bentuk laksana program prioritas presiden pilih lantik kepala badan gizi istana negara jakarta kutip lamandewan timbang presiden republik indonesia alas bentuk era jokowi alih alih prabowo jabat dosen institut tani bogor ipb program studi entomologi alas bentuk kait siklus anggar pasal anggar masuk nota uang bentuk januari pres bentuk era jokowi lanjut perintah isi pasal ayat pres badan gizi nasional sasar penuh gizi tugas fungsi serta didik jenjang didik anak usia didik dasar didik tengah lingkung didik didik juru didik agama didik khusus didik layan khusus didik pesantren penuh gizi anak usia hamil susu siswa sdn benua kayong kabupaten ketapang kalimantan barat gejala racun santap menu makan siang program makan gizi gratis selasa sejarah budaya arkeologi paleontologi berita arkeologi paleontologi sejarah budaya
Kata BGN Soal MBG Butuh 19 Ribu Ekor Sapi Per Hari - Tempo.co,https://www.tempo.co/politik/kata-bgn-soal-mbg-butuh-19-ribu-ekor-sapi-per-hari-2131085,Tempo.co,Netral,0.9997897744178772,Netral,kepala badan gizi nasional dadanhindayanamengklarifikasi nyata sebut butuh daging sapi program makan gizi gratis capai ribu ekor angka skenario simulasi hitung butuh daging asumsi layan penuh gizi sppg serentak masak menu bahan daging sapi dosen ipb university butuh riil lapang capai angka andai sppg perintah tanggal sekian masak sapi tinggal jumlah sppg kali ekor sapi kutip laman kamis april lanjut baca berita iklan kali masak butuh daging sapi sppg capai kilogram tara ekor sapi asumsi sppg masak menu bahan serentak hari ribu ekor sapi butuh sjafrie temu pensiun tni jelang buruh terap bijak menu seragam nasional hindar lonjak butuh bahan pangan dampak harga pasar contoh peristiwa raya ingat ulang presiden prabowo subianto oktober sppg serentak masak menu nasi goreng telur ceplok butuh telor capai butir butuh butir telur ton dampak harga telur prabowo cemas gejolak buruh alam pilih dekat fleksibel susun menu sesuai potensi lokal preferensi masyarakat daerah daya potensi lokal suka masyarakat lokal tekan konsumsi nyata butuh daging sapi sorot potong video nyata viral media sosial nyata presiden prabowo subianto rapat kabinet gelar senin desember temu lapor dapur sembelih ekor sapi penuh butuh protein hewani anak anak terima target buka sppg hitung butuh ribu ekor sapi hari ribu sppg ribu sapi potong program bulan kali tinggal kali prabowo pilih editor harga wajar ada barang
"Dukung Tertib Arsip Program MBG, ANRI Gelar Bimtek Khusus untuk Badan Gizi Nasional - Arsip Nasional Republik Indonesia",https://www.anri.go.id/en/publications/news/dukung-tertib-arsip-program-mbg-anri-gelar-bimtek-khusus-untuk-badan-gizi-nasional,Arsip Nasional Republik Indonesia,Positif,0.9994571805000305,Positif,dukung tertib arsip program anri gelar bimtek khusus badan gizi nasional apr jakarta jakarta arsip nasional republik indonesia anri selenggara bimbing teknis bimtek kelola arsip aktif lingkung badan gizi nasional giat tuju sukses program prioritas presiden makan gizi gratis wujud tata kelola arsip transparan akuntabel sambut buka acara deputi tata kelola arsip nasional andi abubakar giat mandat undang undang rencana bangun jangka tengah selenggara arsip bicara program jalan sadar program anggar negara cipta arsip andi tekan anggar program makan gizi gratis alokasi kawal tata kelola arsip angka fantastis kawal tata kelola arsip tertib timbul jalan sambut baca tenaga ahli badan gizi nasional sumirat kriswasana wakil sekretaris badan gizi nasional sarwono kelola arsip aktif tata naskah dinas lingkung badan gizi nasional atur atur badan gizi nasional ubah atur badan gizi nasional atur pedoman susun kelola kendali naskah dinas kait kelola arsip papar program makan siang gratis komite gizi batavia bentuk program de pret bonden era presiden soeharto kenal program beri makan tambah anak sekolah pmtas perintah presiden prabowo subianto wakil presiden gibran rakabuming raka lanjut tradisi program makan gizi gratis arsip bukti pertanggungjawaban kerja bahan evaluasi bijak ajar sosial dasar sempurna program andi alam pahit indonesia kalah sengketa wilayah lemah sedia arsip arsip dimensi politik tentu daulat negara giat bimtek harap mantik program anggar arsip cipta jalan tertib kelola gizi tahan pangan bangsa indonesia bagi views
Belanja Aneh Badan Gizi Nasional - Tempo.co,https://www.tempo.co/data/data/belanja-aneh-badan-gizi-nasional-2130779,Tempo.co,Negatif,0.998623251914978,Negatif,wacana hemat anggar akibat naik harga minyak dunia ada barang jasa badan gizi nasional tuai sorot bau korupsi cium lantar barang beli harga pasar usaha sedia sangkut rasuah ada sangkut paut sedia makan gizi gratis gelontor anggar triliun sewa jasa selenggara acara eo beli sepeda motor listrik handuk mandi sikat semir sepatu kepala motor listrik operasional kepala layan penuh gizi sppg lanjut baca berita iklan jasa eo tangan giat skala tangan internal beli handuk sikat semir butuh didik latih sarjana gerak bangun indonesia sppi barang beli harga pasar contoh harga tablet samsung galaxy tab active sedia situs inaproc milik lembaga bijak ada barang jasa perintah capai harga jual situs resmi samsung tengah deputi hukum lkppsetya budi arijanta harga katalog inaproc harga final batas usaha sedia barang sebut harga harga pasar beli retail ataureseller faisal javier tulis media lab tempo lulus universitas airlangga surabaya hubung internasional
Badan Gizi Nasional Bantah Program Makan Bergizi Penyebab Balita Meninggal - Babel Insight,https://www.babelinsight.id/bgn-bantah-makan-bergizi-gratis-penyebab-kematian,Babel Insight,Netral,0.9997615218162537,Netral,badan gizi nasional resmi ban kabar balita usia dicianjurmeninggal dunia akibat konsumsi makan programmakan gizi gratis tegas susul hasil investigasi tim prosedur salur makan wilayah wakil kepala komunikasi publik investigasi nanik sudaryati deyang informasi kait program perintah mati korban akurat jelas resmi publik senin tinggal bayi usia cianjur program nanik terang pers senin nanik papar layan penuh gizi sppg sukasirna leles salur makan terima manfaat april lapor terima lansir nasional menu saji telur dadar mie kecap buah susu santap fakta investigasi ungkap asupan konsumsi korban paket makan sedia negara malam pagi telah malam hari esok pagi orang tua anak tambah makan apel susu formula beli mandiri program nanik muncul gejala klinis anak catat pasca beri makan program tepat april nanik indikator aman pangan ribu terima manfaat keluh indikator makan salur kondisi aman layak konsumsi merinci kronologi konsumsi makan korban anak kali makan paket selasa april rabu april sang balita lapor makan jatah tolak makan kamis april wib kondisi sehat anak turun drastis gejala ganggu cerna duka cita dalam dalam pulang ananda abdul bais moga keluarga tinggal tabah kuat nanik terang resmi otoritas gizi kuat nyata keluarga korban menep kait mati anak program perintah sahjanudin ayah balita konfirmasi peristiwa duka murni sebab faktor medis orang tua abdul bais mati anak murni sakit hubung dapur sppg sukasirna leles
"Badan Gizi Nasional Anggarkan Rp 5,7 Miliar untuk Koordinasi Virtual - Babel Insight",https://www.babelinsight.id/anggaran-zoom-badan-gizi-nasional,Babel Insight,Negatif,0.9934565424919128,Negatif,badan gizi nasional alokasi anggar layan konferensi video miliar koordinasi programmakan gizi gratis alokasi tuai sorot masyarakat media sosial kalkulasi tara keluar sorot publik muncul akibat khawatir efisiensi belanja perintah lansir detik health jumat salah komentar warganet alas boros upaya efisiensi galak perintah mana efisiensi boros tulis salah netizen kepala klarifikasi ada layan virtual infrastruktur vital lancar program strategis nasional besar jangkau koordinasi tingkat pusat laksana daerah alas kuat komunikasi digital program makan gizi libat pusat perintah daerah layan laksana lapang situasi koordinasi cepat serentak dokumentasi hasil program kepala jelas platform enterprise pusat kendali pusat data informasi pusdatin fasilitas rancang kapasitas guna aktif tampung audiens serta sesi pesan arah pedoman program terima utuh laksana daerah butuh kerja jaga kualitas program tutup komunikasi operasi jenjang struktur organisasi pimpin eselon kepala layan penuh gizi sppg pelosok daerah guna cakup agenda bimbing teknis sosialisasi bijak edukasi publik masif
"Cegah Stunting, Badan Gizi Nasional Operasikan 19 Titik Layanan di Sleman - InfoPublik",https://infopublik.id/kategori/nusantara/965745/cegah-stunting-badan-gizi-nasional-operasikan-19-titik-layanan-di-sleman,InfoPublik,Positif,0.9986888766288757,Positif,sosialisasi layan penuh gizi sppg gelar ruang temu kalurahan lumbungrejo kapanewon camat tempel sleman senin olehmc sleman selasa april wib redaktur eko budiono sleman infopublik badan gizi nasional kuat tahan gizi masyarakat optimal peran kader sehat ujung tombak edukasi sleman upaya sosialisasi layan penuh gizi sppg gelar ruang temu kalurahan lumbungrejo kapanewon camat tempel sleman senin giat tuju selaras program penuh gizi nasional butuh rill tingkat desa paham dalam kader intervensi cegah stunting kurang gizi kronis kelompok rentan kepala sppg tempel margorejo fauzi adam sppg layan strategis kelola sedia makan gizi program fungsi distribusi menu penuh standar gizi imbang tumbuh kembang manusia sppg hadir pusat layan gizi sedia makan sehat intervensi perintah cegah gizi stunting layan sasar kelompok butuh balita hamil susu siswa tengah juru fauzi adam papar hadap kader sehat kalurahan lumbungrejo implementasi sppg wilayah tempel rutin distribusi paket makan komposisi gizi lengkap cakup protein hewani lele ayam protein nabati sayur buah buah titik layan operasi wilayah kabupaten sleman strategi nasional kuat tahan pangan gizi bas wilayah program apresiasi positif perintah kalurahan lumbungrejo kamituwa lumbungrejo suwanto ada kader sehat krusial jembatan informasi program manfaat maksimal masyarakat harap sosialisasi manfaat nyata kader informasi gizi masyarakat luas paham masyarakat sadar jaga pola makan sehat keluarga suwanto kolaborasi lintas libat tenaga sehat partisipasi aktif kader desa paradigma penuh gizi kabupaten sleman geser upaya obat cegah lanjut preventif harap cetak manusia kualitas daya saing sbd kim senyum tempel
Badan Gizi Nasional Beri Sanksi Tegas Pengelola Dapur Bermasalah - Babel Insight,https://www.babelinsight.id/bgn-sanksi-pengelola-dapur-gizi,Babel Insight,Negatif,0.99735426902771,Netral,badan gizi nasional ambil layan penuh gizi sppg langgar standar operasional prosedur kelola dapur makan gizi gratis disiplin konfirmasi otoritas minggu april evaluasi awas lapang lansir detik finance langgar temu cakup ketidaksesuaian bangun abai aspek sanitasi direktur wilayah ii deputi pantau awas albertus doni dewantoro kelola dalih atur sosialisasi pura pura pura pura kondisi line out case kepala sppg lupa mitra ubah ganti kepala sppg banyak alas doni unggah akun youtube minggu tinjau lapang guna rumah tinggal dapur kali picu serius buang limbah kondisi bangun paksa ubah fungsi nilai penuh standar layak operasional tetap perintah sidak lokasi sppg lihat rumah trouble ipal instalasi olah air limbah nya salur buang masalah situ doni terap prosedur beri sanksi tahap surat ingat sp henti suspend mitra baik signifikan lembaga segan hubung mitra administratif surat pimpin biar administrasi putus kerjasama pks tarik terang doni pasuk triwulan tetap periode eksekusi longgar baik januari putus ambil proses evaluasi dapur penuh standar higienitas ketat triwulan eksekusi kemarin sosialisasi suka nggak suka triwulan awal suspend doni fokus awas letak tata letak dapur pintu akses beda bongkar muat distribusi bersih wadah sedia fasilitas tinggal staf ahli gizi akuntan wajib awas operasional terus sop nya pintu pintu area distribusi bersih food tray fokus cuci ompreng kontaminasi terang doni
Badan Gizi Nasional Hindari Penyeragaman Menu Makan Bergizi Gratis - Babel Insight,https://www.babelinsight.id/bgn-hindari-penyeragaman-menu-makan,Babel Insight,Netral,0.8629825711250305,Positif,kepala badan gizi nasional putus seragam menu programmakan gizi gratis wilayah indonesia kamis ambil cegah lonjak harga pangan akibat tekan minta komoditas bijak tuju maksimal manfaat potensi pangan daerah upaya sesuai saji makan selera masyarakat program efektif lanjut lansir money daya potensi lokal suka masyarakat lokal tekan konsumsi perintah menu nasional tekan harga risiko naik harga bukti simulasi raya ulang presiden prabowo subianto oktober menu seragam nasi goreng telur terima butuh butir telur ton dampak harga telur klarifikasi informasi butuh ekor sapi angka simulasi teknis layan penuh gizi sppg masak daging sapi serentak andai sppg masak daging sapi butuh ekor sppg perintah tanggal sekian masak sapi tinggal jumlah sppg kali ekor sapi sisi efisiensi anggar fokus instansi wakil kepala nanik deyang konfirmasi bentuk tim optimalisasi sisir data terima manfaat bantu sasar buang sia sia senin sisir terima manfaat anggar efisien hindar boros uang negara sampah makan food waste akibat makan siswa nanik tim verifikasi lapang sekolah sekolah swasta elit sekolah negeri kawasan mapan dekat kuesioner siswa sekolah butuh sedia terima program sekolah negeri siswa kalang siswa bekal bagus bawa uang saku jajan kantin nanik proses sisir meta wilayah dki jakarta luas daerah indonesia
Badan Gizi Nasional Alokasikan Triliunan Rupiah untuk Pengadaan Operasional - Babel Insight,https://www.babelinsight.id/pengadaan-barang-badan-gizi-nasional,Babel Insight,Netral,0.9998594522476196,Netral,badan gizi nasional realisasi anggar belanja jasa event organizer ada puluh ribu kendara operasional april ambil kuat infrastruktur lembaga jalan program strategis nasionalmakan gizi gratis wilayah indonesia lansir detik health belanja cakup guna jasa tiga miliar batas personel internal kepala jelas urgensi pakai tenaga profesional fase bentuk struktur organisasi lembaga lembaga bentuk jalan program strategis nasional fase bangun struktur organisasi tata kelola operasional tahap internal sepenuh tangan butuh giat skala mandiri kepala guna jasa klaim bantu efisiensi birokrasi tertib lapor uang manajemen tekan dokumentasi tiga mudah proses audit instansi awas mudah audit awas dokumentasi jasa konsultasi konfirmasi ada motor listrik kepala layan penuh gizi sppg rencana anggar proses bayar tahap regulasi uang laku selasa ada motor listrik rencana anggar dukung operasional program beber kepala ada semir sikat sepatu nila miliar butuh serta didik sarjana gerak bangun indonesia sppi siap lengkap laksana mekanisme swakelola institusi didik militer jumat lengkap didik serta sppi kepala realisasi motor listrik capai persen total kontrak sisa anggar selesai sedia kembali sepenuh kas negara batas maret
Langkah Baru Badan Gizi Nasional Agar Program MBG Tepat Sasaran - Liputan6.com,https://www.liputan6.com/news/read/6321965/langkah-baru-badan-gizi-nasional-agar-program-mbg-tepat-sasaran,Liputan6.com,Netral,0.998336911201477,Positif,liput com jakarta badan gizi nasional fokus salur programmakan gizi gratis kabupaten kota masuk kategori wilayah pendudukmiskin ambil intervensi gizi perintah sasar kelompok rentan hamil susu balita santri fokus duduk miskin data kabupaten kota nyata wilayah duduk miskin wakil kepala operasional penuh gizi sony sonjaya rapat koordinasi selaras data terima manfaat gedung kebon sirih jakarta pusat kamis miskin indikator distribusi rawan pangan prevalensi stunting kuat tepat sasar program sony jabar kabupaten kota rawan pangan kabupaten kota prevalensi stunting data data program distribusi arah kelompok kelompok total sony ratus wilayah prioritas program lapang peta informasi laksana lapang khusus kabupaten kota utama ya kelompok rawan pangan duduk miskin prevalensi stunting sisi kuat basis data terima manfaat salur bantu meleset data terima selaras libat menteri wali data duduk integrasi data ya intervensi tugas wali data user guna data sony
Badan Gizi Nasional Prioritaskan 405 Daerah Terkait Makan Bergizi Gratis - Babel Insight,https://www.babelinsight.id/bgn-prioritas-makan-bergizi-gratis,Babel Insight,Netral,0.9941512942314148,Positif,badan gizi nasional cepat validasi integrasi data terima manfaat programmakan gizi gratis sasar kabupaten kota prioritas kamis wilayah pilih kriteria rawan pangan tingkatkemiskinan prevalensi stunting cepat tuju distribusi bantu nutrisi sasar kelompok masyarakat butuh lansir nasional meta wilayah cakup daerah daerah tantang gizi kompleks indonesia data data distribusi arah kelompok kelompok total kabupaten kota wakil kepala operasional penuh gizi sony sonjaya rincian teknis kabupaten kota masuk kategori rawan pangan wilayah populasi duduk miskin kabupaten kota catat angka prevalensi stunting signifikan kuat akurasi data kolaborasi lintas menteri pegang otoritas data integrasi libat menteri didik dasar tengah menteri agama menteri sehat menteri duduk bangun keluarga data terima manfaat valid wali data sony data serta didik jenjang sekolah paud sekolah sumber menteri didik sisi data lembaga didik agama madrasah pesantren kelola mandiri menteri kelompok balita hamil susu data pasok menteri sehat menteri tangan urus duduk sony lembaga tindak guna data ubah tugas pokok menteri intervensi tugas wali data guna data butuh data integrasi tabel sony satu basis data selaras acu kerja menteri instruksi presiden tabel integrasi validasi terima manfaat harap akurat banding periode
Badan Gizi Nasional Antisipasi Hoaks Program Makan Bergizi Gratis - Babel Insight,https://www.babelinsight.id/bgn-antisipasi-hoaks-makan-bergizi,Babel Insight,Netral,0.9998225569725037,Netral,badan gizi nasional antisipasi marak hoaks programmakan gizi gratis ruang digital jumat upaya tuju cegah kesalahpahaman publik strategi komunikasi resmi struktur sebar informasi temu daerah lansir nasional tegas kondisi lapang kepala biro hukum humas badan gizi nasional khairul hidayat kunjung dinas sulawesi utara informasi fakta lapang hida rangka kunjung dinas dinas komunikasi informatika diskominfo sulut kutip siar pers jumat hida tekan kolaborasi perintah daerah kunci informasi program masyarakat akurat kuat kanal informasi nilai desak transparansi data dipertanggungjawabkan kuat mas informasi masyarakat informasi dipertanggungjawabkan jalin mitra strategis menteri komunikasi digital komdigi tingkat pusat kerja cakup tingkat literasi masyarakat sedia bantu hukum temu kendala fokus program ekosistem informasi sehat timbul bingung masyarakat informasi fokus perhati kuat tugas satgas daerah sulawesi utara menteri negeri cepat efektivitas kerja tingkat wilayah harap daerah mitra aktif sosialisasi program komunikasi kuat pintu informasi meminimalkandisinformasidi masyarakat imbuh
"Sosialisasi MBG di Desa Pingit Temanggung, Nafa Urbach Ajak Masyarakat Aktif Terlibat - JPNN.com",https://jateng.jpnn.com/jateng-terkini/20082/sosialisasi-mbg-di-desa-pingit-temanggung-nafa-urbach-ajak-masyarakat-aktif-terlibat,JPNN.com,Positif,0.9997625946998596,Positif,jateng jpnn com tanggung program makan gizi gratis gencar perintah upaya tingkat kualitas gizi masyarakat tekan angka stunting nasional kali sosialisasi program gelar gedung serba desa pingit kabupaten tanggung kamis hadir anggota komisi ix dpr nafa indria urbach mitra kerja badan gizi nasional unsur perintah desa ratus serta sambut nafa hadir badan gizi nasional strategis kuat koordinasi integrasi program program gizi indonesia badan gizi nasional hadir strategis kuat koordinasi sinergi integrasi program program gizi tingkat nasional daerah nafa tangan gizi harap padu efektif lanjut nafa tanggung rumus bijak koordinasi awas program penuh gizi nasional program sasar kelompok rentan serta didik jenjang didik anak balita hamil susu program harap tingkat kualitas manusia visi indonesia emas sila konten tarik jpnn com jateng digoogle
Badan Gizi Nasional Seleksi Insentif Satuan Pelayanan Berstatus Suspend - AsatuNews.co.id,https://www.asatunews.co.id/badan-gizi-nasional-seleksi-insentif-satuan-pelayanan-berstatus-suspend,AsatuNews.co.id,Netral,0.9997784495353699,Netral,kepala badan gizi nasional hindayanamenetapkan kriteria ketat beri insentif bagisatuan layan penuh gizi sppg status suspend jakarta kamis lansir bloombergtechnoz bijak ambil akuntabilitas salur dana negara putus beri insentif gantung sebab status henti jadi klb sppg hilang hak insentif temu lalai fasilitas standar dapur layak guna bahan baku segar ilmu sosial praktik sehat monopoli supplier main harga insentif jakarta kutip kamis ruang laksana kendala teknis murni sifat operasional indikasi langgar sistemik salah baik standar operasional prosedur sop sppg hak terima insentif operasional tangguh salah nilai sifat operasional baik indikasi langgar sistemik rujuk tentu tunjuk teknis juknis laku henti insentif total laku layan henti permanen penuh kriteria standby readiness akibat proses renovasi data sppg status henti rincian masuk kategori mayor insentif bagi status suspend kategori dasar nilai jadi tonjol non lalai baik fasilitas skala kategori suspend mayor fokus butuh benah baik makan aspek luas sisi fasilitas kesiap operasional ketat mekanisme harap dorong mang penting tingkat patuh standar aman pangan target cipta tata kelola operasional layan penuh gizi wilayah
"Cegah Stunting, Badan Gizi Nasional Operasikan 19 Titik Layanan di Sleman - InfoPublik",https://infopublik.id/kategori/nusantara/965745/index.html,InfoPublik,Positif,0.9985982775688171,Positif,sosialisasi layan penuh gizi sppg gelar ruang temu kalurahan lumbungrejo kapanewon camat tempel sleman senin olehmc sleman selasa april wib redaktur eko budiono sleman infopublik badan gizi nasional kuat tahan gizi masyarakat optimal peran kader sehat ujung tombak edukasi sleman upaya sosialisasi layan penuh gizi sppg gelar ruang temu kalurahan lumbungrejo kapanewon camat tempel sleman senin giat tuju selaras program penuh gizi nasional butuh rill tingkat desa paham dalam kader intervensi cegah stunting kurang gizi kronis kelompok rentan kepala sppg tempel margorejo fauzi adam sppg layan strategis kelola sedia makan gizi program fungsi distribusi menu penuh standar gizi imbang tumbuh kembang manusia sppg hadir pusat layan gizi sedia makan sehat intervensi perintah cegah gizi stunting layan sasar kelompok butuh balita hamil susu siswa tengah juru fauzi adam papar hadap kader sehat kalurahan lumbungrejo implementasi sppg wilayah tempel rutin distribusi paket makan komposisi gizi lengkap cakup protein hewani lele ayam protein nabati sayur buah buah titik layan operasi wilayah kabupaten sleman strategi nasional kuat tahan pangan gizi bas wilayah program apresiasi positif perintah kalurahan lumbungrejo kamituwa lumbungrejo suwanto ada kader sehat krusial jembatan informasi program manfaat maksimal masyarakat harap sosialisasi manfaat nyata kader informasi gizi masyarakat luas paham masyarakat sadar jaga pola makan sehat keluarga suwanto kolaborasi lintas libat tenaga sehat partisipasi aktif kader desa paradigma penuh gizi kabupaten sleman geser upaya obat cegah lanjut preventif harap cetak manusia kualitas daya saing sbd kim senyum tempel
BGN Nabire: Pendidikan dan gizi dua hal yang tak terpisahkan - ANTARA News Papua Tengah,https://papuatengah.antaranews.com/berita/82380/bgn-nabire-pendidikan-dan-gizi-dua-hal-yang-tak-terpisahkan,ANTARA News Papua Tengah,Positif,0.9998103976249695,Positif,nabire badan gizi nasional kabupaten nabire penuh gizi proses didik aspek kait bentuk manusia sdm unggul papua koordinator wilayah nabire marsel asyerem nabire sabtu ingat didik nasional hardiknas mesti momentum refleksi kuat fondasi bangun manusia usia sekolah kualitas ajar lepas kesiap fisik serta didik guru bentuk pola pikir asupan gizi bentuk pikir lengkap upaya generasi emas papua awal benah pola konsumsi anak lingkung didik dorong kuat literasi gizi sekolah ruang transfer ilmu pusat biasa hidup sehat paham makan gizi tanam siswa sadar nutrisi tumbuh mampu kognitif anak penuh butuh gizi konsentrasi aktif raih prestasi edukasi nabire luas jangkau layan program makan gizi gratis akses pangan sehat jangkau wilayah pesisir gunung marsel tekan anak kabupaten nabire hambat ajar akibat kurang asupan makan faktor ekonomi geografis optimal ikut ajar lapar kondisi tubuh prima hasil tingkat kualitas sdm capai parsial butuh kolaborasi perintah daerah tenaga didik orang tua sinergi lintas marsel harap literasi gizi budaya didik bangun manusia indonesia emas wujud wilayah timur tanah air warta ali nur ichsaneditor evarianus suparcopyright
BGN Buka Suara Terkait Penggunaan Rp 113 Miliar untuk Bayar EO - Kompas.com,https://nasional.kompas.com/read/2026/04/12/10235731/bgn-buka-suara-terkait-penggunaan-rp-113-miliar-untuk-bayar-eo?page=all,Kompas.com,Netral,0.9998553991317749,Negatif,buka suara guna miliar bayar eo tim redaksi jakarta kompas com badan gizi nasional buka suara guna anggar miliar membayarevent organizer eo kepalabgndadan hindayanamengatakan eo butuh strategis lembaga tahap bentuk tata kelola operasional lembaga bentuk jalan program strategis nasional fase bangun struktur organisasi tata kelola operasional terang minggu tahap internal sepenuh tangan butuh giat skala mandiri kepala motor listrik kepala sppg citeureup acara kampanye publik sosialisasi nasional kompleks butuh dukung tenaga profesional eo nilai ahli sepenuh milik guna jasa eo konteks strategis giat jalan profesional standar eo ahli khusus manajemen acara rencana koordinasi vendor kelola teknis lapang mitigasi risiko operasional butuh alam tim solid realistis sepenuh milik fase bentuk aspek teknis libat eo nilai bantu tata administrasi uang rapi tiga proses ada bayar vendor lapor pusat sistematis motor listrik realisasi skema rpata mudah proses audit awas akuntabilitas guna anggar negara komponen giat dokumentasi sistematis giat tangan eo seremonial strategi komunikasi publik gizi nasional bimbing teknis bimtek jamah makan aman pangan kelola tenaga latih kualitas selenggara krusial eo peran pesan perintah kemas efektif tarik dampak luas tuju program capai optimal kelola sdm latih bidang sisi efisiensi guna eo nilai rasional banding bentuk tim internal singkat bentuk kapasitas internal butuh proses rekrutmen latih instan program jalan butuh program jalan eo hadir solusibridging jembatan program eksekusi korban kualitas legislator pkb perintah ada motor listrik laksana eo peran mitra masuk rencana giat strategi komunikasi kelola audiens optimalisasi anggar terap prinsip transparansi akuntabilitas guna anggar keluar jasa eo atur buka awas keluar guna jasa eo mekanisme tentu atur undang undang laku buka awas lembaga awas internal eksternal pungkas money otomotif copyright kompas cyber media kompas gramedia digital group all rights reserved
Badan Gizi Nasional bidik Jember jadi role model program MBG - ANTARA News,https://www.antaranews.com/berita/5530039/badan-gizi-nasional-bidik-jember-jadi-role-model-program-mbg,ANTARA News,Positif,0.9998793601989746,Positif,jember jawa timur badan gizi nasional bidik kabupaten jember role model program makan gizi gratis nilai salah daerah progresif sedia data terima manfaat akurat lengkap apresiasi serius perintah kabupaten jember program kepala badan gizi nasional resmi layan penuh gizi sppg cahaya sholawat nusantara desa wringinagung camat jombang kabupaten jember jawa timur kamis turut komitmen pemkab jember bentuk satgas cepat tumbuh optimisme program jember dampak ganda sehat anak kuat ekonomi lokal program bantu pangan mesin gerak ekonomi rakyat persen anggar badan gizi nasional salur sppg sppg proyeksi terima dana miliar persen anggar beli bahan baku tani ternak nelayan umkm persen biaya operasional honor rawan sppg persen kembali investasi mitra bangun sppg kepala kadin mitra kunci bangun dapur jember target diri sppg operasi alir dana miliar masuk jember gerak roda ekonomi daerah awas lap deputi awas pantau inspektorat tekan peran masyarakat pantau kualitas menu hari dokumentasi foto segan ambil tindak temu langgar standar operasional prosedur sop bupati sppg patuh tindak lanjut wfh laku kepala sppg ahli gizi akuntansementara bupati jember muhammad fawait program upaya baik gizi katalisator tumbuh ekonomi signifikan jember potensi putar uang program fantastis sppg operasi penuh nilai ekonomi edar jember capai triliun triliun turut angka potensi lampau total apbd kabupaten jember angka triliun putar uang dorong tumbuh ekonomi tingkat dapat daerah cipta lapang kerja warga jember amat lapang tenaga kerja serap kerja rumah tangga warga ekonomi rendah masyarakat lokal rantai produksi angka anggur jember harap turun drastis akselerasi entas miskin sppg operasi jember perintah kabupaten jember satgas awal jalan program jalan optimal presiden perintah tertib sppg jalan juknis warta zumrotun solichaheditor triono subagyocopyright larang keras ambil konten crawling indeks otomatis ai situs web izin tulis kantor berita kirimkomentar tanggung uu ite
Badan Gizi Nasional Siapkan 21.801 Motor Listrik Operasional SPPG - Babel Insight,https://www.babelinsight.id/pengadaan-motor-listrik-badan-gizi,Babel Insight,Netral,0.9959394931793213,Netral,badan gizi nasional realisasi ada puluh ribu sepedamotor listrikuntuk tunjang operasional layan penuh gizi sppg indonesia selasa ada kendara roda prioritas mobilitas wilayah pencil akses jalan sempit ambil optimal implementasiprogram makan gizi gratis fokus lembaga lansir detik oto kendara ramah lingkung kepala sppg jalan tugas lapang wakil kepala operasional gizi sony sonjaya proses distribusi ikut hasil meta butuh lapang tekan aksesibilitas tugas lokasi sulit jangkau kendara roda distribusi sepeda motor sesuai butuh data jalan ada sepeda motor rencana daerah daerah pencil jakarta sekolah gang gang sempit sony sonjaya wakil kepala operasional gizi sony tahap belanja barang koridor hukum laku kesiap lembaga hadap awas wenang guna anggar negara proses ada atur simpang ranah aparat tegak hukum sony sonjaya wakil kepala operasional gizi kepala badan gizi nasional klarifikasi pes operasional lurus informasi edar masyarakat volume ada kendara ada motor masuk anggar fungsi operasional kepala sppg kepala badan gizi nasional data resmi motor listrik siap capai angka kembang merinci realisasi ada sesuai kontrak mesan informasi realisasi total motor listrik pes kepala badan gizi nasional total anggar detail data informasi rencana ada inaproc paket ada kendara roda paket catat nilai triliun sumber apbn skema purchasing wilayah iii wilayah indonesia
Badan Gizi Nasional Kembali Setop Sementara Ratusan SPPG - Tempo.co,https://www.tempo.co/politik/badan-gizi-nasional-kembali-setop-sementara-ratusan-sppg-2128366,Tempo.co,Netral,0.9986774325370789,Negatif,badan gizi nasional henti giat operasional ratus dapur layan penuh gizi sppg program makan gizi gratis wilayah ii iii direktur pantau awas wilayah ii albertus doni dewantoro ambil program makan gizi gratis jalan standar kualitas aman pangan lanjut baca berita iklan doni lapor sppg suspenddi wilayah ii pulau jawa capai lapor periode april tambah sppg kena sanksi henti sjafrie temu pensiun tni jelang buruh tindak komitmen jaga kualitas layan aman pangan tata kelola operasional lapang doni terang tulis sabtu april rincian lapor senin april sembilan sppg tangguh temu awas gizi uang bogor menu layak brebes dapur jawa timur tahap renovasi prabowo cemas gejolak buruh doni tambah april april tindak tingkat sppg daerah faktor renovasi temu ganggu cerna cimahi manajemen organisasi kendal tiada awas gizi purworejo kamis april sppg tangguh doni masalah temu liput aspek manusia jakarta selatan duga ganggu cerna bogor tasikmalaya bantul renovasi dominasi jumat april sppg tindak temu renovasi selesai duga ganggu cerna mojokerto menu layak sampang tindak ratus sppg wilayah iii wilayah timur direktur pantau awas wilayah iii rudi setiawan total sppg henti kantong sertifikat laik higiene sanitasi slhs instalasi olah air limbah rudi henti giat operasional korektif sppg penuh standar tetap setop sppg wilayah indonesia timur april tindak setop ambil lantar sppg daftar slhs dapur tangguh wajib benah operasi pilih editor janggal janggal ada sepeda motor
Kemenkeu Batasi Pengadaan Motor Listrik Badan Gizi Nasional untuk Program MBG - InvestorTrust,https://investortrust.id/macro/99437/kemenkeu-batasi-pengadaan-motor-listrik-badan-gizi-nasional-untuk-program-mbg,InvestorTrust,Netral,0.9958540201187134,Negatif,jakarta investortrust id menteri uang purbaya yudhi sadewa klarifikasi status ada motor listrik aju badan gizi nasional purbaya perintah batas alokasi tuju sisa aju asal pagu anggar temu kompleks istana presiden jakarta rabu purbaya koordinasi kabar tolak ada anggar realisasi sisa lanjut anggar lanjur konfirmasi beli motor listrik purbaya awak media bantah hoaks motor listrik tegas pesan program menkeu papar anggar catat apbn kucur sisa total aju tuju menteri uang jalan ya sisa tolak batas pokok sempat pisah kepala angkat bicara video viral media sosial tampil sepeda motor logo ada rencana anggar operasional program makan gizi gratis kepala layan penuh gizi sppg ada motor masuk anggar fungsi operasional kepala sppg terang tulis kendara sedia motor motor distribusi lewat proses administrasi catat barang milik negara bmn resmi lapang motor bagi lengkap catat bmn distribusi
Badan Gizi Nasional Perkuat Pengawasan Program Makan Bergizi Gratis - AsatuNews.co.id,https://www.asatunews.co.id/bgn-perkuat-pengawasan-makan-bergizi,AsatuNews.co.id,Netral,0.9997891783714294,Positif,badan gizi nasional instruksi perintah daerah ketat awas programmakan gizi gratis tugas wilayah selasa koordinasi tuju layan penuh gizi sppg jalan tugas standar hambat birokrasi lapang kuat peran daerah dasar payung hukum baru wewenang satgas tingkat provinsi kabupaten lansir detikcom regulasi inspeksi jaga kualitas layan gizi masyarakat direktur pantau awas wilayah ii albertus dony dewantoro atur presiden pres landas hukum kuat kolaborasi lintas satgas pres salah isi kuat koordinasi satgas kabupaten provinsi libat wewenang satgas inspeksi daerah damping albertus dony dewantoro direktur pantau awas wilayah ii dony ragu perintah daerah tindak temu kendala operasional program pemda campur tangan koordinasi jembatan enggan overlapping tugas masuk tugas albertus dony dewantoro direktur pantau awas wilayah ii instruksi tekan satgas daerah lapor temu lapang koordinator wilayah proses tindak layan masalah tekan ragu ragu masuk kerja korwil sidak batas personel damping tutup satgas albertus dony dewantoro direktur pantau awas wilayah ii deputi pantau awas dadang hendrayudha sorot pesat infrastruktur dukung program ada dapur operasi wilayah banten harap awas rakyat awas sekolah awas perintah daerah awas program mulia rasa anak anak indonesia dadang hendrayudha deputi pantau awas perintah provinsi banten respons positif arah upaya visi presiden prabowo subianto tingkat kualitas gizi nasional awas ketat program multiplier effect nya program awas giat program sentuh harap presiden achmad dimyati natakusumah wakil gubernur banten
Badan Gizi Nasional Buka-bukaan Rincian Anggaran Makan Bergizi Gratis - RRI.co.id,https://rri.co.id/manado/nasional/2344576/badan-gizi-nasional-buka-bukaan-rincian-anggaran-makan-bergizi-gratis,RRI.co.id,Netral,0.9985988736152649,Netral,rri co id manado badan gizi nasional jelas dalam struktur anggar program makan gizi gratis sorot publik jelas tuju lurus nilai porsi insentif fasilitas podcast talks eps sekretaris deputi tata kelola ermiati sofi yessi papar anggar riset penuh standar angka cukup gizi akg menteri sehat ermiati dana beli bahan baku bagi komponen paham makan enak makan sehat angka bahan baku anak anak cukup standar gizi nasional yessi insentif mitra layan makan gizi sppg ermiati lurus dana insentif fasilitas bentuk apresiasi investasi swadaya masyarakat titik sppg bangun murni modal masyarakat uang negara nilai investasi titik capai miliar negara bangun fisik masyarakat investasi bangun dapur standar aman pangan dana mitra biaya depresiasi alat baik rusa pelihara ipal lingkung bersih cegah celah korupsi terap virtual account mekanisme double approval dana menteri uang kirim rekening sppg cair tuju kepala sppg unsur asn mitra asn fungsi awas kontrol kualitas larang bisnis sppg wajib publikasi menu kalori harga hari media sosial masyarakat pantau yessi transparansi anggar kolaborasi swadaya badan gizi nasional optimis program jalan akuntabel pola mitra klaim efisien hemat bangun infrastruktur juta anak indonesia rasa dampak positif tumbuh generasi emas muat berita
MBG: Kepala BGN klaim nilai pengadaan ribuan motor listrik di bawah harga pasar - BBC,https://www.bbc.com/indonesia/articles/cly0dm5p331o,BBC,Negatif,0.9824715256690979,Negatif,foto aditya pradana putra kepala badan gizi nasional klaim ada sepeda motor listrik kepala layan penuh gizi sppg harga pasar motor listrik harga pasar beli salah harga pasar wartawan istana negara jakarta rabu realisasi target beli motor listrik klaim beli sepeda motor listrik masuk anggar anggar beli barang sepeda motor listrik salur dapur makan gizi gratis daerah sulit ya program jangkau daerah daerah sulit jangkau desa desa daerah daerah motor tunjang operasional tribunnews pisah tenaga ahli wakil kepala wakil kepala investigasi komunikasi media sosial dian islamiati fatwa ada sarana operasional mekanisme resmi regulasi prinsip akuntabilitas ada sarana operasional kendara ada perintah laksana mekanisme resmi termasuke purchasing parameter teknis tahap awas atur ketat papar bbc indonesia baca liput dalam bbc indonesia whatsapp whatsapp temu center for budget analysis cba anggar ada sepeda motor listrik triliun dian islamiati fatwa ada tahap butuh operasional kesiap distribusi wilayah angka muncul ruang publik merta laku gambar realisasi spesifikasi sedia sepeda motor listrik dian proses ikut tentu ada perintah laku timbang aspek teknis efisiensi sesuai kondisi lapang lembaga perhati anggar center for budget analysis cba temu ada motor listrik kepala sppg anggar triliun bbc indonesia verifikasi independen media termasukproject multatuli temu data ada sepeda motor listrik triliun ongkos kirim publikasi lembaga bijak ada barang jasa perintah lkpp laman ada usaha sedia sepeda motor listrik jual jenis sepeda motor harga beda klaim kepala wakil ketua komisi ix dpr charles honor sebut komisi ix dpr panggil pertanggungjawaban ada ribu sepeda motor listrik kepala layan penuh gizi sppg panggil pertanggungjawaban resmi biar anggar negara akuntabilitas dikutipdetik com charles kritik ada puluh ribu motor listrik badan gizi nasional ada tolak menteri uang ada tolak menteri uang jalan masuk ranah langgar tata kelola anggar negara lembaga jalan mekanisme anggar sah charles rabu charles ada motor listrik potensi boros serius ada potensi boros serius fiskal negara tekan hemat ada puluh ribu motor listrik urgensi tegas program gizi program proyek fokus baik gizi anak ada potensi ada jelas kuat transparan dasar anggar urgensi patut duga bijak henti sambung menteri uang purbaya yudhi sadewa aku menteri uang tolak usul anggar ada komputer sepeda motor operasional program tahu aju motor komputer salah tolak purbaya menteri uang selasa aju anggar kece cek treatment nya dikutipkompas com purbaya perintah fokus program sedia makan masyarakat program utama makan bisnis untung aman rochman nurphoto via getty images konfirmasi beli sepeda motor listrik operasional layan penuh gizi sppg video viral media sosial video ratus sepeda motor listrik stiker bungkus plastik motor motor klaim alokasi kepala kepala sppg kepala bilang sepeda motor distribusi kendara sedia proses administrasi barang milik negara bmn motor bagi lengkap catat bmn distribusi proses realisasi ada motor tahap desember ban narasi video viral ada capai informasi realisasi total motor listrik pes media sosial video viral motor motor listrik tuai komentar warganet sanding keluar anggar jor joran sejahtera guru kabar guru pelosok warganet komentar instagram media nasional warganet urgensi efisiensi anggar jalan perintah konflik timur urgensi warganet ada sepeda motor listrik operasional muncul perintah umum defisit anggar kuartal foto hafidz mubarak menteri uang purbaya yudhi sadewa terang media defisit apbn triliun maret tara produk domestik bruto pdb menkeu defisit cepat belanja perintah cipta belanja perintah rata tumbuh kayak tumpuk dampak ekonomi optimal defisit konsekuensi logis bijak belanja rata tonjol anggar amat otomotif bebin djuana duga mirip jenis sepeda motor listrik edar media sosial emmo jvx gt tulis terang emmo jvx gt rilis emmo co id situs sebut jenis kendara motor listrik adventure tenaga klaim capai watt jarak tempuh kilometer spesifikasi isi jam disain tangguh jalan raya off road harga banderol foto abdan syakura temu terang rinci pabrikan beli kendara bbc indonesia tanggap pesan surel situs respons djuana pabrikan terang motor listrik operasional motor beli uang pajak transparasi biaya alas motor pilih beli terima akal sehat lembaga perhati anggar center for budget analysis cba temu ada motor listrik menggunakane purchashing menteri lembaga beli barang jasa katalog online resmi negara lelang tender sederhana purchasing belanja marketplace khusus perintah benar hukum tuju ada cepat simpel direktur eksekutif cba uchok sky khadafi sulit deteksi publik ada motor purchasing senyap pantau publik hasil uchok klaim tim akses temu sepeda motor anggar motor triliun ada motor laksana bbc indonesia verifikasi independen jabat hubung wakil kepala komunikasi publik investigasi nanik deyang pribadi ada motor listrik masuk september ada april foto rais al farisi uchok harga motor listrik operasional bilang mahal nilai mesti ada barang tender usaha motor purchasing tender lelang lelang baik murah kritik wilayah indonesia cocok spesifikasi motor listrik borong motor efesien anggar buang buang duit fiskal turun banget borong motor sidik aparat hukum harga mahal curiga artikel baru
Hambur Anggaran Badan Gizi - Tempo.co,https://www.tempo.co/kolom/hambur-anggaran-mbg-badan-gizi-nasional-2129303,Tempo.co,Negatif,0.9998452663421631,Negatif,ringkas berita proyek indikasi masalah proses tender proyek sewa jasa eo beli sepeda motor listrik proyek duga masalah tunggu aparat tegak hukum bongkar proyek masalah proyek proyek bad gizi nasionalberada nalar alih alih benah lembaga tata kelolamakan gizi gratiskarena masif racun hambur hambur anggar ratus miliar rupiah giat esensial
Badan Gizi Nasional Beri Sanksi Pengelola Dapur Program Makan Bergizi - AsatuNews.co.id,https://www.asatunews.co.id/bgn-sanksi-pengelola-dapur-makan-bergizi,AsatuNews.co.id,Negatif,0.9958049058914185,Netral,badan gizi nasional laku sanksi putus kerja kelola layan program gizi sppg langgar standar operasional prosedur sop minggu ambil temu banyakdapurprogrammakan gizi gratis penuh kriteria higienitas dapur ruang makan evaluasi mitra kelola ketat banyak temu bangun rumah tinggal paksa dapur sanitasi pada lapor detik finance pasuk tahap eksekusi sosialisasi bekal direktur wilayah ii deputi pantau awas albertus doni dewantoro mayoritas langgar kelola dalih regulasi teknis laku temu sosialisasi masif pura pura pura pura kondisi line out case kepala sppg lupa mitra ubah ganti kepala sppg banyak alas doni direktur wilayah ii deputi pantau awas doni sorot spesifik guna huni pribadi dialihfungsikan pengolahanmakanan turut rumah tinggal kali instalasi olah air limbah ipal picu buang makan sidak lokasi sppg lihat rumah trouble ipal instalasi olah air limbah nya salur buang masalah situ doni direktur wilayah ii deputi pantau awas instansi tetap mekanisme ingat tahap sp sp tangguh suspend baik mitra ambil tindak administratif berat jaga kualitas program surat pimpin biar administrasi putus kerjasama pks tarik terang doni direktur wilayah ii deputi pantau awas bijak tindak triwulan tindak evaluasi doni longgar tegak atur aman pangan terima manfaat triwulan eksekusi kemarin sosialisasi suka nggak suka triwulan awal suspend doni direktur wilayah ii deputi pantau awas standar dapur wajib cakup pisah area bongkar muat distribusi area cuci wadah makan cegah kontaminasi silang fasilitas dukung mes tenaga ahli gizi akuntan sedia awas kualitas lanjut dapur ruang makan sop nya pintu pintu area distribusi membersihkanfoodtray fokus cuci ompreng kontaminasi terang doni direktur wilayah ii deputi pantau awas
BGN temukan SPPG di Tulungagung belum penuhi batas minimal penyuplai - Antara News jatim,https://jatim.antaranews.com/berita/1054833/bgn-temukan-sppg-di-tulungagung-belum-penuhi-batas-minimal-penyuplai,Antara News jatim,Netral,0.9993873834609985,Negatif,tulungagung jawa timur badan gizi nasional temu layan penuh gizi sppg kabupaten tulungagung jawa timur penuh tentu minimal pasok bahan baku tetap suplai koordinator wilayah tulungagung sebrina mahardika senin hasil monitoring evaluasi sppg suplai instruksi pusat sppg minimal suplai cegah praktik monopoli tunjuk pasok tulungagung sppg awas staf kepala sppg tenaga akuntansi awas gizi tugas operasional jalan standar operasional prosedur sop sebrina prioritas kuat kualitas menu makan gizi gratis sarana prasarana manusia sppg sedia bahan baku mitra yayasan kelola sppg staf lapang awas kualitas bahan baku tegur temu bahan standar staf rekomendasi penuplai kualitas standar gizi jaga suplai temu kurang sarana prasarana sppg liput instalasi olah air limbah ipal pada sedia tandon filter air guna air depot isi ulang sppg lokasi dekat kandang ternak catat baik sebrina harap sppg tulungagung penuh standar tetap sisi suplai lengkap fasilitas dukung warta destyan sujarwokoeditor astrid faidlatul habibahcopyright
BGN Dorong Perguruan Tinggi Kelola Satuan Pelayanan Pemenuhan Gizi - Babel Insight,https://www.babelinsight.id/bgn-dorong-kampus-kelola-sppg,Babel Insight,Positif,0.9998650550842285,Positif,kepala badan gizinasional dorong guru aktif program makan gizi gratis bentuk layan penuh gizi sppg lingkung kampus rabu nilai peluang strategis sivitas akademika kontribusi hasil program nasional lansir kompas institusipendidikantinggi harap kuat rantai pasok butuh gizi masyarakat kampus paham peluang minimal sppg pasok asal sivitas akademika kepala badan gizi nasional sppg kelola mandiri guru fungsi ganda pusat ajar praktis mahasiswa peran dapur sedia makan simpul ekonomi dukung produksipanganskala sedia sppg butuh lahan tani luas delapan hektare sawah suplai beras lahan jagung luas hektare penuh butuh pakan ternak rantai produksi terna pegang peran krusial sppg ekor ayam telur jamin sedia protein hewani serta program telur pasok ayam telur sppg kutip sppg lingkung kampus buka sempat mahasiswa terjun manajemen distribusi pangan tani terna hadir laboratorium hidup riset teknologi olah pangan tanah air
HAK JAWAB: KLARIFIKASI RESMI SATUAN PELAYANAN PEMENUHAN GIZI (SPPG) NEGLASARI TERKAIT PEMBERITAAN “DUGAAN PELANGGARAN PROSEDUR PENGOLAHAN LIMBAH” - investigasi bhayangkara indonesia,https://investigasibhayangkara.com/hak-jawab-klarifikasi-resmi-satuan-pelayanan-pemenuhan-gizi-sppg-neglasari-terkait-pemberitaan-dugaan-pelanggaran-prosedur-pengolahan-limbah/,investigasi bhayangkara indonesia,Netral,0.9998199343681335,Netral,temu lokasi coba salah taut cari
IPB Siapkan Satuan Pelayanan Gizi Dukung Program Makan Gratis - AsatuNews.co.id,https://www.asatunews.co.id/ipb-bangun-satuan-pelayanan-gizi,AsatuNews.co.id,Positif,0.9998276233673096,Positif,institut tani bogor ipb sambut usul bangun layan penuh gizi sppg mandiri lingkung kampus sokong program makan gizi gratis strategis tempat institusipendidikansebagai sedia solusi bas tahu kuat ketahanangizi nasionalpada jumat rektor ipb setiawan slamet guru sedia fasilitas dasar rasionalitas kuat lansir bloombergtechnoz dekat ilmiah nilai kunci tangan fundamental kualitas manusia kampus bangun sppg program rasional strategis tempat kampus knowledge based solution provider setiawan slamet rektor ipb rektor tekan data tahap program guna sains harap jamin kualitas gizi masyarakat jaga dipertanggungjawabkan program sasar fundamental gizi didik kualitas sdm jalan bas sains kampus desain evaluasi ukur bas data setiawan slamet rektor ipb didik kampus posisi institusi didik unggul kelola ekosistem pangan tahap produksi konsumsi sppg proyeksi jembatan efisiensi rantai pasok unggul kampus mampu integrasi pangan ekosistem hulu hilir produksi olah konsumsi gizi sppg simpul hubung rantai efisien setiawan slamet rektor ipb makan program arah investasi modal manusia pantau ilmiah turun angka stunting desain menu susun sesuai butuh lokal desain menu bas butuh lokal monitoring ilmiah investasi human capital penuh konsumsi setiawan slamet rektor ipb ada sppg manfaat publik laboratorium hidup mahasiswa fasilitas ajar manajemen operasional layan publik formulasi gizi sppg living lab kampus mahasiswa ajar praktik nyata experiential learning manajemen rantai pasok pangan formulasi gizi operasional layan publik setiawan slamet rektor ipb inovasi model bisnis bas teknologi pangan harap lahir riset akademisi data lapang real time bahan teliti dosen teliti kembang riset bas data lapang real time sppg potensi inkubator lahir inovasi pangan model bisnis bas teknologi butuh sosial setiawan slamet rektor ipb makan kendati catat risiko geser peran institusi tata kelola jalan ketat beban kampus kelola ganggu fungsi didik risiko kelola potensi beban kampus tantang operasional skala geser peran kampus teknis operasional tata kelola kuat efektivitas program turun setiawan slamet rektor ipb didik dorong kampus bangun layan gizi mandiri kepala badan gizi nasional guru peluang pasok butuh gizi civitas akademika selasa kampus paham peluang minimal sppg pasok asal civitas akademika kepala badan gizi nasional
Hutama Karya Rampungkan 80 Dapur Satuan Pelayanan Pemenuhan Gizi di Sumatera - Babel Insight,https://www.babelinsight.id/hutama-karya-bangun-dapur-pemenuhan-gizi-sumatera,Babel Insight,Positif,0.9997406601905823,Positif,hutama karya persero umum hasil selesai bangun titik dapur layan penuh gizi sppg sebar wilayahsumatera proyek strategis usaha sokong agenda perintah tingkat kualitas manusia bangun fasilitas dapur lansir kompas capai progres persen sarana dukung gizi masyarakat operasi fungsi untuk publik proses kerja hutama karya menitikberatkan standar mutu tepat aspek selamat usaha adopsi prinsip lanjut tahap konstruksi manfaat jangka cepat selesai target lapang metode konstruksi material sandwich panel terap intensif teknologi efisiensi kurang kuat struktur bangun bangun dapur infrastrukturpenunjang bangun jamin aman nyaman operasional fasilitas cakup pos aman lokasi aceh portal aman jam tata area lanskap olah limbah perhati serius sedia instalasi olah air limbah ipal titik tuju operasional dapur selaras upaya lindung lingkung lokasi bangun plt executive vice president evp sekretaris hutama karya hamdani jelas signifikansi proyek sedia infrastruktur kualitas bentuk nyata kontribusi korporasi layan publik hutama karya komitmen program perintah sedia infrastruktur kualitas manfaat nyata masyarakat selesai fasilitas sppg kontribusi usaha hadir sarana dukung layan publik andal hamdani kamis selesai proyek sokong target pimpin presiden prabowo subianto wujud asta cita fokus utama letak penguatankesejahteraan rakyatmelalui infrastruktur hamdani capai titik dapur cermin dedikasi usaha nilai bangsa usaha posisi mitra strategis perintah bangun infrastruktur lanjut
Program makan bergizi di Jambi sentuh 446.087 penerima manfaat - ANTARA News Jambi,https://jambi.antaranews.com/berita/655860/program-makan-bergizi-di-jambi-sentuh-446087-penerima-manfaat,ANTARA News Jambi,Positif,0.9998908042907715,Positif,kota jambi program makan gizi gratis jambi sentuh terima manfaat anak balita susu ajar tingkat sekolah dasar tengah sebar kabupaten kota wilayah program makan gizi ubah sasar tingkat gizi masyarakat program bukti tekan angka anggur signifikan wakil kepala sony sanjaya kota jambi sabtu hadir rapat koordinasi mitra yayasan tim awas gizi uang juru masak jambi sony layan penuh gizi sppg operasi jambi catat serap kerja hitung kerja upah ribu total anggar gelontor honor kerja capai hari total alokasi dana honor kerja program jambi capai miliar hari dampak ketenagakerjaan program jangkau ratus ribu terima manfaat capai sangar peran gerak ekonomi lokal cipta lapang kerja daerah catat masyarakat jambi rasa manfaat program balita hamil serta didik gubernur jambi al haris program jambi positif layan penuh gizi sppg rincian operasi operasional layan tahap siap survei lapang turut program dampak tangan stunting gerak ekonomi lokal tani laku usaha dasar tekan tingkat produksi pangan beras lanjut program jual daerah jambi serap bantu ekonomi daerah al haris warta agus suprayitnoeditor siri antonicopyright
DLH Palangka Raya Perketat Pengawasan Pengelolaan Limbah di Tempat Pelayanan Pemenuhan Gizi - dlh.palangkaraya.go.id,https://dlh.palangkaraya.go.id/dlh-palangka-raya-perketat-pengawasan-pengelolaan-limbah-di-tempat-pelayanan-pemenuhan-gizi/,dlh.palangkaraya.go.id,Netral,0.9997599720954895,Netral,mei april april dlh palangka raya ketat awas limbah sppg wajib ipal standar cegah cemar lingkung borneonews palangka raya dinas lingkung hidup dlh kota palangka raya ketat awas kelola limbah layan penuh gizi sppg ambil giat usaha jalan penuh syarat standar lingkung hidup timbul dampak buruk cemar ganggu nyaman sehat masyarakat plt kepala dlh kota palangka raya untung sutrisno awas cakup aspek periksa lengkap dokumen kait lingkung kece lapang tata kelola limbah cair limbah padat hasil giat usaha awal ketat awas limbah lingkung sppg giat jalan atur tentu lingkung hidup laku untung selasa april awas kece dlh lupa bina damping kerja kelola usaha damping bantu penuh syarat administrasi dokumen lingkung syarat wajib usaha operasi sah tertib untung tekan wajib operasi instalasi olah air limbah ipal turut sarana krusial ada limbah hasil olah standar tetap buang lingkung harap sppg bangun ipal ikut standar tetap menteri lingkung hidup limbah sebab cemar upaya wujud komitmen perintah daerah jaga kualitas lingkung usaha jalan lanjut harap awas bina terus cipta imbang maju ekonomi lestari lingkung pungkas pathur https www borneonews co id berita dlh palangka raya ketat awas kelola limbah layan penuh gizi
UI dan UNJ Kaji Pembentukan Satuan Pelayanan Gizi Nasional - AsatuNews.co.id,https://www.asatunews.co.id/ui-unj-kaji-satuan-gizi,AsatuNews.co.id,Netral,0.9998668432235718,Netral,universitas indonesia ui universitas negeri jakarta unj kaji usul bentuk layan penuh gizi sppg program makan gizi gratis respons dorong badangizi nasionalagar guru peran aktif skemakesehatannasional sehat lansir bloombergtechnoz koordinasi internal lingkung internal kampus intensif kamis universitas ambil putus operasional bijak strategis matang pimpin tinggi lembaga direktur hubung masyarakat media perintah internasional hmpi ui dr erwin agustian panigoro posisi tunggu arah lanjut posisi koordinasi tunggu arah pimpin pimti ui erwin agustian panigoro erwin wacana bentuk timbang dalam program kait erat regulasi operasional lingkung kampus singgung bijak strategis operasional kampus pimti kaji internal erwin agustian panigoro kondisi universitas negeri jakarta bentuk tim siap khusus sppg wakil rektor unj kerja bisnis andy hadiyanto sebut pantau tingkat forum universitas sppg kampus unj tim siap khusus unj tunggu instruksi forum ptnbh keikutsertaan buat sppg andy hadiyanto kepala kantor humas informasi publik unj syaifudin jelas tambah aspek hati hati universitas sikap usul perintah turut unj tunggu pedoman teknis konkret program selaras prinsip tata kelola kampus unj ambil operasional tunggu arah resmi pedoman teknis kemdiktisaintek sikap cermin hati hati unj bijak adopsi selaras regulasi nasional butuh akademik prinsip tata kelola guru lanjut syaifudin kepala badan gizi nasional dorong kuat guru negeri badan hukum ptn bh forum makassar selasa kampus peluang libat rantai pasok penuh gizi kampus paham peluang minimal sppg pasok asal civitas akademika
Hutama Karya Tuntaskan 80 Dapur Gizi di Sumatera - BeritaSatu.com,https://www.beritasatu.com/nasional/2990802/hutama-karya-tuntaskan-80-dapur-gizi-di-sumatera,BeritaSatu.com,Positif,0.9998708963394165,Positif,jakarta beritasatu com hutama karya tuntas bangun dapur layan penuh gizi sppg wilayah sumatera dukung program strategis perintah tingkat kualitas manusia indonesia selesai peran bumn infrastruktur hadir fasilitas sentuh butuh masyarakat bangun titik dapur gizi laksana depan mutu tepat terap aspek selamat lanjut fasilitas siap sarana dukung penuh gizi masyarakat kuat layan publik bas sehat proses bangun hutama karya terap metode konstruksi efektif guna material sandwich panel cepat selesai kerja bangun bangun fasilitas tunjang pos aman titik aceh portal jam area lanskap instalasi olah air limbah ipal operasional jalan optimal proyek capai progres persen untuk capai cermin komitmen usaha hadir infrastruktur andal manfaat nyata masyarakat bangun fasilitas sppg kontribusi hutama karya program perintah pimpin presiden republik indonesia prabowo subianto wujud asta cita fokus kuat kualitas manusia tingkat sejahtera masyarakat plt executive vice president evp sekretaris usaha hutama karya hamdani dukung persero peran aktif agenda bangun nasional hutama karya komitmen program perintah sedia infrastruktur kualitas manfaat nyata masyarakat selesai fasilitas sppg kontribusi usaha hadir sarana dukung layan publik andal hamdani hutama karya kuat peran mitra strategis perintah hadir bangun infrastruktur kualitas lanjut nilai masyarakat bangsa jalan komitmen hutama karya bangun nasional simak berita artikel digoogle ikut baru diwhatsapp channel beritasatu china kian dekat dominasi indonesia piala thomas ancam chelsea kali kalah untun drama city bikin arsenal senyum kpk apresiasi putus hakim korupsi lng cedera kepala lawan forest debut chelsea jesse derry sadar rumah serang bakar akibat sambar petir kronologi aksi mahasiswa ingat didik nasional depan kemendiktisaintek jasa dorong kursi roda jamaah calon haji kunjung menteri tahan jepang jakarta progres bangun kampung nelayan merah putih files mahal ruang aman kampus negara hadir kerja makna buruh internasional kereta catat manusia bekas kapal samudera pelni jaga arah
Wakapolri Tinjau Satuan Pelayanan Pemenuhan Gizi di Baubau - RRI.co.id,https://rri.co.id/kendari/regional/2351530/wakapolri-tinjau-satuan-pelayanan-pemenuhan-gizi-di-baubau,RRI.co.id,Positif,0.9990271329879761,Positif,rri co id baubau wakil kepala polisi negara republik indonesia komjen pol dedi prasetyo tinjau kesiap gedung layan penuh gizi sppg camat betoambari selasa april kunjung dukung polri program asta cita presiden tingkat kualitas manusia penuh gizi gedung sppg naung badan gizi nasional fungsi pusat layan distribusi makan gizi masyarakat luas sppg polri wilayah polda sultra layan terima manfaat tahap bangun luas jangkau layan sehat penuh gizi nasional sulawesi tenggara wakapolri periksa proses operasional sedia bahan baku aspek higienitas saji makan fasilitas lengkap standar sanitasi ketat proses bersih alat makan terima manfaat dedi prasetyo serah paket gizi simbolis kelompok rentan hamil lansia anak sekolah hadir sppg bukti polri peran aktif tingkat sejahtera sehat masyarakat dedi prasetyo investasi gizi nilai strategis cipta generasi unggul produktif wakapolri tekan sinergi lintas wujud daulat pangan tahan nasional lanjut polri penuh upaya perintah cipta tahan pangan swasembada dedi prasetyo bentuk dukung nyata polda sulawesi tenggara laksana program tanam jagung luas hektare wilayah produksi pangan program capai ton kuat sedia bahan pokok tingkat daerah muat berita
BGN Setop Insentif Ribuan Satuan Pelayanan Gizi yang Kena Suspend - AsatuNews.co.id,https://www.asatunews.co.id/bgn-setop-insentif-sppg-suspend,AsatuNews.co.id,Negatif,0.9898489713668823,Negatif,kepala badan gizi nasional umum henti beri insentif ribu layan penuh gizi sppg status suspend rabu ambil evaluasi sebab operasional tingkat langgar standar aman pangan lapang lansir detik finance total sppg henti insentif masuk kategori mayor tahan dana sasar serius fasilitas tata kelola tentu hak insentif gantung akar masalah jadi klb insiden picu lalai mitra guna bahan baku segar dapur layak insentif otomatis gugur praktik sehat monopoli supplier main harga insentif kepala badan gizi nasional tentu ketat laku aspek patuh prosedur operasional sppg kena suspend akibat salah teknis laksana dapur baik operasional peluang terima hak uang kategori suspend bagi mudah nilai insentif jadi tonjol lalai terima bantu baik minor jadi non tonjol lalai terima bantu butuh baik mayor hapus hak insentif arti suspend mayor kondisi rusa kurang dasar butuh tangan kait renovasi ganggu fungsi normal layan baik makan aspek luas sisi fasilitas kesiap operasional kepala badan gizi nasional bijak perintah upaya dorong tingkat patuh standar aman pangan layan fokus kesiap operasional lanjut jamin kualitas distribusi gizi masyarakat
"Dorong Standar Keamanan Pangan, SUCOFINDO Gelar Pelatihan bagi Satuan Pelayanan Pemenuhan Gizi - pontianakinfo.disway.id - Pontianak Info",https://pontianakinfo.disway.id/news/read/24985/dorong-standar-keamanan-pangan-sucofindo-gelar-pelatihan-bagi-satuan-pelayanan-pemenuhan-gizi,Pontianak Info,Positif,0.9997389912605286,Positif,mei mei menit menit jam pontianak jam jam pontianak jam pontianak jam jam jam pontianak jam ilustrasi berita vritimes com sucofindo persero komitmen program perintah aman pangan selenggara latih awareness hazard analysis and critical control point haccp layan penuh gizi sppg wilayah cilacap giat upaya kuat aman pangan program makan gizi gratis kepala strategic business komoditi solusi dagang tri haryadi latih strategis kualitas program pangan perintah jaga latih awareness haccp kelola sppg paham kuat aman pangan preventif ukur jamin makan salur masyarakat aman kualitas penuh standar tri haryadi edukasi kunci bangun budaya aman pangan lanjut hadir layan sertifikasi dorong tingkat kapasitas latih paham sppg identifikasi potensi risiko kendali tingkat percaya masyarakat mitra perintah selenggara program pj kepala sucofindo persero cabang cilacap ipmawan hidayatullah latih awareness haccp laksana rumah sakit wiradadi husada banyumas upaya tingkat paham serta terap aman pangan latih paham komprehensif terap haccp dekat preventif sistematis identifikasi evaluasi kendali potensi bahaya pangan rantai produksi materi cakup prinsip dasar aman pangan identifikasi bahaya biologis kimia fisik terap higiene chb fondasi haccp serta bekal paham tahap haccp bentuk tim bahaya tetap titik kendali kritis critical control point ccp pantau tindak korektif usaha testing inspection and certification tic sucofindo persero komitmen aman jamin mutu pangan layan padu sertifikasi halal good manufacturing practices gmp iso manajemen aman pangan inspeksi audit uji laboratorium sertifikasi produk latih teknis proses produksi pangan penuh standar kualitas aman patuh regulasi laku press release tayang divritimes vritimes com minggu menit menit jam pontianak jam jam pontianak pontianak pontianak
Kapolsek Bantul Cek Satuan Pelayanan Pemenuhan Gizi (SPPG) di Wilayah Kalurahan Trirenggo - Polda DIY,https://jogja.polri.go.id/bantul/tribrata-news/online/detail/kapolsek-bantul-cek-satuan-pelayanan-pemenuhan-gizi--sppg--di-wilayah-kalurahan-trirenggo.html,Polda DIY,Netral,0.9995823502540588,Positif,kapolsek bantul cek layan penuh gizi sppg wilayah kalurahan trirenggo mar lupa berita berita online mar wujud layan masyarakat jajar polsek kasihan respons mar jaga situasi kamtibmas aman kondusif kapolsek bantul kompol rapiqoh mar panit binmas polsek dayu ipda mujiyono bhabinkamtibmas argorejo mar rangka aman lancar giat masyarakat bhabinkamtibmas kalurahan
Badan Gizi Nasional Seleksi Penerima Insentif Satuan Pelayanan Gizi - HarianBasis.co,https://www.harianbasis.co/insentif-satuan-pelayanan-gizi-nasional,HarianBasis.co,Netral,0.9992491602897644,Netral,kepala badan gizi nasional tetap klasifikasi beri insentif layan penuh gizi sppg operasional henti suspend rabu bijak ambil salur dana sasar sebab ganggu operasional lansir detik finance mekanisme evaluasi aman pangan sppg bukti langgar fatal lalai fasilitas dapur layak guna bahan baku segar otomatis hilang hak insentif praktik sehat monopoli supplier main harga insentif kepala badan gizi nasional toleransi kendala teknis operasional baik indikasi langgar sistemik praktik curang laku sppg paksa henti permanen renovasi mayor jalan fungsi jangka baik makan aspek luas sisi fasilitas kesiap operasional kepala badan gizi nasional data kini sppg catat status suspend mayoritas masuk kategori mayor terima kucur insentif
Kota Kupang Dorong Percepatan Sertifikat Higiene Sanitasi Demi Dukung Program Makan Bergizi Gratis - Prokopim Kota Kupang,https://prokopim.kupangkota.go.id/site-berita/read/304-kota-kupang-dorong-percepatan-sertifikat-higiene-sanitasi-demi-dukung-program-makan-bergizi-gratis,Prokopim Kota Kupang,Positif,0.997622549533844,Positif,foto pkp tonny ga wali kota kupang dr christian widodo hadir dialog kepala dinas sehat kabupaten kota provinsi ntt rangka cepat oleh sertifikat laik higiene sanitasi slhs gelar hotel aston kupang kamis hadir giat direktur sedia salur wilayah badan gizi nasional ranto kepala dinas sehat kota kupang kabupaten kupang kabupaten timor selatan kabupaten timor utara hadir virtual kepala dinas sehat kabupaten ntt kepala dinas sehat ntt wakil administrator sehat kepala kantor layan penuh gizi denpasar wilayah bal ntt ntb koordinator provinsi ntt koordinator wilayah provinsi ntt ketua yayasan layan penuh gizi sppg provinsi ntt sambut wali kota kupang apresiasi badan gizi nasional inisiasi dialog cepat program nasional program makan gizi gratis turut bicara bangsa kali penuh narasi bangun infrastruktur maju ekonomi fondasi sungguh sederhana makan konsumsi anak anak piring makan anak anak sungguh simpan harap bangsa makan sehat fondasi lahir generasi kuat martabat dokter kualitas nutrisi tentu tumbuh kembang manusia nutrisi kuat fisik kognitif mampu pikir optimal program makan gizi gratis beri makan investasi jangka adab generasi tekan makan sehat kandung gizi aman higienis konteks ada sertifikat laik higiene sanitasi slhs slhs dokumen administrasi dalam jamin percaya masyarakat tanggung moral makan saji aman konsumsi dapur higienis makan aman standar tegak upaya bangun generasi sehat kuat kualitas sempat wali kota papar capai kota kupang terbit slhs layan penuh gizi sppg maret total sppg kota kupang oleh slhs sppg proses tunggu hasil laboratorium tahap berkas hitung persentase capai tinggi capai lepas peran aktif dinas sehat kota kupang responsif komunikatif proaktif damping kelola sppg metode jemput cepat urus sertifikasi wali kota harap dialog henti forum diskusi lahir solusi konkret tantang daerah daerah tantang beda duduk solusi beda harmoni gerak capai tuju sambut titip perhati khusus luas cakup program makan gizi gratis anak anak posyandu didik anak usia paud turut cakup program kota kupang tingkat peran upaya cepat turun stunting capai sekolah posyandu paud perhati khusus kait upaya cegah stunting pungkas direktur sedia salur wilayah badan gizi nasional ranto program makan gizi gratis program strategis nasional tuju tingkat kualitas manusia penuh butuh gizi masyarakat kelompok sasar prioritas program aspek aman pangan patuh standar higiene sanitasi syarat abai badan gizi nasional tanggung standar aman pangan layan penuh gizi salah satu terap sertifikat laik higiene sanitasi slhs ranto papar program nasional sppg indonesia capai ribu provinsi nusa tenggara timur rencana bangun dapur sppg diri persen data slhs persen badan gizi nasional direktorat sedia salur wilayah komitmen dorong cepat milik slhs sppg kolaborasi koordinasi strategis menteri sehat dinas sehat provinsi kabupaten kota badan pom mang penting target sppg provinsi ntt slhs selenggara layan makan gizi gratis kualitas higienis jamin aman pkp chris dethan nina tiara siar pers protokol komunikasi pimpin sekretariat daerah kota kupang wali kota kupang dr christian widodo hadir giat leta wakil wali kota kupang rena francis sos sc hadir suasana beda ingat didik nasional hard wakil wali kota kupang rena francis sos sc resmi suasana religius penuh sama warna buka musabaqah ti
MBG: 2.721 SPPG sempat ditutup sementara - 'Sertifikasi jangan hanya formalitas administrasi saja' - BBC,https://www.bbc.com/indonesia/articles/c4g257y1pr9o,BBC,Negatif,0.9475950598716736,Negatif,foto layan penuh gizi sppg klaster wilayah henti maret alas ribu dapur makan gizi gratis daftar sertifikat laik higiene sanitasi slhs instalasi olah air limbah ipal pada sppg operasi aju daftar slhs pakar aman pangan slhs penuh administrasi perhati substansi kompetensi proses normal butuh sertifikasi cepat periksa fisik asal periksa kesiap sdm nya cepat administrasi muncul lembar sertifikat kepala pusat studi pangan gizi pspg ugm prof dr ir sri raharjo bbc indonesia kamis muncul sertifikat cepat identik sppg jamin aman pangan oleh wajar pisah founder ceo cisdi diah saminarsih perintah moratorium operasionalisasi tambah sppg terima manfaat fokus evaluasi program moratorium evaluasi tata kelola optimal data maret sppg capai dapur banyak sppg target rincian sppg wilayah aglomerasi daerah pencil tuju layan terima manfaat tanggap staf khusus kepala badan gizi nasional komunikasi redy hendra gunawan sppg tambah target presiden baca liput dalam bbc indonesia whatsapp whatsapp cepat sertifikasi khawatir redy urus terbit slhs ranah dinas sehat acu atur menteri sehat cepat ya slhs cepat konteks urus syarat wilayah kemenkes sppg daftar slhs oke aktif redy sppg operasi semester sisir daftar slhs periode operasi daftar slhs redy bbc indonesia perihal sertifikasi kepala utama diri operasional sppg distribusi sertifikasi urus susul racun tubi tubi dorong menteri sehat ambil mengeluarkansurat edar hk cepat terbit sertifikat laik higiene sanitasi layan penuh gizi program makan gizi gratispada oktober surat aman pangan faktor perhati aspek gizi makan aman konsumsi upaya cegah kontaminasi rantai pangan olah saji terap higiene sanitasi pangan kendali titik kritis cemar kelola pangan jamin aman pangan olah saji surat terbit slhs aju mohon sppg catat dokumen syarat nyata lengkap penuh syarat slhs makan kerja maret keluar surat umum henti sppg wilayah cakup area sumatra melaluisiaran pers bgnpenutupan batas wajib sppg daftar slhs aktif direktur pantau awas wilayah harjito keputusansuspenddilakukan tega standar aman layak dapur program makan gizi gratis harjito tentu laku dapur operasi daftar slhs sppg daftar slhs sumatra utara dapur susul lampung dapur aceh dapur sumatra barat dapur riau sembilan dapur pulau riau dapur bengkulu dapur jambi sumatra selatan pulau bangka belitung catat dapur daftar sppg operasi daftar slhs salah satu sppg kedai durian sumut sppg kedai durian sppg henti perintah ratus dapur henti operasi lantar penuh syarat contoh slhs ipal lokasi sppg kedai durian gang mukim sisi belakang tempel tembok rumah warga kepala sppg kedai durian rizki khalid dapur henti operasi senin boleh operasi kamis dapur suspend dapur rizki afp via getty images operasi dapur kelola rizki lengkap syarat syarat slhs ipal proses urus urus proses slhs lebaran proses rizki asisten lapang sppg tanjung rejo iv muhammad nurhadi dapur henti produksi lengkap slhs perihalsuspendkemarin slhs dinas sehat lengkap administrasi dapur tanggung dapur henti produksi nurhadi otomatis dampak nasib kerja signifikan oleh gaji rugi bijak henti produksi aktivitas informasi bayar aktivitas maret umum henti operasional sppg sebar pulau jawa tindak evaluasi penuh standar operasional syarat sarana prasarana sppg direktur pantau awas wilayah ii albertus dony dewantoro lansir darisiaran pers tutup sppg slhs ipal pada sppg sebar dki jakarta banten jawa barat jawa jawa timur yogyakarta kamis umum sppg aktif urus slhs sisa sppg daftar slhs salah sppg aktif henti operasional sppg lenteng jawa timur kepala sppg lenteng mellisa agustin sppg nya operasi daftar slhs operasi kemarin operasi urus slhs kira slhs lengkap surat cabut henti serta dokumentasi slhs mellisa afp via getty images maret tangguh operasional sppg wilayah iii sasar sppg daftar slhs rekapitulasi pantau wilayah iii total sppg data dapur slhs dapur proses urus dapur daftar sppg daftar sebar provinsi nusa tenggara barat nusa tenggara timur kalimantan barat sulawesi selatan malu wilayah papua direktur pantau awas wilayah iii rudi setiawan melaluisiaran pers milik slhs syarat sppg penuh standar bersih aman pangan terima manfaat program bulan suara bising hampir diam ramto malam lelaki pasrah limbah makan lalang selokan pribadi rumah ramto dagang warung kopi rumah persis samping dapur makan gizi gratis layan penuh gizi sppg kedai durian camat deli tua kabupaten deli serdang sumatra utara bising salur air dapur salur tanah buang kemari tanah ramto bincang warung jumat ramto masalah suara bising kerap muncul dapur operasi malam ramto harap solusi kelola limbah dapur buang salur parit lahan pribadi ramto kenan benah salur sumbat semen parit sisa sisa nasi lancar tanah buang kemari parit tanah alir bising maklum orang dapur buang ramto nanda fahriza batubara lokasi beda keluh jojo warga lurah tanjung rejo camat medan sunggal kota medan provinsi sumatra utara rumah lelaki usia bahan dapur sppg tanjung rejo iv limbah jojo terkadang ganggu suara bising timbul operasional dapur sppg kedai durian lokasi dapur mukim warga kenal manfaat ya samping samping rasa ribut bising tenang ya rang ganggu istirahat jojo kadi triyono warga dusun sarperreng desa lenteng camat lenteng rumah sppg lenteng aku bulan operasi dapur ya ya dengar limbah jalur paralon jalur aman warga kadi lepas operasional laila maryati warga bogor sertifikasi dapur kejar urus bingung ya jalan sertifikasi anak anak racun trauma laila program prioritas perintah anggar triliun mesti rencana muncul problem lapang rugi masyarakat sekolah anak nya aman ramadhan menu kering khawatir tanggal kadaluwarsanya ya aman program gin standar mesti biar ya mikirnya sertifikasi operasi bolak laila bloomberg via getty images pisah staf khusus redy hendra gunawan upaya atas pindah baik opsi warga sppg ganggu operasional diri izin tuju berat bangun pindah warga kenan lokasi baik sertifikasi sppg wajib daftar slhs operasi slhs kait sppg diri periode gulir slhs sertifikat laik higiene sanitasi dokumen resmi terbit dinas sehat usaha penuh standar higiene sanitasi dokumen wajib milik restoran jasa boga depot air minum kolam renang syarat lengkap kepala sppg lenteng melissa agustin dokumen serah sertifikat jamah makan bukti latih sertifikat latih aman pangan penanggungjawab sampel makan sampel masuk sampel basah ramadhan pakai kering melissa dosen departemen teknologi pangan hasil tani fakultas teknologi tani ugm sri raharjo tekan slhs lembar kertas lengkap administrasi detil substansi bukti nyata lapang pakai lazim terap mesti nama cppob produksi pangan olah komponen aman sri fasilitas bangun infrastruktur elemen bangun serta infrastruktur lindung area ruang ruang hindar cemar udara kotor serangga hama tikus ventilasi pintu atap langit langit cegah hindar serang cemar sri lantai dinding detil bangun mudah bersih fasilitas lengkap perhati fasilitas dasar cuci tangan cuci piring toilet sri seksama alir air pisah cemar alat simpan makan bahan pangan segar dingin beku khusus atur suhu alat masak sesuai sasar makan olah hadap volume masak ratus porsi ribu unit pakai kompor rumah tangga matang sempurna suhu rebus goreng rutin catat sri sorot bahan pangan cuci sayur buah kupas potong racik kirim bersih bersih ompreng main main potensi cemar cuci bersih standar tiga manusia latih ikut tunjuk paham tenaga sppg latih aman pangan oleh sertifikat ikut latih sangkut terampil tahu terampil tangan makan olah makan simpan makan aman acu banyak peristiwa lapang kait racun makan sekolah jalan tolong sertifikasi pakai slhs lanjur operasi sila dapat slhs cepat kondisi risiko ideal sedia aju sertifikasi inspeksi temu baik sertifikat izin operasi sebut uji coba uji coba layan ribu porsi masalah baik aman operasi layan porsi anadolu via getty images bicara slhs sri lepas ipal olah limbah periksa instalasi olah limbah formalitas fisik oh salur buang limbah cair nyaring sederhana pokok sertifikat terbit operasi heran operasi sri tangan limbah nila krusial dampak aman pangan dapur olah makan hasil limbah cair proses siap pasca saji tangan salur limbah muncul potensi air bersih kontaminasi air limbah salur tangan limbah cair bagus cair limbah alir buang genang bersih balik campur kait fasilitas sanitasi cuci toilet ipal ada sarana fisik tanggap staf khusus redy hendra gunawan slhs ipal sppg sedia ipal pada redy dapur diri semester ipal nya kapasitas baik sih mayoritas kapasitas aja baik minggu minggu baik ipal founder ceo cisdi diah saminarsih dapat perintah pikir mekanisme awas tega standar aman pangan daerah slhs salah libat dinas sehat sehat lingkung pantau rutin tega slhs tingkat sppg proses mekanisme sppg kumpul serah hasil check list pantau hari dinas sehat diah dinas sehat inspeksi lapang kala sppg operasi wilayah meminimalisir ulang jadi racun hasil pantau rutin dinas sehat jadi acu evaluasi baik program tega standar aman pangan mekanisme internal pantau silang perintah daerah konsekuensi anggar alokasi dinas sehat kerja kerja optimal diah staf khusus redy hendra gunawan awas ketat satgas daerah bantu awas denganperaturan presiden tata kelola selenggara program makan gizi gratis satgas daerah linimasa sendiri awas koordinasi deputi awas khusus perintah daerah awas masyarakat awas artikel nanda fahriza batubara medan ahmad mustofa madura
Jatim Terbanyak! BGN Bekukan 1.512 Satuan Pelayanan Gizi di Wilayah II - jatimnow.com,https://jatimnow.com/baca-83007-jatim-terbanyak-bgn-bekukan-1512-satuan-pelayanan-gizi-di-wilayah-ii,jatimnow.com,Negatif,0.999747097492218,Negatif,jatimnow com ribu dapur sedia program makan gizi gratis paksa henti kepul badan gizi nasional ambil ekstrem beku operasional layan penuh gizi sppg wilayah ii bijak sasar fasilitas bukti gagal penuh standar sehat aman pangan masyarakat jawa timur wilayah dampak luas layan henti operasi muncul tim awas temu borok tata kelola sanitasi sarana dukung lapang risiko ancam kualitas gizi salur direktur pantau awas wilayah ii albertus dony dewantoro henti konsekuensi hasil evaluasi layak fasilitas sppg henti operasional tindak nilai standar operasional lengkap sarana prasarana pada dony jakarta kutip situs resmi selasa data internal lubang aspek legalitas sehat dapat daftar sertifikat laik higiene sanitasi slhs sertifikasi dapur instalasi olah air limbah ipal standar risiko kampus dapur negara program makan gizi gratis ipal aktivitas dapur skala potensi cari lingkung mukim warga peta henti layan cakup dki jakarta banten jawa barat jawa jawa timur yogyakarta sanitasi sorot sejahtera tenaga ahli layan sedia tinggal mess kepala ahli gizi akuntan logistik nilai hambat efektivitas awas gizi hari wujud sdm kualitas arzeti bilbina sosialisasi gizi sidoarjo dony jamin biar mati permanen jalan verifikasi damping kelola baik fasilitas buka operasional sppg tahap syarat mutlak standar operasional syarat teknis wajib penuh dony bersih internal sinyal kuat program nasional makan gizi gratis toleransi celah aspek aman pangan profesionalitas tata kelola url https jatimnow com jatim beku layan gizi wilayah ii
Satuan Pelayanan Pemenuhan Gizi Ke - Pemerintah Kabupaten Gunungkidul,https://desatepus.gunungkidulkab.go.id/first/artikel/6598-Satuan-Pelayanan-Pemenuhan-Gizi-Kecamatan-Tepus-Sajikan-Menu-MBG-Bergizi-Seimbang-untuk-Masyarakat,Pemerintah Kabupaten Gunungkidul,Positif,0.9958544969558716,Positif,tepus desatepus gunungkidulkab go id upaya tingkat kualitas sehat penuh gizi masyarakat layan penuh gizi camat tepus rilis daftar menu makan gizi gratis senin januari program komitmen badan gizi nasional asupan nutrisi warga wilayah kapanewon tepus menu saji rancang komposisi gizi imbang karbohidrat nasi putih protein hewani ayam kentucky sayur cap cay edamame buah kelengkeng selenggara sedia varian porsi sesuai butuh kalori hari porsi porsi rincian kandung gizi porsi energi kkal protein lemak karbohidrat serat porsi energi kkal protein lemak karbohidrat serat saji menu variatif kontrol kandung gizi harap program tumbuh anak anak tingkat derajat sehat masyarakat kalurahan tepus perintah kalurahan tepus imbau warga program penuh gizi cipta generasi kuat sehat website desa berbasisaplikasi informasi desa sid berdayayang prakarsa kembang olehcombine resource institutionsejak rujuk padalisensi sid daya isi website tentu atur undang undang republik indonesia buka informasi publik danattribution noncommercial noderivatives international cc by nc nd license
"Wabup TTU Launching SPPG Sasi 03 Kefamenanu, Dorong Pemenuhan Gizi dan Penguatan Ekonomi Lokal - Kefamenanu News",https://lpplrspdttu-tvbiinmaffo.ttukab.go.id/berita-pemerintahan/wabup-ttu-launching-sppg-sasi-03-kefamenanu-dorong-pemenuhan-gizi-dan-penguatan-ekonomi-lokal/,Kefamenanu News,Positif,0.9997825026512146,Positif,kefamenanu wakil bupati timor utara ttu kamillus elu sh resmi melaunching layan penuh gizi sppg sasi kefamenanu maret giat dukung yayasan bintang nusa tenggara kupang upaya kuat program penuh gizi masyarakat anak anak terima manfaat program makan gizi gratis acara launching wilayah sasi kota kefamenanu hadir unsur perintah masyarakat hadir unsur forum koordinasi pimpin daerah forkopimda kabupaten ttu pimpin yayasan bintang nusa tenggara kupang camat kota kefamenanu ketua sppg sasi lurah sasi tokoh masyarakat tokoh adat tokoh perempuan tenaga akuntan ahli gizi kepala dapur serta perangkat hadir dukung sukses program penuh gizi salah upaya tingkat kualitas sehat tumbuh kembang anak daerah sempat wakil bupati ttu apresiasi yayasan bintang nusa tenggara kupang bentuk sppg sasi kefamenanu turut ada fasilitas layan penuh gizi strategis anak anak asupan makan sehat gizi lanjut penuh gizi fondasi cipta generasi sehat cerdas produktif sinergi perintah lembaga swasta masyarakat butuh program jalan manfaat nyata masyarakat fokus penuh gizi perintah kabupaten ttu harap ada sppg kota kefamenanu dampak ekonomi masyarakat wakil bupati ttu dorong kelola sppg jalin kerja tani ternak lokal sedia bahan pangan kerja harap sedia bahan pangan kualitas daya potensi ekonomi lokal bahan pangan jagung kacang kacang sayur mayur protein hewani pasok hasil produksi tani ternak wilayah manfaat produk lokal bahan baku program kontribusi tingkat gizi anak anak terima bantu tingkat dapat masyarakat kuat tahan pangan daerah perintah kabupaten ttu optimistis kolaborasi perintah kelola program masyarakat ada sppg sasi kefamenanu salah pusat layan gizi efektif lanjut harap upaya tingkat kualitas gizi masyarakat kabupaten ttu jalan optimal dorong tumbuh ekonomi lokal bas potensi daerah tulis poldus meomanueditor frumentus bana
Polres PPU Tingkatkan Pengawasan Pelayanan SPPG Demi Optimalisasi Pemenuhan Gizi Masyarakat - DIVISI HUMAS POLRI,https://humas.polri.go.id/news/detail/2315893-polres-ppu-tingkatkan-pengawasan-pelayanan-sppg-demi-optimalisasi-pemenuhan-gizi-masyarakat,DIVISI HUMAS POLRI,Positif,0.872053325176239,Positif,berita polres ppu tingkat awas layan sppg optimalisasi penuh gizi masyarakat oprspitrespenajampaserutara maret najam paser utara polres najam paser utara ppu seksi profesi aman si propam sidokkes siwas laksana giat kece awas layan layan penuh gizi sppg kemala bhayangkari polres ppu selasa pagi giat gedung sppg polres ppu pimpin kanit paminal polres ppu iptu jusman kasmily tim awas si propam siwas sidokkes polres ppu awas upaya kualitas makan salur terima manfaat ajar penuh standar aman pangan layak konsumsi giat tim periksa proses sedia makan bahan baku olah kualitas makan distribusi uji aman pangan food safety sampel makan siap sppg kepala sppg polres ppu yoggi adjie nugroho pd tanggung kelola dapur sppg layan penuh gizi libat orang karyawan dukung tenaga ahli gizi sharfina duroothul hikmah tr gz menu saji penuh standar gizi sppg polres ppu salur porsi makan sekolah wilayah najam tk kemala bhayangkari porsi sdn najam porsi smp najam porsi sman najam porsi menu makan saji siswa telur rebus roti plain pisang goreng keju sesuai porsi butuh terima manfaat tim sidokkes polres ppu periksa sampel makan metode organoleptik bau warna tekstur tampil makan uji alat food safety kit deteksi kandung bahaya formalin nitrit arsenik boraks sianida hasil periksa sampel makan uji nyata aman layak konsumsi temu kandung zat bahaya makan distribusi siswa rute antar kendara operasional tk kemala bhayangkari smp najam rute sdn najam sman najam giat awas polres ppu komitmen layan penuh gizi ajar jalan aman manfaat nyata sehat tumbuh kembang generasi muda tags alamat email publikasi ruas wajib tanda komentar nama email call center ppid polri go id download aplikasi polri presisi download on the app store get it on google play subscribe dapat info event terupdate kontributor wilayah
"Dukung Generasi Sehat, Kapolsek Mantrijeron Pantau Kesiapan Dapur Unit Pelayanan Pemenuhan Gizi - Polda DIY",https://jogja.polri.go.id/yogyakarta/tribrata-news/online/detail/dukung-generasi-sehat--kapolsek-mantrijeron-pantau-kesiapan-dapur-unit-pelayanan-pemenuhan-gizi.html,Polda DIY,Netral,0.9996476173400879,Positif,dukung generasi sehat kapolsek mantrijeron pantau kesiap dapur layan penuh gizi feb lupa berita berita online feb kapolsek ngampilan akp sriyati sos si hadir giat musyawarah rencana feb patroli polsek kotagede laksana patroli sepeda susur gang gang mukim feb kapolsek kraton akp den efendi hadir giat musyawarah rencana bangun feb rangka kuat fondasi spiritual anggota polsek kotagede rutin laksana
"Pastikan Program MBG Optimal, Mas Adi Tinjau Operasional Satuan Pelayanan Gizi di Kota Pasuruan - RAMAPATI Kota Pasuruan",https://ramapati.pasuruankota.go.id/2026/03/04/pastikan-program-mbg-optimal-mas-adi-tinjau-operasional-satuan-pelayanan-gizi-di-kota-pasuruan/,RAMAPATI Kota Pasuruan,Netral,0.9423788785934448,Positif,ramapati pasuruan perintah kota pasuruan kuat awal proyek strategis nasional psn wilayah selasa wali kota pasuruan adi wibowo mas adi jajar forum koordinasi pimpin daerah forkopimda tinjau operasional layan penuh gizi sppg kota pasuruan kunjung tindak rapat koordinasi sinergi forkopimda gelar februari tinjau operasional sarana prasarana kualitas layan distribusi gizi jalan standar pusat jamin saji program makan gizi gratis penuh standart tetap perintah pusat hadir kunjung sekda kota pasuruan rudiyanto panitera pn pasuruan mohan ayusta wijaya pasiter kodim pasuruan kapten arh nur hidayat kasiwas polres pasuruan kota akp moch sholeh kasi intelijen jaksa kota pasuruan brigita feby florentina hadir kepala dinas didik budaya kota pasuruan lucky danardono kepala dinas sosial kokoh arie hidayat wali kota pasuruan adi wibowo sebut ada sppg peran penuh gizi masyarakat forkopimda fasilitas layan optimal manfaat nyata warga kota pasuruan kunjung kali mas adi tinjau lokasi sppg sppg kuncen camat panggungrejo kelola yayasan cinta nusantara persada sppg tapa camat bugul kidul kelola yayasan cipta generasi peduli lokasi rombong ecek kondisi dapur detail menu distribusi layan sppg nilai jalan sppg tingkat kualitas layan data wali kota pasuruan rapat koordinasi sinergi forkopimda kota pasuruan sppg bangun mana total sppg bangun sppg operasi penuh sppg proses sppg operasi distribusi paket terima manfaat paket siswa paket guru tenaga didik mas adi jangkau program luas sasar terima manfaat batas siswa jenjang tk sma rambah kelompok masyarakat rentan sasar terima manfaat lansia hamil susu balita non paud siswa tk sma wali kota pasuruan sepenuh operasi total sppg sebar kota pasuruan tambah terima manfaat hadir proyeksi serap tenaga kerja lokal sppg butuh tenaga jamah makan operasi penuh lapang kerja cipta tekan perintah kota pasuruan komitmen program dampak ekonomi nyata serap tenaga kerja lokal maksimal perintah kota pasuruan tekan sppg serap kerja asli kota pasuruan harap bahan baku sppg asal umkm lokal
Kapolda Sultra Resmikan Satuan Pelayanan Pemenuhan Gizi (SPPG) Polres Buton Utara - BIDHUMAS POLDA SULTRA,https://tribratanews.sultra.polri.go.id/kapolda-sultra-resmikan-satuan-pelayanan-pemenuhan-gizi-sppg-polres-buton-utara/,BIDHUMAS POLDA SULTRA,Positif,0.9689870476722717,Positif,portal berita resmi polisi tribratanews sultra polri go id buton utara oktober kepala polisi daerah sulawesi tenggara kapolda sultra irjen pol didik agung widjanarko resmi layan penuh gizi sppg polres buton utara butur lokasi desa wasalabose camat kulisusu rabu resmi hadir bupati buton utara afirudin mathara jabat pju polda sultra ketua bhayangkari daerah sultra ny yani widjanarko kapolres butur akbp totok budi wakil forkopimda kabupaten buton utara sambut kapolda sultra bangun sppg polres butur strategis program nasional makan gizi gratis polri inisiasi perintah laksana tunjuk arah kapolri program upaya tingkat kualitas sehat gizi anak usia sekolah sppg polres butur tiga sppg satbrimob polda sultra sppg polres kolaka irjen pol didik agung widjanarko sppg polres butur bangun lahan luas meter persegi anggar miliar fasilitas desain standar badan gizi nasional layan sekolah total siswa terima manfaat taman kanak kanak sekolah dasar smp sma wujud nyata kontribusi polri polda sultra bantu tingkat kualitas manusia usia penuh gizi fondasi bentuk generasi sehat cerdas kuat wujud visi indonesia emas kapolda kapolda sultra tekan sinergi lintas perintah daerah tni polri dunia didik masyarakat lanjut program penuh gizi bupati buton utara afirudin mathara apresiasi diri sppg polres butur turut hadir fasilitas baik asupan gizi siswa sekolah bentuk sadar kolektif masyarakat pola hidup sehat tumbuh kembang anak sppg polres butur harap contoh layan gizi higienis profesional lanjut wilayah bupati butur resmi sppg tanda komitmen polri peran aktif program perintah sehat masyarakat kuat mitra polri masyarakat wujud generasi terus bangsa sehat kualitas
"Dukung Kelancaran Program MBG di Bulan Ramadan, Kepala SPPG dan Ahli Gizi Ikuti Pelatihan Peningkatan Kapabilitas – Portal Resmi Kota Sukabumi - Portal Resmi Kota Sukabumi",https://portal.sukabumikota.go.id/dukung-kelancaran-program-mbg-di-bulan-ramadan-sppg-di-kota-sukabumi-ikuti-pelatihan-pengawas-dan-pemenuhan-gizi/,Portal Resmi Kota Sukabumi,Netral,0.999613344669342,Positif,reporter hendriansyah serta kepala layan penuh gizi sppg ahli gizi ikut latih tingkat kapabilitas awas gizi kepala sppg ada kantor layan penuh gizi latih ada hotel fresh februari buka staf ahli wali kota ekonomi bangun uang andri setiawan ketua satgas program makan gizi gratis kota sukabumi latih serta materi standar awas gizi didik strategi tingkat status gizi ajar susun program gizi butuh ajar narasumber latih asal dinas sehat satu ahli gizi indonesia kota sukabumi ketua satgas kota sukabumi wawancara latih kait surat edar badan gizi nasional atur mekanisme program ramadan cuti idul fitri hijriyah tanggal februari anak anak sekolah aktivitas makan bisasave makan kering gizi layan pondok pesantren pesantren masakan buka puasa kepala sppg jam makan harap latih tingkat tata kelola program kota sukabumi nada koordinator wilayah kota sukabumi septo suharyanto wawancara harap pasca latih sppg tingkat kerja layan masyarakat menu baik masyarakat layan maksimal harap masyarakat puas
"Dukung Program Gizi Nasional, Kapolda DIY Launching Satuan Pelayanan Pemenuhan Gizi (SPPG) Polri di Argorejo Bantul - Polda DIY",https://jogja.polri.go.id/bantul/tribrata-news/online/detail/dukung-program-gizi-nasional--kapolda-diy-launching-satuan-pelayanan-pemenuhan-gizi--sppg--polri-di-argorejo-bantul.html,Polda DIY,Netral,0.9996789693832397,Positif,dukung program gizi nasional kapolda diy launching layan penuh gizi sppg polri argorejo bantul dec lupa berita berita online dec jajar polisi aman ketat awal tanding lanjut bri super dec bhabinkamtibmas kalurahan sabdodadi aiptu moh riyadi laksana giat sambang warga dec personel polsek banguntapan laksana aman ketat raya natal dec kapolsek banguntapan akp wahyu aji wibowo stk sik pimpin giat epak barang alat
"HUTAMA KARYA BANGUN 80 TITIK SPPG, PERKUAT MBG DI HARI GIZI NASIONAL 2026 - hutamakarya.com",https://www.hutamakarya.com/en/hutama-karya-bangun-80-titik-sppg-perkuat-mbg-di-hari-gizi-nasional-2026,hutamakarya.com,Netral,0.9114450216293335,Positif,reference dd https errors edgesuite net dd
Website DJKN - DJKN,https://www.djkn.kemenkeu.go.id/kpknl-mataram/baca-berita/40531/KPKNL-Mataram-Mendukung-Program-Prioritas-Nasional-Makan-Bergizi-Gratis-melalui-Penilaian-SPPG-daerah-Terpencil.html,DJKN,Netral,0.999798595905304,Positif,kpknl mataram program prioritas nasional makan gizi gratis nilai sppg daerah pencil fatih ghozalirabu februari kali lombok timur tim nilai kpknl mataram laksana nilai bangun layan penuh gizi sppg daerah pencil tanggal februari sppg pencil tanjung kabupaten lombok utara sppg pencil padak guar sambelia kabupaten lombok timur giat laksana nilai perintah kpknl mataram ketut sandiasa tri hardi gunawan eko adhy saputro rangka badan gizi nasional nilai bangun layan penuh gizi sppg bangun mitra lokasi daerah pencil rangka program prioritas nasional program makan gizi gratis tentu bangun sppg objek wenang nilai perintah nilai hasil nilai dasar hitung nilai insentif mitra nilai sppg daerah pencil tantang sendiri aksesibilitas sulit lengkap dokumen aset nilai minim data banding pasar kpknl mataram program harap jangkau wilayah indonesia daerah daerah pencil seringkali hadap sulit akses pangan gizi upaya baik status gizi masyarakat cipta perata bangun indonesia fg foto berita
Wabup Bone Resmikan Satuan Pelayanan Pemenuhan Gizi (SPPG) Macanang - bone.go.id,https://bone.go.id/2025/11/24/wabup-bone-resmikan-satuan-pelayanan-pemenuhan-gizi-sppg-macanang/,bone.go.id,Positif,0.9998687505722046,Positif,humasbone wakil bupati bone dr andi akmal pasluddin resmi layan penuh gizi sppg macanang lokasi jl reformasi watampone senin sppg macanang kelola yayasan wakaf tunai indonesia harap pusat layan gizi upaya tingkat sehat masyarakat cegah stunting baik status gizi keluarga resmi perintah kabupaten bone komitmen luas akses layan gizi kualitas lanjut tingkat masyarakat wf
Wakil Bupati Kukar Tinjau Dapur SPPG Makanan Bergizi Gratis Kota Bangun - Kukarpaper.com,https://kukarpaper.com/wakil-bupati-kukar-tinjau-dapur-sppg-makanan-bergizi-gratis-kota-bangun/,Kukarpaper.com,Netral,0.9998750686645508,Positif,tenggarong wakil bupati kuta kartanegara kukar rendi solihin damping anggota dprd kukar doni ikhwan nasdem hendra gerindra sekdakab kukar dr sunggono camat kota bangun abdul karim kepala opd tinjau dapur layan penuh gizi sppg makan gizi gratis desa kota bangun ilir camat kota bangun selasa rombong terima sandi risqy koordinator wilayah badan gizi nasional kabupaten kuta kartanegara sandi lapor tinjau penuh layan gizi sppg sppg tahap survey lapang operasi tahap tentu kepala sppg kira operasi januari siswa siswi layan orang data layan penuh gizi sppg masak suluh layan informasi gizi temu tani ternak nelayan beli bahan makan personil libat inti sppg orang kepala sppg ahli gizi akuntansi rawan tahap rawan ambil masyarakat tim siap bahan makan olah masak bahan makan porsi distribusi sppg kota bangun ilir selesai siap bangun tahap tentu kepala sppg kepala sppg sarjana gerak bangun indonesia sppi camat kota bangun diri sppg aglomerasi kukar sppg operasi sppg proses bangun temu sela tinjau rendi solihin tuju tinjau siap layan penuh gizi sppg program makan gizi gratis wilayah kukar jalan rencana kesiap sarana prasarana mekanisme program rendi solihin program makan gizi gratis upaya perintah daerah tingkat kualitas manusia anak anak usia sekolah kelompok rentan program makan gizi gratis anak anak asupan gizi imbang siap sppg matang dapur distribusi kualitas makan saji perintah kabupaten kukar perangkat daerah koordinasi intensif program jalan lancar sasar lanjut standar bersih aman pangan nilai gizi makan perhati fokus terima manfaat makan salur penuh standar gizi higienitas komitmen program dampak positif masyarakat rendi solihin apresiasi tenaga laksana sppg mitra dukung maksimal program harap sinergi bangun tahan lancar lapang prokom
Kang Suyat Minta Satuan Pelayanan Gizi Utamakan Bahan Pangan Lokal - kominfo.magetan.go.id,https://kominfo.magetan.go.id/kang-suyat-minta-satuan-pelayanan-gizi-utamakan-bahan-pangan-lokal/,kominfo.magetan.go.id,Positif,0.9991163611412048,Positif,wakil bupati magetan kang suyat hadir grand launching layan penuh gizi bentuk dukung perintah daerah upaya tingkat kualitas gizi masyarakat sambut kang suyat pesan operasional layan penuh gizi libat potensi lokal contoh temu layan daerah sayur potensi dagang tani lokal pada turut manfaat bahan pangan tukang sayur laku usaha lokasi layan upaya roda ekonomi desa gerak jalan cita cita presiden dorong kuat ekonomi desa grand launching layan penuh gizi laksana krajan parang yayasan bani umar ngepeh ngijo karangploso jumat hadir wakil bupati magetan kang suyat jajar forkopimca kepala yayasan bani umar tamu undang diskominfo syrl fa
SPPG Jakut Kelapa Gading Pegangsaan Dua 2 Raih Predikat Dapur Terbaik dari Badan Gizi Nasional - DIVISI HUMAS POLRI,https://humas.polri.go.id/news/detail/2371386-sppg-jakut-kelapa-gading-pegangsaan-dua-2-raih-predikat-dapur-terbaik-dari-badan-gizi-nasional,DIVISI HUMAS POLRI,Positif,0.9998989105224609,Positif,berita sppg jakut kelapa gading gangsa raih predikat dapur baik badan gizi nasional oprspitpoldametro april jakarta april layan penuh gizi sppg jakarta utara kelapa gading gangsa bina sppg polres metro jakarta utara raih harga gengsi badan gizi nasional predikat dapur baik harga deputi pantau awas bentuk apresiasi dedikasi kerja program penuh gizi nasional harga bukti nyata peran aktif sppg polres metro jakarta utara program perintah sehat masyarakat penuh gizi kualitas lanjut sppg jakut kelapa gading gangsa nilai standar kelola dapur profesional konsisten nilai komprehensif timbang indikator kualitas kelola dapur standar bersih konsistensi distribusi makan gizi komitmen jaga mutu layan wilayah jakarta utara deputi pantau awas capai harap contoh sppg indonesia hasil cermin sinergi kuat kelola dapur dukung institusi polisi bijak perintah masyarakat oleh asupan gizi optimal piagam harga ditandatangani dadang hendrayudha bentuk aku resmi dedikasi abdi raih predikat sppg jakut kelapa gading gangsa sppg polres metro jakarta utara harap tahan kualitas layan role model kelola dapur gizi profesional higienis standar tingkat nasional tags alamat email publikasi ruas wajib tanda komentar nama email call center ppid polri go id download aplikasi polri presisi download on the app store get it on google play subscribe dapat info event terupdate kontributor wilayah
"Kepala BPOM Sidak SPPG di Jakarta, Pastikan Pelaksanaan MBG Sesuai Standar Keamanan Pangan - Badan POM",https://www.pom.go.id/berita/kepala-bpom-sidak-sppg-di-jakarta-pastikan-pelaksanaan-mbg-sesuai-standar-keamanan-pangan,Badan POM,Netral,0.9995719790458679,Netral,jakarta kepala bpom taruna ikrar jajar inspeksi dadak sidak serentak layan penuh gizi sppg wilayah dki jakarta kamis sidak rangka monitoring program makan gizi gratis jalan tentu periksa fokus proses siap bahan baku olah masa porsi antar terima manfaat sppg datang kepala bpom deputi awas pangan olah elin herlina sppg tebet manggarai selatan salah sppg milik yayasan bina siwi oku timur operasional bangun rumah toko ruko dialihfungsikan dapur sppg layan terima manfaat sidak taruna ikrar pagi kawan kawan bpom survei sppg salah satu manggarai selatan tindak temu komisi ix dpr makan anak anak adek adek smp sma sd paud hamil jamin aman sumber kepala bpom pangan aman taruna ikrar awas bpom liput tindak jadi aman pangan klb kp program efisiensi anggar perintah bpom laksana awas aman pangan monitoring tindak cepat dampak hasil program risiko insiden aman pangan hindar sidak pagi serentak sppg direktur awas produksi pangan olah sondang widya sidak sppg khusus kota jakarta barat pal merah sppg pal merah salah sppg contoh program jakarta barat operasi november komplek rumah sppg tempat bangun layan terima manfaat serta didik tk sma smk balita hamil susu sama direktur awas edar pangan olah didik joko pursito sppg jatinegara kampung melayu area mukim sppg layan terima manfaat balita siswa didik anak usia sd smp smk hamil susu direktur registrasi pangan olah sintia ramadhani unjung sppg tanah johar operasi kawasan padat jakarta pusat dapur sppg kafe operasi september layan terima manfaat siswa sd smp hamil susu balita tenaga didik kepala balai pom bbpom jakarta sofiyani chandrawati anwar inspeksi sppg sunter jaya sppg lokasi komplek rumah rumah tinggal dialihfungsikan sppg sunter jaya terima manfaat hasil inspeksi operasional sppg kunjung jalan tentu kepala bpom catat baik minor tingkat praktik aman pangan catat kepala sspg yayasan bina siwi oku timur muhammad abrar hariswan damping proses program jalan kunjung bentuk monitoring bpom melakukancontinuousimprovement hasil masuk taruna ikrar muhammad abrar terima kasih kunjung tim bpom serta tim dapur tebet manggarai selatan komitmen makan gizi gratis masyarakat indonesia jamin aman mutu pangan baik saran masuk bpom lokasi sppg kunjung tugas bpom periksa diskusi buka denganpersonel sppg kepala sppg pengawasgizi asisten lapang rawan diskusi kendala temu tingkat siap sppg diskusi simpul ada awas aman pangan sppg awas aman pangan awal jamin aman pangan sppg jalan konsisten edukasi sambung rawan sidak pagi bpom temu aspek positif sppg contoh chef sppg jatinegara tenaga profesional sertifikasi badan nasional sertifikasi profesi bnsp anggota indonesian chef association ica jamah pangan ikut latih higiene sanitasi pangan laku uji organoleptik sarana produksi terima sampel sampel tinggal menu bpom temu aspek produksi pangan olah kuat intervensi ulang paham perhati serius aspek aman pangan laku sembarang kuat melaluiperbaikan komitmen dukung mitra yayasan temu kepala sppg ditindaklanjuti baik hasil monitoring bpom sppg kepala bpom damping awas upaya hasil program harap sinergi hasil program tutup hm nelly biro kerja hubung masyarakat bagi
Kepala BGN Minta Kampus Bangun Dapur SPPG untuk Dukung MBG - CNN Indonesia,https://www.cnnindonesia.com/ekonomi/20260429160716-92-1353508/kepala-bgn-minta-kampus-bangun-dapur-sppg-untuk-dukung-mbg,CNN Indonesia,Positif,0.9987730383872986,Positif,kepala badan gizi nasional hindayanameminta guru bangun kelola dapur layan penuh gizi sppg mandiri program makan gizi gratis kampus paham peluang minimal sppg pasok asal civitas akademika terang resmi makassar selasa sppg butuh dukung pasok bahan pangan butuh beras sppg hektare lahan sawah to continue with butuh pakan ternak butuh hektare lahan jagung butuh telur hari sppg butuh ayam telur telur pasok ayam telur sppg butuh penuh civitas akademika kerja tani ternak laku usaha kampus sebut kampus jadi kelola sppg giat praktik lapang mahasiswa tani terna olah pangan distribusi sppg fungsi dapur sedia makan gizi terap giat akademik rantai pasok pangan ada sppg tampung offtaker hasil produksi lokal sppg offtaker depan produk produk lokal makan cipta ekosistem ekonomi lanjut program butuh pasok bahan pangan jalan rutin guru nilai masuk kelola dapur sedia bahan baku
"SPPG Polri Mulai Terapkan Sistem Prasmanan, Perdana di Pejaten - DIVISI HUMAS POLRI",https://humas.polri.go.id/news/detail/2363660-sppg-polri-mulai-terapkan-sistem-prasmanan-perdana-di-pejaten,DIVISI HUMAS POLRI,Positif,0.9937136769294739,Positif,berita sppg polri terap prasmanan perdana pejaten oprkorsabhara april jakarta selatan layan penuh gizi sppg polri pejaten hadir dekat beda salur makan gizi gratis ajar saji menu prasmanan sma kemala bhayangkari pasar minggu jakarta selatan terobos inovasi layan dinamis fokus distribusi makan bentuk karakter alam ajar siswa giat rabu april wib saji prasmanan wib giat siswa tahap simulasi terap menu saji liput nasi putih lele crispy bumbu kuning tumis buncis wortel pisang susun ahli gizi imbang nutrisi ajar total sekolah terima manfaat prasmanan terap sekolah sma kemala bhayangkari total terima manfaat sppg polri pejaten capai porsi distribusi jenjang didik kepala sppg polri pejaten muhammad iqbal salim gz pola prasmanan dekat ajar luas siswa terima makan ajar disiplin tanggung bangun sama budaya antre ambil porsi butuh kasatgas polri irjen pol nurworo danang dekat inovasi layan dampak terima manfaat saji prasmanan laku terobos inovasi salur makan dinamis ajar asupan gizi hadir alam beda bangun sama tanggung sabar disiplin dorong partisipasi aktif tingkat antusiasme siswa konsumsi makan sehat edukasi program beri menu ajar penuh gizi proses edukasi tanam nilai nilai positif hidup hari salah siswa sma kemala bhayangkari pasar minggu sambut saji prasmanan suka makan makan fresh alam antre suka ompreng anter makan pake antre laksana giat depan standar aman pangan uji organoleptik ahli gizi uji food safety tim dokpol antre tertib terap distribusi jalan lancar latih disiplin siswa sppg polri libat umkm bahan pangan lokal sedia bahan makan bentuk dukung ekonomi masyarakat program polri kembang operasional tahap siap operasional tahap bangun total capai rencana tambah wilayah pencil total hasil evaluasi terap dasar pola layan adaptif dampak luas sisi penuh gizi bentuk karakter generasi muda sppg polri komitmen hadir layan penuh butuh dasar masyarakat nilai dekat edukatif humanis tags alamat email publikasi ruas wajib tanda komentar nama email call center ppid polri go id download aplikasi polri presisi download on the app store get it on google play subscribe dapat info event terupdate kontributor wilayah
Adanya chef bersertifikat BNSP di SPPG Bogor tingkatkan mutu MBG - ANTARA News Megapolitan,https://megapolitan.antaranews.com/berita/527423/adanya-chef-bersertifikat-bnsp-di-sppg-bogor-tingkatkan-mutu-mbg,ANTARA News Megapolitan,Positif,0.999839186668396,Positif,jakarta ada juru masak atauchefdengan sertifikat badan nasional sertifikasi profesi bnsp layan penuh gizi sppg jogjogan silma kabupaten bogor jawa barat faktor kunci tingkat kapasitas mutu layan program makan gizi gratis kepala sppg jogjogan silma din bahwachefbersertifikat dasar tentu kapasitas layan operasional memastikanchefyang tugas sertifikat bnsp arah terima jikachefsudah sertifikat terima manfaat layan terima terang resmi jakarta minggu operasi november dapur layan terima manfaat tingkat terima dukung kesiap manusia tenagachefprofesional penuh standar kompetensi dapur diri singkat bogorbaca kabupaten bogor naik target bangun sppg dapur din keberadaanchefbersertifikat dampak tingkat kapasitas produksi jamin konsistensi mutu makan proses olah saji chefbersertifikat bantu jaga standar dapur masak proses standar bersih saji din standar kerja terap mudah proses adaptasi rawan libat operasional dapur kerja struktur rawan efektif penuh target produksi distribusi makan dapur tuntut jaga aspek higienitas tepat distribusi terima manfaat sekolah pemkab bogor atas anggur banyak dapur din kualitas layan prioritas program aspek kompetensi manusia jaga penting kualitas jaga denganchefyang sertifikat jalan proses produksi papar harap standar guna tenaga profesional sertifikat terap rata sppg jaga konsistensi kualitas layan wilayah harap standar jaga kualitas indonesia tingkat manfaat rasa masyarakat din warta lintang budiyanti prameswariuploader naryocopyright
"33 Ribu Pelajar Keracunan MBG, Target 3000 Porsi per SPPG Dinilai Melebihi Kapasitas - Universitas Gadjah Mada",https://ugm.ac.id/id/berita/33-ribu-pelajar-keracunan-mbg-target-3000-porsi-per-sppg-dinilai-melebihi-kapasitas/,Universitas Gadjah Mada,Negatif,0.9995275735855103,Negatif,program makan gizi gratis gagas perintah upaya tingkat status gizi ajar hadap serius aman pangan data jaring pantau didik indonesia jppi april catat ajar racun duga kondisi timbul titik program hadap tantang guru teknologi pangan hasil tani ftp ugm prof dr ir sri raharjo sc data jadi racun makan program program hadap serius kesiap lapor lebih fluktuatif jumat turut jadi tanda ketidaksiapan layan penuh gizi sppg sedia makan aman ketidaksiapan wilayah sebar acak daerah target produksi porsi turut kapasitas wajar sppg bentuk kritik masuk badan gizi nasional sepenuh akomodasi tertib tutup sppg penuh standar sri sebut nilai sifat reaktif olah tindak disiplin siap paksa jalan sri sorot akar asal bijak tetap target produksi serentak program puluh siswa perintah tetap angka produksi porsi sppg hitung layan siswa butuh ribu sppg tekan dekat tahap produksi makan skala turut sppg kapasitas porsi iring proses evaluasi tingkat situ ambil ajar mampu handle hasil tetap naik kali lipat tahap antisipasi buru buru sisi teknis sri sorot risiko muncul proses olah makan contoh olah ayam menu protein hewani relatif murah banding ikan daging penuh porsi butuh ratus ekor ayam masak singkat jeda proses masak konsumsi capai jam makan olah risiko kontaminasi sri banding beda signifikan ayam masak kondisi mentah ayam proses rebus simpan freezer kondisi ayam rebus matang panas rata bunuh bakteri optimal simpan freezer manajemen produksi aman saji ayam panas bumbu proses masa ayam masak kondisi mentah metode tumis bumbu kering panas hasil rata daging risiko sebab potong matang sempurna bakteri tahan kembang jeda konsumsi relatif sulit bahan ratus potong wajan matang risiko potong mati kuman bakteri sebab sakit lelah tenaga kerja faktor kontribusi proses produksi jangka potensi turun teliti kerja singgung pilih menu timbang aspek aman metode olah goreng aman sisi higienitas suhu bunuh bakteri metode kerap hindar sehat lemak sisi sri tekan tuju tingkat status gizi mesti terima manfaat kelompok rawan data stunting anak anak persen prioritas menu gizi turun target nilai realistis banding target luas fokus kelompok butuh aman pangan kelola tulis hanifah editor gusti grehenson foto
Bos BGN: Suspend Mayor SPPG Dipastikan Tak Terima Insentif - Kompas.com,https://nasional.kompas.com/read/2026/04/29/14234491/bos-bgn-suspend-mayor-sppg-dipastikan-tak-terima-insentif,Kompas.com,Netral,0.9997017979621887,Netral,bos suspend mayor sppg terima insentif tim redaksi jakarta kompas com kepala badan gizi nasional layan penuh gizi sppg dapur terima insentif berstatussuspendatau setop operasional status beri insentif sppg tentu sebab tingkat langgar klb akibat salah teknis tingkat laksana dapur jalan standar operasional prosedur sop proses masak cepat sppg terima insentif berstatussuspend terang pers rabu salah nilai sifat operasional baik indikasi langgar sistemik putar ekonomi kepala triliun anggar ngalir daerah hal klb akibat lalai mitra yayasan fasilitas dapur layak penuh standar sppg hak insentif laku insiden aman pangan picu bahan baku segar salah mitra sedia bahan baku praktik sehat monopolisupplieratau main harga insentif klaim hoaks medsos fakta lapang insentif bayar sppg henti permanen henti akibat penuh kondisistandby readiness contoh renovasi baik mayor sppg jalan fungsi normal merinci kategorisuspendyang dasar nilai beri insentif kategori jadi tonjol sebab lalai terima bantu insentif jadi tonjol sebab lalai terima bantu insentif tiga kategori jadi non tonjol baik minor insentif cepat validasi data prioritas daerah rawan pangan stunting empat jadi non tonjol butuh baik mayor insentif turut suspend mayor rujuk kondisi sppg baik dasar selesai singkat baik makan aspek luas sisi fasilitas kesiap operasional otomotif money edukasi copyright kompas cyber media kompas gramedia digital group all rights reserved
"SPPG Bebengan Telah Menyasar 200 Orang Kelompok Rentan: Ibu Hamil, Ibu Menyusui, dan Balita di Boja - Radio Idola Semarang",https://radioidola.com/2026/sppg-bebengan-telah-menyasar-200-orang-kelompok-rentan-ibu-hamil-ibu-menyusui-dan-balita-di-boja/,Radio Idola Semarang,Netral,0.9995563626289368,Positif,kendal idola fm layan penuh gizi sppg desa bebengan camat boja kabupaten kendal jawa sasar kelompok rentan bumil hamil busui susu balita non paud turun stunting catat capai orang kepala sppg bebengan siraj lintang wicaksono dapur sppg nya sasar anak anak sekolah wilayah camat boja iring jalan sppg bebengan mengcover kelompok layan balita ham susu layan tambah siraj wawancara radio idola semarang sppg bebengan operasi november sppg bebengan bawah rawan staf usia muda tua janda sppg bebengan sasar sekolah iring perata tambah sppg camat boja meng cover sekolah desa bebengan siraj lintang dampak ada rasa rawan harap dampak lanjut harap dampak rasa rumah tangga suprihati salah kerja sppg bebengan aku terima kasih sppg bebengan november cuci ompreng sppg pabrik olah kayu uras tenaga kerja lakon berat alhamdulillah kerja berat lingkung kerja nyaman suprihati purwogondo boja nada titis agustina kerja cuci ompreng program manfaat anak anak sekolah rumah tangga dampak pribadi bantu ekonomi keluarga janda titis alamat dusun krajan desa bebengan boja betapa dampak tuju henti bantu anak anak keluarga masyarakat bukti sambut antusias anak anak sekolah mobil anak aku senang sekolah anak sempat suprihati titis terima kasih presiden prabowo subianto program peluang rumah tangga hasil bantu ekonomi keluarga her dav
Inilah Perpres 83 Tahun 2024 tentang Badan Gizi Nasional - Sekretariat Kabinet Republik Indonesia,https://setkab.go.id/inilah-perpres-83-tahun-2024-tentang-badan-gizi-nasional/,Sekretariat Kabinet Republik Indonesia,Netral,0.9998571872711182,Netral,presiden joko widodo jokowi lantik kepala badan gizi nasional senin istana negara jakarta badan gizi nasional lembaga perintah bentuk atur presiden republik indonesia pres badan gizi nasional lembaga perintah bentuk presiden laksana tugas penuh gizi nasional pres akses lamanjdih sekretariat kabinetini jalan tugas laksana penuh gizi nasional badan gizi nasional selenggara tujuh fungsi koordinasi rumus tetap bijak teknis tata kelola sedia salur promosi kerja pantau awas penuh gizi nasional koordinasi bijak teknis tata kelola sedia salur promosi kerja pantau awas penuh gizi nasional tiga koordinasi tugas bina beri dukung administrasi unsur organisasi lingkung badan gizi nasional empat kelola barang milik kaya negara tanggung badan gizi nasional dukung sifat substantif unsur organisasi lingkung badan gizi nasional enam awas tugas lingkung badan gizi nasional fungsi presiden pasal ayat sasar penuh gizi tugas fungsi badan gizi nasional serta didik jenjang didik anak usia didik dasar didik tengah lingkung didik didik juru didik agama didik khusus didik layan khusus didik pesantren anak usia hamil susu ubah sasar penuh gizi ayat tetap presiden bunyi pasal ayat badan gizi nasional tanggung presiden susun organisasi badan gizi nasional dewan arah laksana dewan arah ketua wakil ketua anggota laksana kepala wakil kepala sekretariat deputi tata kelola deputi sedia salur deputi promosi kerja deputi pantau awas inspektorat tentu alih pasal pres laku tugas fungsi rawan gizi laksana deputi rawan pangan gizi badan pangan nasional bapanas atur pres badan pangan nasional alih tugas fungsi badan gizi nasional atur presiden laku atur undang undang atur atur presiden badan pangan nasional lembar negara republik indonesia kait tentu tugas fungsi rawan gizi nyata laku tentang tentu atur presiden bunyi pasal pres laku undang tanggal agustus un
Pengesahan Perpres MBG Tunggu Masukan Kementerian Kesehatan - Tempo.co,https://www.tempo.co/politik/pengesahan-perpres-mbg-tunggu-masukan-kementerian-kesehatan-2078324,Tempo.co,Netral,0.9996956586837769,Negatif,menteri sekretaris negara prasetyo had terima draf atur presiden pres tata kelola makan gizi gratis pres sah presiden prabowo subianto isi regulasi godok rancang masuk menteri sehat prasetyo temu kawasan menteng jakarta selatan jumat oktober politikus partai gerindra perintah atur menteri sehat badan awas obat makan bpom kelola lembaga turun tangan ribu siswa racun santap menu menteri sehat bpom libat awas keluar pres tunggu sebentar sabar prasetyo lanjut baca berita iklan jaring pantau didik indonesia jppi catat korban racun tembus orang sabtu september temu catat badan gizi nasional orang racun proyek luncur januari september sjafrie temu pensiun tni jelang buruh makan gizi gratis salah program unggul prabowo masuk daftar janji kampanye kontestasi pilih presiden prabowo target program jangkau terima manfaat anak sekolah hamil susu balita luncur januari payung hukum guna anggar negara undang undang atur presiden pres perintah keluar pres badan gizi nasional prabowo cemas gejolak buruh prasetyo kendati pres khusus tata kelola rampung program jalan acu pres badan gizi nasional tata kelola laksana pres perintah prasetyo komitmen baik tata kelola program jalan optimal pilih editor
Siapa Saja Penerima MBG? Ini 4 Kelompok Sasaran Sesuai Perpres Nomor 83 Tahun 2024 - KONTAN,https://regional.kontan.co.id/news/siapa-saja-penerima-mbg-ini-4-kelompok-sasaran-sesuai-perpres-nomor-83-tahun-2024,KONTAN,Netral,0.9960930943489075,Netral,ilustrasi kerja wadah makan gizi gratis dapu rumum gedung erbe hall tangerang selatan banten rabu yayasan restu bunda emi yrbe resmi gedung erbe hall fungsi pusat operasional dapur penuh program makan gizi gratis yrbe kali operasi dapur wilayah tangerang selatan layan total terima manfaat siswa balita hamil susu kontan carolus agus waluy kontan co id simak sasar makan gizi gratis perintah presiden prabowo program makan gizi gratis gagas perintah atur presiden pres badan gizi nasional program salah terobos upaya tingkat kualitas manusia indonesia sasar program lansir lamansetkab perintah bantu sasar kelompok butuh anak anak sekolah program kelompok rentan prabowo gelar rapat kertanegara program fokus pres badan gizi nasional sasar sasar serta didik kelompok rentan butuh dukung gizi imbang tunjang tumbuh kembang sehat kategori terima manfaat serta didik paud sma negeri swasta anak anak sekolah jenjang didik paud didik dasar tengah pesantren didik khusus fokus usia emas fisik cerdas buntut racun perintah tutup sppg masalah balita anak usia balita kelompok rentan gizi buruk stunting program harap asupan makan sehat gizi tumbuh optimal hamil asupan gizi hamil sehat sang janin makan gizi gratis risiko bayi lahir berat badan rendah sehat tekan susu susu tambah gizi hasil asi kualitas bayi program bentuk dukung nyata susu butuh nutrisi cukup racun prabowo politisasi salur program makan gizi gratis amanat pres badan gizi nasional tahap laksana ukur efektif arah presiden prabowo program jalan tingkat capai target cakup mekanisme bagi kali hari pagi siang jadwal tentu daerah informasi sasar makan gizi gratis pres badan gizi nasional tonton kepala lapor prabowo sebab racun cek berita artikel digoogle
Perpres Cacat - Krjogja - Kr Jogja,https://www.krjogja.com/opini/1246643946/perpres-cacat,Kr Jogja,Negatif,0.9997203946113586,Negatif,krjogja com atur presiden badan gizi nasional pres sejati umum tuju mulia anak anak paud sma oleh makan gizi gratis rangka penuh gizi anak bangsa sembunyi cacat formil substantif jadi regulasi ancam lindung ribu anak korban racun massal hukum pres sarat potensi batal judicial review mahkamah agung tentu potensi batal mahkamah agung pasal huruf bahwabgnmemiliki fungsi presiden formulasi delegasi blanko tentang asas pasti hukum pasal huruf uu bentuk atur undang undang norma buka ruang presiden wenang batas kontrol uu teori ultra vires lembaga eksekutif tindak lampau delegasi pasal ayat wenang penuh presiden ubah sasar terima manfaat gizi nasional sasar program hak sosial atur undang undang dar pres tiga pasal ayat ayat hak uang kepala tingkat menteri wakil kepala tingkat wakil menteri tentu tentang uu menteri negara limitatif atur jabat menteri wakil menteri presiden wenang bentuk jabat tingkat menteri pres teori hierarki norma hans kelsen norma rendah pres cipta duduk hukum dukung uu empat pasal huruf sebut dana sumber sah ikat frasa multitafsir rawan celah korupsi masuk penting swasta asing kontrol perspektif theory of open texture hart norma kabur buka ruang penyalahgunaan manipulatif pasal pasal atur alih wenang badan pangan nasional landas undang undang mana presiden hapus wenang lembaga timbul bentur wenang uu pres teori bagi wenang distribution of powers tuntut jelas konflik lembaga enam pasal presiden tunjuk jabat pimpin madya langgar prinsip rit system atur uu asn tegas uu asn seleksi buka syarat mutlak cegah politisasi jabat lepas tentu normative data empirik september catat anak racun akibat program jaring pantau didik lapor korban bpom temu bakteri patogen daerah fakta tiada standar aman pangan pres khilaf teknis gagal regulasi ujung langgar hak asasi anak sisi teori hukum pres gagal penuh asas lex certa rechtssicherheit pasti hukum judicial review ky guye mahkamah agung menjgadi jalan konstitusional pres atur undang undang cacat formil delegasi cacat materiil konflik uu alas kuat batal mahkamah agung tuntut berani yudisial tegak prinsip negara hukum lindung generasi muda pulih percaya publik program makan gizi gratis makna serta regulasi transparan aman akuntabel hadiah negara racun selubung dr benediktus hestu cipto handoyo sh mh tacb dosen fakultas hukum uajy
Luhut Siahaan Dukung Revisi Perpres 83/2024 dan Tata Kelola MBG - rmolsumut.id,https://www.rmolsumut.id/luhut-siahaan-dukung-revisi-perpres-832024-dan-tata-kelola-mbg,rmolsumut.id,Positif,0.9998712539672852,Positif,perintah komitmen kuat badan gizi nasional rencana revisi atur presiden terbit atur presiden tata kelola program makan gizi gratis strategis nilai tingkat efektivitas program prioritas nasional gizi masyarakat advokat nasional amat bijak luhut parlinggoman siahaan sambut positif inisiatif perintah luhut revisi pres jelas struktur organisasi kuat fungsi tingkat kapasitas awas program penuh gizi nasional kuat program gizi jalan akuntabel transparan sasar luhut pres tata kelola pandu operasional perintah pusat perintah daerah layan penuh gizi sppg atur struktur makan gizi anak sekolah hamil susu salur higienis aman koordinasi lembaga menteri sehat bpom perintah daerah kuat sinergi kuat manusia program makan gizi gratis jalan optimal dampak nyata masyarakat luhut turut dukung penuh perintah program jalan upaya tingkat kualitas gizi masyarakat indonesia bangun manusia sehat produktif daya saing program salah fokus perintah cetak generasi unggul sehat kontribusi bangun bangsa editor jonris purba
"BGN Pastikan Hari Pertama Operasional MBG Tahun 2026, Kamis 8 Januari Mendatang - Sumatera News",https://sumateranews.co.id/bgn-pastikan-hari-pertama-operasional-mbg-tahun-2026-kamis-8-januari-mendatang/,Sumatera News,Netral,0.9998570680618286,Netral,terbit surat edar operasional program makan gizi gratis jakarta badan gizi nasional program makan gizi gratis operasi serentak kamis januari pasti resmi surat edar kepala badan gizi nasional operasional program makan gizi gratis tetap ditandatangani kepala badan gizi nasional januari sasar surat edar liput unsur laksana program jabat pegawai badan gizi nasional pusat kepala kantor layan penuh gizi kppg koordinator wilayah camat kepala layan penuh gizi sppg tenaga ahli gizi akuntan rawan yayasan mitra kelola fasilitas sppg wajib patuh tentu tuang surat edar kecuali surat edar isi poin perihal operasional program makan gizi gratis terbit atur presiden badan gizi nasional atur presiden tata kelola selenggara program makan gizi gratis regulasi badan gizi nasional jamin layan penuh gizi nasional laksana rencana aman kualitas terima masyarakat operasional program makan gizi gratis nilai momentum bentuk kesan lanjut hasil program nasional unsur laksana operasional optimal tanggung kepala sppg kesiap bahan pangan dapur olah tenaga laksana distribusi tanggal surat edar atur standar operasional liput awas ketat bersih aman pangan periksa sehat personel jamin aman makan bahan baku terima terima manfaat sisi saji menu saji wajib angkat menu khas daerah bentuk apresiasi arif lokal penuh standar gizi imbang tampil baik aspek distribusi personel tampil rapi layan ramah cipta suasana distribusi tertib senang giat operasional wajib dokumentasi publikasi media sosial taut akun resmi badan gizi nasional transparansi edukasi publik surat edar wajib hadir jabat manajerial badan gizi nasional lapang operasional lokasi sppg sekolah posyandu hadir tuju pantau distribusi standar layan penuh motivasi tugas laksana lapang surat edar badan gizi nasional komitmen program makan gizi gratis tertib kualitas integritas manfaat nyata tingkat kualitas gizi masyarakat indonesia editor donni dorong penuh gizi anak tri yulia rizki ananda terima harga women inspiration award pimpin anggota dprd sumsel hadir acara halal bihalal masyarakat rantau sumbagsel kuat tahan pangan nasional sentuh peduli karang jaya wali kota prabumulih hadir bawa harap warga pemkot prabumulih kuat tahan pangan benih jagung tan salur kelompok tani
"MAHASISWA BERSUARA: Program Makan Bergizi Gratis, Keberlanjuta... - BandungBergerak.id",https://bandungbergerak.id/article/detail/1546035995/mahasiswa-bersuara-program-makan-bergizi-gratis-keberlanjutan-fiskal-dan-ambisi-pembangunan,BandungBergerak.id,Netral,0.999414324760437,Netral,bijak makan gizi gratis pedang mata tawar harap tingkat kualitas sdm bawa risiko fiskal integritas mahasiswa jurus sehat gigi poltekkes kemenkes bandung giat aktif organisasi kampus bem km bandungbergerak id bijak makan gizi gratis canang perintah presiden prabowo subianto wakil presiden gibran rakabuming raka representasi salah intervensi sosial masif ambisius sejarah kontemporer indonesia pilar visi indonesia emas program rancang tantang fundamental bangsa miskin ekstrem prevalensi stunting target jangkau terima manfaat program posisi skema bantu sosial investasi strategis songsong manusia sdm kualitas harap gerak roda ekonomi tingkat desa narasi optimisme kompleksitas struktural tuntut dalam validitas data tahan fiskal integritas risiko korupsi sistemik gagal aman pangan muncul program makan gizi gratis dasar kerangka regulasi kuat pasti hukum guna anggar negara landas utama undang undang anggar dapat belanja negara apbn anggar struktur perintah bentuk badan gizi nasional lembaga perintah non menteri anggar besar tanggung presiden atur presiden elemen regulasi institusi fungsi mandat dasar hukum badan gizi nasional otoritas pusat kelola program nasional pres layan penuh gizi sppg laksana teknis ada olah distribusi makan putus kepala dana alokasi khusus dak nonfisik dana latih suluh kuat distribusi bad apbn alokasi anggar operasional triliun uu pimpin sorot tunjuk figur figur cakup latar militer akademisi nilai problematik kontroversial potensi militer distribusi pangan abai profesi ahli gizi singgung organisasi profesi persagi satu ahli gizi indonesia perintah dalih libat elemen tuju disiplin logistik skala mahasiswa suara program makan gizi gratis presiden prabowo subiantomahasiswa suara makan siang gratis rombak pendidikanmahasiswa suara makan gizi gratis anggar didik sehat risiko fiskal integritas tata kelola kritik krusial program pusat lanjut fiskal jangka tengah anggar perintah alokasi dana triliun rupiah persen total pagu serap beri makan gaji karyawan ambil perintah henti kepala aju tambah anggar triliun rupiah triliun rupiah cepat cakup program terima manfaat proyeksi daricenter of economic and law studies celios risiko fiskal signifikan program jalan penuh layan orang anggar butuh bengkak triliun rupiah skenario capai risiko belanja negara triliun rupiah ingat rasio defisit anggar capai persen persen produk domestik bruto pdb lampau batas aman persen atur undang undang uang negara muncul dana sifat crowding out geser alokasi dana ambil alokasimandatory spendingpendidikan persen makan siang gratis sekolah korelasi hadir siswa mangkas anggar didik biaya program akibat turun kualitas sarana prasarana sekolah sejahtera tenaga didik pilar songsong sdm kualitas turun nilai bruto didik capai triliun rupiah akibat geser anggar risiko kurang serap tenaga kerja didik ribu orang tuju baik status gizi anak indonesia turun angka stunting kisar persen persen ahli gizi evaluasi kritis beri makan siang sekolah intervensi efektif entas stunting cepat sama asupan gizi hamil susu balita fokus hidup hpk stunting akibat gagal gizi janin anak usia program dominan anak usia sekolah paud sma gizi kait erat sedia tahan pangan program butuh ton bahan pangan butuh susu masif hadap kendala indonesia impor persen butuh susu nasional kelola hati hati kuat ternak lokal program risiko lebar defisit neraca dagang impor pangan besar tentang semangat mandiri ekonomi usung presiden prabowo integritas tata kelola salah titik kritik tajam olehindonesia corruption watch icw dantransparency international indonesia tii selenggara program nila triliun rupiah singkat regulasi laksana tingkat atur presiden pandang kombinasi jitu boros anggar praktik korupsi icw catat masalah dasar rencana bas data komprehensif tata kelola anggar transparan potensi monopoli ada lemah mekanisme awas publik duga konflik penting muncul tunjuk mitra kelola sppg lapor yayasan afiliasi kuat aktor politik institusi aman wilayah temu yayasan kuasa ada camat alamat dapur indikasi praktik monopoli mekanisme salur anggar skema bantu perintah banper rawan seleweng lapor fiktif ataumark upharga gagal jamin aman pangan food safety bukti nyata lemah awas bijak pedang mata oktober rentet racun massal timpa ribu siswa daerah titik kritis gagal rantai pasok manajemen bahan baku buruk ketidaksesuaian kuantitas ahli gizi sppg kelola program contoh bahan baku ayam beli sabtu masak rabu fasilitas dingin pada lalai sistemik manajemen suhu higienitas realitas persen dapur sppg sertifikat laik higiene sanitasi slhs perintah kejar target kuantitas terima manfaat selamat anak anak kritik bengkak peran program libur sekolah putus distribusi makan libur kritik upaya budget dumping habis sisa anggar tahun fokus efektivitas nutrisi tegang target serap anggar kualitas intervensi sasar kritik program prioritas wilayah depan luar tinggal indonesia timur papua hadap realitas geografis berat biaya porsi makan papua capai kali lipat harga pulau jawa akibat tinggi biaya logistik udara air wilayah wilayah standar menu nasional kali relevan butuh adopsi bahan pangan lokal sagu umbi umbi krusial paksa pasok beras daerah minim tenaga ahli gizi akuntan wilayah pencil sebab kelola sppg optimal tingkat risiko bocor anggar turun standar gizi perintah timbang insentif khusus tenaga profesional sedia tempat sppg wilayah jamin kualitas layan tara wilayah kota bijak makan gizi gratis pedang mata tawar harap tingkat kualitas manusia indonesia emas bawa risiko fiskal integritas lumpuh stabilitas negara kelola hati hati program lampau fase janji politik fase eksekusi teknis penuh hambat program makan gizi gratis instrumen proyek elite afiliasi politik kembali khitah alat negara mulia anak bangsa asupan nutrisi aman sehat integritas tata kelola bersih disiplin fiskal ketat visi indonesia emas capai waris beban utang lumpuh generasi kawan kawan ikut kabar kini bandungbergerak gabung salur whatsappbit ly channelbb
Program MBG Perlu Payung Hukum - Validnews,https://validnews.id/nasional/program-mbg-perlu-payung-hukum,Validnews,Negatif,0.9996747970581055,Negatif,logo selamat siang logo twitter facebook instagram youtube selasa mei oktober wib program payung hukum program makan gizi gratis jalan payung hukum rentan laksana selera kuasa tulis aldiansyah nurrahman editor nofanolo zagoto ilustrasi makan gizi gratis validnews hasta adhistra ramadhan jakarta program officer transparency international indonesia tii dzatmiati sari kritik kacau program makan gizi gratis turut tiada dasar hukum salah atur giat rujuk atur perintah pp atur tahan pangan gizi atur presiden pres tuju bentuk badan gizi nasional ada atur nilai djatmiati kuat atur jadi normatif jadi payung dasar hukum proyek luncur watch menteng jakarta selasa dzatmiati atur nilai taung lantar atur koordinasi antarlembaga perintah tanggung publik bicara partisipasi publik publik libat inklusif aktif proyek racun gin tuntut papar depan konteks program bentuk pres hal stunting buat pres pres teknis kuat aspek tata kelola kelola lembaga program ada distribusi buka informasi publik ruang libat warga program nada dzatmiati direktur lembaga bantu hukum lbh jakarta fadhil alfathan tiada landas hukum rentan jalan selera kuasa dasar hukum pasar bebas alam liar jadi jalan selera kuasa program kampanye rentan jalan penuh ambisi tuntas janji ketimbang penuh hak pangan gizi masyarakat tiada mekanisme awas integrasi lembaga negara sifat sentralistik kait perintah daerah awas komprehensif papar akibat mekanisme akuntabilitas mekanisme evaluatif program jalan lihat tiada dasar hukum timbul tiada jamin penuh lindung hak terima manfaat direktur bijak publik center of economic and law studies celios media wahyudi askar catat oktober catat anak sekolah korban racun makan duga asal program angka timbul khawatir serius efektivitas aman program sejati tuju tingkat gizi anak cegah stunting entas miskin media klaim terobos nasional baik kualitas gizi anak indonesia informasi dasar rencana awas program batas sulit akses publik bagi on facebook on twitter on linkedin on whatsapp silah login komentarloginataudaftar
"Bimtek Standar Gizi dan Keamanan Pangan pada Program MBG, Dinkes Kalsel Upayakan Perbaikan Gizi - Media Center Provinsi Kalimantan Selatan",https://diskominfomc.kalselprov.go.id/2025/07/15/bimtek-standar-gizi-dan-keamanan-pangan-pada-program-mbg-dinkes-kalsel-upayakan-perbaikan-gizi/,Media Center Provinsi Kalimantan Selatan,Positif,0.695995032787323,Positif,perintah provinsi kalimantan selatan dinas sehat provinsi kalsel selenggara bimbing teknis bimtek standar gizi aman pangan program makan gizi gratis tingkat provinsi kalimantan selatan kepala dinas sehat provinsi kalsel diaudddin giat salah upaya baik gizi masyarakat amanat undang undang sehat kelompok rawan bayi balita remaja perempuan hamil susu upaya baik gizi sambung siklus hidup hadap tantang triple burden gizi gizi stunting wasting kurang zat gizi mikro tingkat lebih gizi butuh intervensi komprehensif makan saji aman gizi diaudddin banjarmasin selasa hasil survei status gizi indonesia ssgi prevalensiunderweightdi kalsel persen stunting persen wasting persen overweight persen angka nasional program harap salah upaya turun stunting efektif program makan gizi gratis luncur perintah pusat bentuk badan gizi nasional pres program sasar serta didik jenjang didik anak usia hamil susu utama kualitas gizi aman pangan olah saji atur surat edar ditjen kemenkes aspek aman pangan kalah makan saji jamin aman konsumsi timbul jadi klb racun pangan prinsip higiene sanitasi pangan terap ketat tahap rantai proses olah diaudddin bimtek serta paham tata awas aman pangan pilih bahan baku simpan olah saji kelola sampah latih jamah pangan harap target turun stunting tingkat status gizi masyarakat kontribusi capai visi indonesia emas harap bimtek sinergi jalan optimal program makan gizi gratis manfaat nyata lapang tutup diaudddin mc kalsel scw
"Bakal Diangkat Jadi PPPK, Dua Pegawai SPPG MBG Tenggarong Lulus CAT - Korankaltim.com",https://korankaltim.com/read/kutai-kartanegara/85563/bakal-diangkat-jadi-pppk-dua-pegawai-sppg-mbg-tenggarong-lulus-cat,Korankaltim.com,Netral,0.9998724460601807,Positif,yuk cari berita senin senin kepala sppg jalan panjaitan tenggarong idhamsyah muhammad anshori korankaltim tulis muhammad anshori korankaltim com tenggarong layan penuh gizi sppg badan gizi nasional ganti status pegawai perintah janji kerja pppk mandat atur presiden tarik instansi naung lembaga perintah non menteri lpnk jalur komando istimewa bentuk pres lembaga diri tegak presiden tanggung kepala negara menteri tiket pegawai sppg status pppk prioritas isi jabat inti kepala sppg ahli gizi akuntan janji kepala sppg jalan panjaitan tenggarong idhamsyah rekan rekan tempuh uji wajib lewat seleksi computer assisted test cat gelar balikpapan desember informasi asn kasih rekrut sppi angkat jalur resmi tes kemarin idhamsyah senin sayang tiga pegawai sppg nasib pihak pegawai akuntan hasil lulus uji hasil posisi kepala sppg ahli gizi laju babak pegawai akuntan tunggu sempat tes rampung isi drh nya besok ya berkas teman teman lulus pppk instansi jelasny berkas mata idhamsyah aku tim ambil sumpah prosesi lantik pilih tunggu arah atas pusat grup telegram koran kaltim berita kini berita kini berita kini berita kini berita kini berita kini berita kini berita kini berita kini berita kini berita kini berita kini berita kini berita kini kaltimtara advertorial kuta kartanegara berita kini kaltimtara senin kepala sppg jalan panjaitan tenggarong idhamsyah muhammad anshori korankaltim tulis muhammad anshori korankaltim com tenggarong layan penuh gizi sppg badan gizi nasional ganti status pegawai perintah janji kerja pppk mandat atur presiden tarik instansi naung lembaga perintah non menteri lpnk jalur komando istimewa bentuk pres lembaga diri tegak presiden tanggung kepala negara menteri tiket pegawai sppg status pppk prioritas isi jabat inti kepala sppg ahli gizi akuntan janji kepala sppg jalan panjaitan tenggarong idhamsyah rekan rekan tempuh uji wajib lewat seleksi computer assisted test cat gelar balikpapan desember informasi asn kasih rekrut sppi angkat jalur resmi tes kemarin idhamsyah senin sayang tiga pegawai sppg nasib pihak pegawai akuntan hasil lulus uji hasil posisi kepala sppg ahli gizi laju babak pegawai akuntan tunggu sempat tes rampung isi drh nya besok ya berkas teman teman lulus pppk instansi jelasny berkas mata idhamsyah aku tim ambil sumpah prosesi lantik pilih tunggu arah atas pusat bagi status pasti karier energi saji program presiden bawa gizi baik generasi kukar harap program jalan ya perata perintah ekonomi duit kelola nggak surplus lokal harap program jalan terus depan anak anak sekolah makan gratis pungkas editor erwin senin kepala sppg jalan panjaitan tenggarong idhamsyah muhammad anshori korankaltim tulis muhammad anshori korankaltim com tenggarong layan penuh gizi sppg badan gizi nasional ganti status pegawai perintah janji kerja pppk mandat atur presiden tarik instansi naung lembaga perintah non menteri lpnk jalur komando istimewa bentuk pres lembaga diri tegak presiden tanggung kepala negara menteri tiket pegawai sppg status pppk prioritas isi jabat inti kepala sppg ahli gizi akuntan janji kepala sppg jalan panjaitan tenggarong idhamsyah rekan rekan tempuh uji wajib lewat seleksi computer assisted test cat gelar balikpapan desember informasi asn kasih rekrut sppi angkat jalur resmi tes kemarin idhamsyah senin sayang tiga pegawai sppg nasib pihak pegawai akuntan hasil lulus uji hasil posisi kepala sppg ahli gizi laju babak pegawai akuntan tunggu sempat tes berita kini berita kini berita kini berita kini berita kini berita kini berita kini berita kini berita kini berita kini berita kini berita kini berita kini berita kini berita kini berita kini berita kini berita kini kaltimtara advertorial kaltimtara kuta kartanegara berita kini kaltimtara kuta kartanegara populer
"Marak Kasus Keracunan, Seperti Apa Tata Kelola MBG? - olenka.id",https://olenka.id/marak-kasus-keracunan-seperti-apa-tata-kelola-mbg/all,olenka.id,Negatif,0.9995884299278259,Negatif,program makan gizi gratis sorot publik rangkai racun program andal presiden prabowo subianto ramai kritik sebut racun picu tata kelola amburadul alih alih tambah nutrisi asupan gizi paket makan bikin terima manfaat kapar lemas racun perintah gerak benah tata kelola upaya minimal racun makan ulang program dikoordinir badan gizi nasional tuang atur presiden pres badan gizi nasional ratus triliun uang negara raib gondol prabowo duga korupsi parah kutip laman resmi badan gizi nasional lembaga perintah nonkementerian tugas laksana penuh gizi nasional fokus tingkat kualitas hidup intervensi struktur bas data tulis laman resmi dilansirolenka idrabu jalan program warna deret racun tuding tata kelola amburadul kuak gerak respons peristiwa lidi temu layan penuh gizi sppg dapur masalah total sppg dapur masalah duga kuat sebab racun dapur dapur masalah sanksi tegur sppg masalah evaluasi investigasi menko pangan zulkifli hasan evaluasi sppg faktor disiplin kualitas mampu juru masak zulhas sppg evaluasi disiplin kualitas mampu juru masak evaluasi sppg zulhas rentet racun perintah mesti putar otak cari jalan evaluasi perintah prosedur operasi standar sop minimal racun salah sop terap wajib koki sppg sertifikat lembaga sppg wajib koki damping awas kualitas makan distribusi tanggung perintah stakeholder libat janji benah marak racun prabowo dapur tukang masak latih yayasan terima manfaat sewa lahan bangun tanggung sedia koki kontrol kontrol mitra wakil kepala nanik deyang nanik aku temu sppg langgar atur taat prosedur sop harap minimal langgar langgar kemudi temu langgar perintah sanksi makan masak matang maksimal enam jam santap makan jam pagi masak jam masak jam sop nya chef sertifikasi berani papar sppg henti kepala sppg henti serius tangan tutup main main ikut tunjuk teknis dapur higienis racun makan timpa terima manfaat presiden prabowo subianto angkat bicara aku program andal sempurna persentase salah program persentase salah total realisasi anak anak hamil terima makan kurang iya racun makan iya hitung makan simpang kurang salah prabowo tag bagi artikel positif manfaat
Berapa Gaji Karyawan MBG? Yuk Cari Tahu Informasinya di sini - Gaya Hidup - Bloomberg Technoz,https://www.bloombergtechnoz.com/detail-news/90336/berapa-gaji-karyawan-mbg-yuk-cari-tahu-informasinya-di-sini/2,Bloomberg Technoz,Netral,0.981166660785675,Netral,bloomberg technoz jakarta perintah indonesia resmi luncur program makan gizi gratis salah strategis tingkat kualitas gizi masyarakat fokus penuh nutrisi anak bangsa program buka lapang kerja daerah nasional januari sentuh ribu sekolah fasilitas publik program sasar anak siswa jenjang didik hamil susu terima manfaat sukses muncul tarik gaji karyawan libat program mari simak rincian lengkap program makan gizi gratis jalan atur presiden pres badan gizi nasional regulasi dasar hukum atur aspek tata kelola biaya manusia libat badan gizi nasional tanggung program lapang bentuk layan penuh gizi sppg laksana teknis sppg peran krusial liput sedia bahan pangan olah makan gizi distribusi terima manfaat tugas edukasi gizi imbang damping keluarga terima manfaat upaya nasional turun angka stunting program libat instansi perintah menteri didik dasar tengah menteri sehat perintah daerah tni polri bantu awas distribusi kolaborasi lintas harap program bantu pangan instrumen bangun manusia indonesia sehat produktif dapur laksana sppg posisi tugas beda jabat peran makan gizi saji penuh standar sehat posisi laksana koordinator programbertanggung awas jalan program lapang rencana logistik lapor giat koordinator hubung sppg pusat kepala dapurmemimpin tim dapur proses olah saji makan kepala dapur standar bersih gizi aman pangan penuh ahli gizibertugas rancang menu makan gizi butuh kelompok sasar anak sekolah hamil balita ahli gizi evaluasi kandung nutrisi menu tenaga lapanganberperan distribusi makan kece logistik bantu giat edukasi gizi masyarakat posisi tulang punggung operasional lapang hadir peluang kerja masyarakat daerah rumah tangga tenaga lokal sukarelawan perintah sempat luas warga lokasi program libat atur resmi standar gaji nasional karyawan besar upah sesuai upah minimum umr butuh wilayah kisar gaji karyawan sppg jabat kepala dapur sppg koordinator program ahli gizi tenaga lapang dapur tenaga dapur kerja lokal terima gaji gantung lokasi durasi kerja hari gaji pokok tenaga kerja lindung sosial bpjs ketenagakerjaan iur sepenuh tanggung perintah karyawan bayar potong gaji asuransi ketenagakerjaan dampak positif sehat masyarakat efek ganda multiplier effect ekonomi lokal program cipta lapang kerja masyarakat dapur produksi titik distribusi ribu dapur sebar indonesia potensi serap tenaga kerja capai puluh ribu orang gerak tani umkm pangan lokal bahan makan suplai tani nelayan produsen lokal rantai pasok pangan daerah aktif lanjut tiga edukasi gizi latih olah makan sehat masyarakat oleh tingkat terampil tahu manfaat program layan penuh gizi sppg laksana teknis ujung tombak baik gizi nasional laksana sppg jalan fungsi sedia distribusi makan sehatsppg makan gizi tangan terima kualitas baik standar gizi atur porsi kandung karbohidrat protein vitamin mineral imbang edukasi damping giziselain distribusi makan sppg edukasi masyarakat gizi imbang pola makan sehat pantau evaluasi programunit rutin lapor capai kendala efektivitas hasil evaluasi dasar sempurna bijak dukung penuh lembaga perintah pusat daerah lapang tantang daerah hadap kendala distribusi bahan pangan wilayah pencil tingkat kapasitas sdm manajemen dapur kontrol kualitas makan perintah monitoring latih kala dapur operasi efisien higienis hadir turun angka kurang gizi bawa dampak sosial positif luas rumah tangga hasil dapur program kuat solidaritas sosial tingkat desa masyarakat sedia salur makan gizi anak anak terima manfaat asupan gizi dampak tingkat konsentrasi ajar fisik perintah target program luas jangkau provinsi indonesia rencana jangka panjang program bijak permanen sehat didik nasional jangka tengah harap kontribusi turun angka stunting nasional dukung lintas perintah optimistis program lanjut bawa manfaat sosial ekonomi sama seo
Perpres Program MBG akan Diteken Sepulang Presiden dari Amerika - Tempo.co,https://www.tempo.co/politik/perpres-program-mbg-akan-diteken-sepulang-presiden-dari-amerika-2072904,Tempo.co,Netral,0.9998316764831543,Netral,wakil kepala badan gizi nasional nanik deyang atur presiden program makan gizi gratis teken presidenprabowosubianto pulang new york amerika serikat pilih editor hakim mk beda tafsir partisipasi makna lanjut baca berita iklan nanik sebut draf atur rampung tinggal tunggu tanda tangan presiden insyaallah beliau pulang new york amerika serikat ditandatangani pesan tulis rabu september sjafrie temu pensiun tni jelang buruh makan gizi gratis salah program unggul prabowo masuk daftar janji kampanye konstestasi pilih presiden prabowo target program jangkau terima manfaat anak sekolah hamil susu balita perintah gelontor anggar triliun realisasi program september program makan gizi jangkau terima manfaat serap anggar triliun prabowo cemas gejolak buruh jalan sembilan payung hukum guna anggar negara undang undang uu atur presiden pres perintah keluar atur presiden pres badan gizi nasional beleid sah presiden joko widodo agustus atur dasar hukum kelola laksana program program penuh gizi nasional kelompok rentan anak anak hamil program makan gizi gratis teliti transparency international indonesia tii agus sarwono kosong hukum bagi peran antarlembaga anggar biaya ambil pagu anggar didik atur urut pres ambil alokasi anggar agus legal program caplok alokasi anggar program prioritas pijak hukum sebut urut terap program prioritas turun stunting program stunting serap anggar lintas menteri menteri sehat didik lantar pijak pres cepat turun stunting atur jalan agus pandang gesa gesaaan perintah jalan program duga tuju program popularitas pilih editor transparency payung hukum program serap anggar didik
Inilah Perpres 83 Tahun 2024 tentang Badan Gizi Nasional - Media Center Riau,https://mediacenter.riau.go.id/read/87272/inilah-perpres-83-tahun-2024-tentang-badan-gi.html,Media Center Riau,Netral,0.9998780488967896,Netral,kabupaten indragiri hulu kabupaten kampar kabupaten pulau meranti kabupaten antan singingi kabupaten pelalawan kabupaten rok hilir kabupaten bengkal kabupaten indragiri hilir kabupaten indragiri hulu kabupaten kampar kabupaten pulau meranti kabupaten antan singingi kabupaten pelalawan kabupaten rok hilir kabupaten bengkal kabupaten indragiri hilir kabupaten indragiri hulu kabupaten kampar kabupaten pulau meranti kabupaten antan singingi jakarta presiden joko widodo jokowi lantik kepala badan gizi nasional senin istana negara jakarta badan gizi nasional lembaga perintah bentuk atur presiden republik indonesia pres badan gizi nasional lembaga perintah bentuk presiden laksana tugas penuh gizi nasional cantum pres akses lamanjdih sekretariat kabinet laksana tugas laksana penuh gizi nasional badan gizi nasional selenggara tujuh fungsi koordinasi rumus tetap bijak teknis tata kelola siap distribusi promosi kerja pantau awas penuh gizi nasional koordinasi bijak teknis tata kelola siap distribusi promosi kerja pantau awas penuh gizi nasional tiga koordinasi tugas bina dukung administratif unsur organisasi lingkung badan gizi nasional empat kelola barang milik kaya negara tanggung badan gizi nasional laksana dukung substantif unsur organisasi lingkung badan gizi nasional enam awas tugas lingkung badan gizi nasional fungsi presiden pasal ayat sasar penuh gizi tugas fungsi badan gizi nasional serta didik jenjang didik anak usia didik dasar didik tengah didik didik vokasi didik agama didik khusus didik layan khusus didik pesantren anak anak usia wanita hamil susu ubah target penuh gizi ayat tetap presiden bunyi pasal ayat badan gizi nasional tanggung presiden struktur organisasi badan gizi nasional direksi eksekutif urus ketua wakil ketua anggota badan eksekutif kepala wakil kepala sekretariat deputi tata kelola deputi siap salur deputi promosi kerja deputi pantau awas inspektorat tentu alih pasal pres laku tugas fungsi rawan gizi laksana deputi rawan pangan gizi badan pangan nasional bapanas atur putus presiden badan pangan nasional alih tugas fungsi badan gizi nasional atur presiden laku atur undang undang atur atur presiden badan pangan nasional berita negara republik indonesia kait tentu tugas fungsi rawan gizi nyata laku tentang tentu atur presiden bunyi pasal pres laku undang agustus mediacenter riau mc riau alamat jalan diponegoro telpon email mcprovriau gmail com
Surat Edaran BGN: Guru Penanggung Jawab MBG Dapat Insentif Rp 100 Ribu - Tempo.co,https://www.tempo.co/politik/surat-edaran-bgn-guru-penanggung-jawab-mbg-dapat-insentif-rp-100-ribu-2075131,Tempo.co,Netral,0.9996272325515747,Netral,badan gizi nasional terbit surat edar beri insentif guru tanggung program makan gizi gratis sekolah terima manfaat surat teken kepala senin september tanda tangan serta cap basah lembaga belah dokumen surat edar terima tempo poin poin surat edar latar maksud tuju ruang lingkup dasar isi surat edar tutup lanjut baca berita iklan latar surat edar guru nilai peran program damping siswa guru peran strategis program jalan tuju tanam paham pola makan sehat perilaku hidup bersih tulis surat edar kutip rabu oktober sjafrie temu pensiun tni jelang buruh apresiasi tambah tugas tanggung program guru insentif beri insentif kompensasi finansial bentuk aku dedikasi kontribusi guru hasil program tulis surat edar ihwal ruang lingkup surat edar layan penuh gizi sppg dapur operasi indonesia acu rencana evaluasi program surat edar staf jajar rumus bijak kelola program awas tingkat pusat daerah prabowo cemas gejolak buruh surat edar mitra jalan program dasar hukum surat edar atur presiden pres atur menteri uang permenkeu pmk mekanismen anggar bantu perintah menteri negara lembaga atur organisasi tata kerja badan gizi nasional isi surat edar enam poin sekolah terima manfaat program arah kepala sekolah wajib orang guru tanggung pic distribusi sekolah tugas guru pic utama guru bantu honorer laksana rotasi atur kepala sekolah bentuk dukung guru pic insentif ratus ribu rupiah jadwal tentu dana beban biaya operasional layan penuh gizi sppg sekolah insentif guru pic sppg pertanggungjawaban guna dana tentu laku pilih editor
"Struktur BGN Didominasi Purnawirawan, Warganet: Mana Ahli Gizinya? - KalderaNews",https://www.kalderanews.com/2025/09/struktur-bgn-didominasi-purnawirawan-warganet-mana-ahli-gizinya/,KalderaNews,Netral,0.9972328543663025,Negatif,jakarta kalderanews com struktur pimpin badan gizi nasional ramai bincang publik edar media sosial referensi geografis warganet sorot komposisi jabat nilai isi purnawirawan tni polri banding tenagakesehatanatau ahli gizi lembaga bentuk atur presiden pres teken presiden joko widodo lembaga harap motor upaya penuh gizi nasional susun jabat baru tuai kritik gelut sehat salah nama masuk jajar brigjen pol sony sonjaya mantan perwira bareskrim polri tempat posisi wakil kepala mayjen tni purn lodewyk pusung percaya wakil kepala lodewyk emban jabat asisten operasi panglima tni kutip laman resmi susun jabat baru pres bab iii pasal struktur bagi kelompok dewan arah laksana dewan arah tugas arah laksana jalan program penuh gizi nasional anggota tetap tujuh orang ketua rangkap anggota wakil ketua rangkap anggota anggota publik layang kritik absen sosok ahli gizi jajar inti posisi mesti isi pakar gizi nutrisi sehat masyarakat tuju bentuk lembaga fenomena picu gelombang komentar warganet media sosial akun tulis kritik pedas komposisi jabat maaf mohon maaf argumen singgung negara demokrasi utara opini strategi fatal salah sana minimal dokter ahli gizi purna tni maaf kompeten libat dokter kompeten bidang rakyat tni tulis wardhaniau yg ahli gizi nya nganggur negara pantes yg nganggur liat aja formasi kerja jg disi ole org yg ahli tulis zoya kerja yg isi tekpang ahli gizi ahli nutrisi isi pensiun militer pol ngawur banget tulis mdendyrindra prabowo serius ngisi tni ahli bidang pantesan racun sumpah si nama ngasih jatah jabat isi dokter paham banget gizi tulis amik azka rangkai komentar resah masyarakat ada tenaga ahli lembaga strategis lembaga diri ekspektasi publik kerja profesionalitas gizi tantang indonesia cek berita artikelkalderanews comlainnyadigoogle artikel manfaat sila dishare sahabat teman teman tarik jalin kerjasama dengankalderanews com sila hubung wa email kalderanews gmail com
Makan Bergizi Gratis: Investasi Gizi untuk Masa Depan Indonesia - CNN Indonesia,https://www.cnnindonesia.com/hiburan/20250619210641-305-1241680/makan-bergizi-gratis-investasi-gizi-untuk-masa-depan-indonesia,CNN Indonesia,Positif,0.9997733235359192,Positif,perintah indonesia komitmen serius bangun manusia unggul peluncuranprogram makan gizi gratis januari program salah agenda prioritas nasional tuju atas gizi kuat ekonomi lokal terap tahap cakup jenjang didik paud sma derajat kabupaten kota lihat mei jangkau orang terima manfaat anak sekolah level sd smp slta derajat hamil wakil menteri uang wamenkeu suahasil nazara konferensi pers apbn jakarta jumat program sasar anak anak sekolah kelompok rentan cipta generasi sehat cerdas saing atur presiden pres badan gizi nasional laksana program sasar bagi kelompok kritis serta didik jenjang didik anak usia tengah didik agama juru khusus pesantren gizi anak sekolah konsentrasi tumbuh kognitif anak usia balita fase emas tumbuh periode kurang gizi timbul dampak jangka pulih tiga hamil asupan gizi hamil cegah komplikasi hamil sehat turun risiko lahir prematur stunting bayi empat susu gizi bantu produksi asi kualitas krusial optimal bayi lahir target jangkau individu kelompok kepala badan gizi nasional populasi duduk indonesia tambah populasi miskin didik hasil miskin struktur anak anak rumah tangga miskin lahir generasi intervensi bonus demografi disaster demografi special interview cnn indonesia lansir kanal youtube cnnindonesiaofficial program fokus daerah daerah infrastruktur layan penuh gizi sppg tahap luas wilayah tinggal depan luar program balita hamil susu foto cnn indonesia adhi wicaksono gizi program rancang tingkat status gizi masyarakat dongkrak ekonomi lokal tani lokal produsen pangan umkm bumdes koperasi rantai pasok makan gizi sedia sppg sppg daerah harap offtaker produk produk lokal uang masuk sppg beli bahan baku bahan baku produk tani terang koordinasi menteri desa bangun daerah tinggal kemendes pdt menteri koperasi pasok bahan pangan asal daya masyarakat lokal anggar lanjut komitmen perintah lanjut program prioritas menteri uang direktorat jenderal anggar dja alokasi anggar anggar biaya dariprogram hasil baik cepat delapan misi prioritas astacita presiden prabowo subianto tetap terima manfaat sesuai arah presiden kesiap hasil evaluasi program menteri ppn bappenas menteri uang dja tekan cakup pilar sedia makan gizi makan distribusi gratis sekolah posyandu fasilitas sehat rumah tangga sasar makan wajib penuh standar gizi imbang edukasi gizikampanye suluh gelar tingkat paham masyarakat gizi imbang pilih bahan makan teknik olah makan sehat pantau evaluasiprogram pantau kala ukur indikator sehat badan berat badan lingkar kepala ukur efektivitas program hasil target kerja lintas sektorkesuksesan program topang sinergi menteri sehat menteri didik menteri sosial bpom perintah daerah mang penting daya umkm lokaluntuk jamin lanjut umkm lokal mitra sedia makan segar kualitas cipta efek ekonomi ganda masyarakat jadi akses makan gizi hak dasar investasi jangka program makan gizi gratis nilai bawa ubah signifikan bangsa dampak angka angka sehat didik produktivitas nasional saing global hasil program kunci wujud visi indonesia emas cipta generasi cerdas sehat produktif saing tingkat global program investasi sdm jangka gizi tumbuh anak bangkit ekonomi daerah informasi indonesia satu negara terap program makan gizi anak sekolah amerika serikat program kenal sebagainational school lunch program india menjalankanmid day meal scheme negara negara afrika kembang modelhomegrown school feeding studi bank dunia catat program makan gizi tingkat hadir siswa partisipasi ajar turun angka stunting negara negara maju program tekan risiko obesitas diabetes usia data world food programme program makan gizi daya tani lokal kuat ekonomi desa tingkat tahan pangan turun emisi karbon rantai pasok pendek
Jokowi Resmi Bentuk Badan Gizi Nasional - kumparan.com - Kumparan.com,https://kumparan.com/kumparanbisnis/jokowi-resmi-bentuk-badan-gizi-nasional-23LMGD6BfjW,Kumparan.com,Netral,0.9995561242103577,Netral,presiden joko widodo jokowi resmi bentuk badangizinasional terbit atur presiden pres badan gizi nasional beleid laku undang agutus bentuk badan gizi nasional timbang rangka bangun manusia kualitas optimalisasi selenggara penuh gizi nasional wujud hak asasi manusia rangka penuh gizi nasional perintah upaya atur tata kelola cukup konsumsi aman gizi masyarakat laksana layan penuh gizi nasional rencana sistematis tata kelola bentuk badan gizi nasional bunyi pres kutip sabtu pasal beleid badan gizi nasional lembaga perintah bentuk presiden laksana tugas penuh gizi nasional pimpin dewan arah kepala wakil kepala badan gizi nasional serta didik anggota masyarakat usaha kembang potensi proses ajar sedia jalur jenjang jenis didik pasal fungsi fungsi badan gizi nasional teknis tata kelola sedia salur promosi kerja pantau awas penuh gizi nasional koordinasi bijak teknis tata kelola sedia salur promosi kerja pantau awas penuh gizi nasional koordinasi tugas bina beri dukung administrasi unsur organisasi lingkung badan gizi nasional kelola barang milik kaya negara tanggung badan gizi nasional dukung sifat substantif unsur organisasi lingkung badan gizi nasional awas tugas lingkung badan gizi nasional fungsi presiden pasal sasar penuh gizi tugas fungsi badan gizi nasional serta didik jenjang didik anak usia didik dasar didik tengah lingkung didik didik juru didik agama didik khusus didik layan khusus didik pesantren anak usia hamil susu badan gizi nasional struktur organisasi atur pasal beleid dewan arah cakup ketua wakil ketua anggota dewan arah atur unsur tokoh negara tokoh agama tokoh masyarakat purnawirawan tni polri pensiun pns akademisi laksana cakup kepala wakil kepala sekretariat deputi tata kelola deputi sedia salur deputi promosi kerja deputi pantau awas inspektorat pasal tugas dewan arah kepala wakil kepala laku periode angkat periode bentuk badan gizi anggota dewan pakar tim kampanye nasional prabowo gibran budiman sudjatmiko menteri lembaga libat rencana badan gizi menteri libat nama lembaga urus prabowo budiman
"Jokowi Bentuk Badan Gizi Nasional, Ini Tugasnya - InvestorTrust",https://investortrust.id/national/37660/jokowi-bentuk-badan-gizi-nasional-ini-tugasnya,InvestorTrust,Netral,0.9995241165161133,Netral,jakarta investortrust id presiden joko widodo jokowi bentuk badan gizi nasional bentuk badan tuang atur presiden pres badan gizi nasional beleid laku undang agustus bentuk badan gizi nasional timbang rangka bangun manusia kualitas optimalisasi selenggara penuh gizi nasional wujud hak asasi manusia sri mulyani pasti rapbn akomodasi program makan gizi gratis rangka penuh gizi nasional perintah upaya atur tata kelola cukup konsumsi aman gizi masyarakat laksana layan penuh gizi nasional rencana sistematis tata kelola bentuk badan gizi nasional bunyi pres badan gizi nasional kutip sabtu pasal pres badan gizi nasional lembaga perintah bentuk presiden laksana tugas penuh gizi nasional pimpin badan gizi nasional dewan arah kepala wakil kepala badan gizi nasional serta didik anggota masyarakat usaha kembang potensi proses ajar sedia jalur jenjang jenis didik lantas tugas badan gizi nasional pasal pres badan gizi nasional tugas laksana penuh gizi nasional jalan tugas badan gizi nasional fungsi atur pasal pres teknis tata kelola sedia salur promosi kerja pantau awas penuh gizi nasional koordinasi bijak teknis tata kelola sedia salur promosi kerja pantau awas penuh gizi nasional fungsi koordinasi tugas bina beri dukung administrasi unsur organisasi lingkung badan gizi nasional kelola barang milik kaya negara tanggung badan gizi nasional dukung sifat substantif unsur organisasi lingkung badan gizi nasional awas tugas lingkung badan gizi nasional fungsi presiden tulis pasal pres pasal pres sasar penuh gizi tugas fungsi badan gizi nasional serta didik jenjang didik anak usia didik dasar didik tengah lingkung didik didik juru didik agama didik khusus didik layan khusus didik pesantren anak usia hamil susu tulis pasal pres nadiem anggar tingkat gizi ajar rapbn badan gizi nasional struktur organisasi atur pasal beleid dewan arah cakup ketua wakil ketua anggota laksana cakup kepala wakil kepala sekretariat deputi tata kelola deputi sedia salur deputi promosi kerja deputi pantau awas inspektorat
"Sri Mulyani Sebut Bakal Banyak Lembaga Baru, Ini 8 Badan Bentukan Prabowo - Tempo.co",https://www.tempo.co/ekonomi/sri-mulyani-sebut-bakal-banyak-lembaga-baru-ini-8-badan-bentukan-prabowo-1735459,Tempo.co,Netral,0.9998877048492432,Netral,tempo co jakarta menteri keuangansri mulyaniindrawati sinyal muncul lembaga era perintah presiden prabowo subianto nyata sampai ramai berita pendirianbadan terima negara muncul institusi institusi hanyakementerian muncul lembaga lembaga sri mulyani acara lantik jabat pimpin pratama jabat organisasi non eselon menteri uang jakarta jumat juni lanjut baca berita iklan lantas lembaga diri prabowo bentuk atur atur presiden pres badan gizi nasional lembaga diri presiden joko widodo jokowi era prabowo jalan program makan gizi gratis sjafrie temu pensiun tni jelang buruh pres teken jokowi laku kamis agustus komando damping lodewyk pusung danantara pimpin kepala badan laksana chief executive officer ceo ros perkasa roeslani danantara resmi luncur prabowo senin februari regulasi danantara tuang atur perintah pp organisasi tata kelola badan kelola investasi anagata nusantara diri bp taskin acu pres badan cepat entas miskin tetap sabtu november bp taskin palai budiman sudjatmiko damping wakil nanik sudaryati deyang iwan sumule badan selenggara haji palai mochamad irfan yusuf dahnil anzar simanjuntak wakil regulasi bph maktub pres badan selenggara haji bpjph resmi status lembaga pisah menteri agama kemenag pres badan selenggara jamin produk halal prabowo ahmad haikal hassan kepala bpjph afriansyah noor wakil prabowo bentuk btiik pres menteri uang btiik kemenkeu suryo utomo kepala lantik sri mulyani jumat mei prabowo politikus partai gera indonesia raya gerindra aries marsudiyanto kepala bppik bentuk bppik pres badan kendali bangun investigasi khusus den lembaga nonstruktural tanggung presiden luhut binsar pandjaitan ketua diri den pres dewan ekonomi nasional prabowo cemas gejolak buruh pilih editor kerja rumah dirjen pajak
Bukan untuk Siswa! Ini 3 Kategori Penerima MBG yang Dikirim ke Rumah - WartaBromo,https://www.wartabromo.com/2025/12/22/bukan-untuk-siswa-ini-3-kategori-penerima-mbg-yang-dikirim-ke-rumah/,WartaBromo,Netral,0.9998575448989868,Netral,pasuruan wartabromo com program makan gizi gratis sorot jelang libur sekolah antar rumah siswa libur ramai bincang masyarakat berita pasuruan kini lansir djpb kemenkeu go id atur atur presiden pres badan gizi nasional program sedia makan gizi gratis sekolah sekolah muncul distribusi libur sekolah tanggap wakil kepala nanik sudaryati deyangmenegaskan siswa kirim rumah siswa antar rumah rumah ulang rumah rumah senin nanik skema antar rumah untuk kategori terima tiga kelompok hamil susu balita salur siswa sekolah kirim makan satuanpendidikandengan syarat sekolah sedia terima program didik siswa antar sekolah catat sekolah terima nanik tegas ubah mekanisme salur siswa libur sekolah program fokus distribusi sekolah antar rumah kelompok rentan butuh perhati gizi intensif jun
Presiden terbitkan Perpres pembentukan Badan Gizi Nasional - ANTARA News,https://www.antaranews.com/berita/4270251/presiden-terbitkan-perpres-pembentukan-badan-gizi-nasional,ANTARA News,Netral,0.9998664855957031,Netral,jakarta presiden joko widodo terbit atur presiden badan gizi nasional optimal selenggara penuh gizi nasional wujud hak asasi manusia jamin uud salin pres lamanjdih setneg go iddi jakarta senin timbang bentuk badan gizi nasional rangka penuh gizi nasional perintah upaya atur tata kelola cukup konsumsi aman gizi masyarakat badan gizi nasional bertanggungjawab presiden tugas penuh gizi nasional badan gizi nasional pimpin kepala jalan tugas badan gizi nasional jalan fungsi koordinasi rumus tetap bijak teknis tata kelola sedia salur promosi kerja pantau awas penuh gizi nasional koordinasi bijak teknis tata kelola sedia salur promosi kerja pantau awas penuh gizi nasional sasar penuh gizi tugas fungsi badan gizi nasional serta didik jenjang didik anak usia didik dasar didik tengah lingkung didik didik juru didik agama didik khusus didik layan khusus didik pesantren anak usia hamil susu pres terbit jokowi tanggal agustus undang tanggal menteri sekretaris negara pratikno pres laku tanggal undang informasi terima koordinator staf khusus presiden ari dwipayana presiden lantik kepala badan gizi nasional istana negara jakarta senin warta rangga pandu asmara jinggaeditor agus setiawancopyright larang keras ambil konten crawling indeks otomatis ai situs web izin tulis kantor berita kirimkomentar tanggung uu ite
Alasan Jokowi Bentuk Badan Gizi Nasional - Validnews,https://validnews.id/nasional/alasan-jokowi-bentuk-badan-gizi-nasional,Validnews,Netral,0.9998526573181152,Netral,logo selamat siang logo twitter facebook instagram youtube selasa mei agustus wib alas jokowi bentuk badan gizi nasional badan gizi nasional comot badan bapanas tulis khairul kahfi editor leo wisnu susapto siswa makan uji coba makan gizi gratis sdn sentul kabupaten bogor jawa barat selasa foto yulius satria wijaya jakarta presiden joko widodo bentuk badan gizi nasional dasar hukum atur presiden pres ditandatangani agustus bentuk badan laksana layan penuh gizi nasional rencana sistematis tata kelola timbang pres dikutipvalidnewsdi jakarta senin pres urai badan gizi nasional pimpin kepala pasal ayat urai badan gizi nasional sasar penuh gizi serta didik ajar jenjang didik anak usia didik dasar didik tengah lingkung didik didik juru didik agama didik khusus didik layan khusus didik pesantren sasar anak usia balita hamil susu isi pres atur wenang presiden ubah sasar beri penuh gizi nasional badan ubah sasar penuh gizi ayat tetap presiden alih pasal terang tugas fungsi rawan gizi laksana deputi rawan pangan gizi badan pangan nasional bapanas alih badan gizi nasional alih atur presiden laku deputi rawan pangan gizi atur atur presiden badan pangan nasional lembar negara pasal ayat alih pegawai aparatur sipil negara asn lengkap dana dokumen rawan gizi lingkung bapanas laksana jangka lambat pres laku pasal pres laku jabat serta jabat memang jabat lingkung deputi rawan pangan gizi bapanas laksana tugas fungsi urai pres bentuk jabat angkat jabat atur presiden atur presiden laku tanggal undang orang tahu perintah undang atur presiden tempat lembar negara republik indonesia bunyi pasal bagi on facebook on twitter on linkedin on whatsapp silah login komentarloginataudaftar
Badan Gizi Nasional Garap Program Makan Gratis - KONTAN,https://insight.kontan.co.id/news/badan-gizi-nasional-garap-program-makan-gratis,KONTAN,Netral,0.9934700727462769,Netral,kontan co id jakarta program makan gizi gratis perintah prabowo subianto gulir presiden joko widodo resmi bentuk badan gizi nasional atur presiden pres tekan agustus informasi terima kontan aral lintang presiden jokowi lantik kepala badan gizi nasional
Presiden Terbitkan Perpres Pembentukan Badan Gizi Nasional - aceHTrend.com,https://www.acehtrend.com/news/presiden-terbitkan-perpres-pembentukan-badan-gizi-nasional/index.html,aceHTrend.com,Netral,0.9998366832733154,Netral,olehredaksi acehtrend com jakarta presiden joko widodo terbit atur presiden pres badan gizi nasional optimal selenggara penuh gizi nasional wujud hak asasi manusia jamin uud salin pres laman jdih setneg go id jakarta senin timbang bentuk badan gizi nasional rangka penuh gizi nasional perintah upaya atur tata kelola cukup konsumsi aman gizi masyarakat badan gizi nasional bertanggungjawab presiden tugas penuh gizi nasional badan gizi nasional pimpin kepala jalan tugas badan gizi nasional jalan fungsi koordinasi rumus tetap bijak teknis tata kelola sedia salur promosi kerja pantau awas penuh gizi nasional koordinasi bijak teknis tata kelola sedia salur promosi kerja pantau awas penuh gizi nasional sasar penuh gizi tugas fungsi badan gizi nasional serta didik jenjang didik anak usia didik dasar didik tengah lingkung didik didik juru didik agama didik khusus didik layan khusus didik pesantren anak usia hamil susu pres terbit jokowi tanggal agustus undang tanggal menteri sekretaris negara pratikno pres laku tanggal undang informasi terima koordinator staf khusus presiden ari dwipayana presiden lantik kepala badan gizi nasional istana negara jakarta senin jabat kepala badan gizi nasional presiden joko widodo lantik kepala badan gizi nasional acara lantik menteri kepala badan istana negara jakarta senin lantik putus presiden angkat kepala badan gizi nasional allah sumpah setia undang undang dasar negara republik indonesia jalan atur undang undang lurus lurus darma bakti bangsa negara ucap sumpah pandu presiden jokowi ucap sumpah anut agama islam sumpah jalan tugas jabat junjung etika jabat penuh tanggung lantik sama hasan nasbi kepala kantor komunikasi presiden taruna ikrar kepala badan awas obat makan latar akademisi dosen institut tani bogor ipb bogor jawa barat
Jokowi Teken Pembentukan Badan Gizi Nasional - KabarBursa.com,https://www.kabarbursa.com/makro/jokowi-teken-pembentukan-badan-gizi-nasional,KabarBursa.com,Netral,0.9998304843902588,Netral,kabarbursa com presiden joko widodo jokowi teken atur presiden pres bentuk badan gizi nasional institusi peran program makan gizi gratis usung presiden pilih prabowo subianto jabat oktober kepala badan pangan nasional bapanas arief prasetyo had bentuk badan gizi nasional siap eksekusi program makan gizi gratis jalan perintah prabowo gibran badan gizi nasional siap eksekusi program makan gizi gratis pres ditandatangani presiden jokowi arief minggu agustus badan gizi nasional lembaga perintah operasi tanggung presiden jokowi teken pres badan gizi nasional agustus badan gizi nasional tugas laksana penuh gizi nasional tulis pasal beleid laksana tugas pasal badan gizi nasional selenggara fungsi koordinasi rumus tetap bijak teknis tata kelola sedia salur promosi kerja pantau awas penuh gizi nasional badan gizi nasional tugas koordinasi bijak teknis tata kelola sedia salur promosi kerja pantau awas penuh gizi nasional pasal beleid dana tugas fungsi badan gizi nasional sumber anggar dapat belanja negara apbn sah ikat tentu atur undang undang apbn perintah masuk anggar khusus program makan gizi gratis anak sekolah anggar didik tanggung prabowo total anggar didik triliun anggar program makan gizi gratis triliun jokowi rencana anggar anggar didik tingkat gizi anak sekolah renovasi sekolah sekolah unggul anggar didik luas program beasiswa maju budaya kuat guru kelas dunia riset anggar didik alokasi triliun alokasi tingkat gizi anak sekolah renovasi sekolah sekolah unggul jokowi sidang paripurna dpr baca nota uang gedung dpr jakarta jumat agustus menteri uang menkeu sri mulyani indrawati anggar program makan gizi gratis triliun anggar didik program presiden pilih makan gizi gratis triliun rapbn tim makan gizi gratis sempurna sri mulyani konferensi pers rapbn kantor direktorat jenderal pajak jakarta jumat agustus eks direktur bank dunia world bank program makan gizi gratis tuju cipta anak cerdas daya umkm daerah tekan daya umkm ekonomi daerah gerak sri mulyani anggar program makan gizi gratis masuk kategori anggar didik triliun rincinya anggar didik tingkat akses kualitas didik program indonesia pintar pip kip kuliah bantu operasional sekolah bos bop paud beasiswa lpdp biaya program makan gizi gratis renovasi sekolah bangun sekolah unggul kuat link and match pasar kerja vokasi sertifikasi menteri koordinator ekonomi airlangga hartarto perintah rencana bentuk lembaga tangan program makan gizi gratis bentuk lembaga bentuk badan airlangga lembaga badan airlangga bentuk tunggu kesah tunggu kesah anggar program makan gizi gratis anak sekolah triliun masuk apbn airlangga sebut besar anggar makan siang gratis anak beda beda daerah bilang teknis program andal presiden pilih prabowo subianto bahas detail turun alokasi biaya porsi upaya efisien pagu anggar daerah beda teknis bahas airlangga acara luncur geoportal one map policy white paper omp beyond regis jakarta selatan kamis juli
"Jadi Kepala Badan Gizi Nasional, Dadan Hindayana Siap Laksanakan Program Makan Bergizi Gratis - InvestorTrust",https://investortrust.id/national/37751/jadi-kepala-badan-gizi-nasional-dadan-hindayana-siap-laksanakan-program-makan-bergizi-gratis,InvestorTrust,Netral,0.999392032623291,Netral,jakarta investortrust id presiden joko widodo jokowi lantik kepala badan gizi nasional istana negara jakarta senin badan bentuk jokowi pres badan gizi nasional badan bentuk laksana program prioritas presisen pilih prabowo subianto program makan gizi gratis program makan gizi gratis target laksana januari lanjut perintah jokowi terbit pres kepala tugas januari program makan gizi gratis laksana lantik istana negara jakarta senin nama prof calon kepala badan gizi nasional anggar makan gizi gratis triliun cantum rapbn kelola sepenuh badan gizi nasional program makan gizi gratis anggar alokasi operasional gaji pegawai badan gizi nasional tugas susun struktur organisasi badan gizi nasional atur prosedur makan gizi gratis optimistis program realisasi serentak indonesia januari angga raka prabowo lantik wamenkominfo profil angkat jabat pratama dirjen sestama deputi susun sotk struktur organisasi tata kerja susun atur badan program program apbn harap minggu desember terima dipa daftar isi anggar terima dipa januari laksana program badan gizi nasional gandeng swasta umkm bumdes koperasi
Kepala Badan yang Baru Dilantik - Indonesia Baik,https://indonesiabaik.id/infografis/kepala-badan-yang-baru-dilantik,Indonesia Baik,Netral,0.9998873472213745,Netral,indonesiabaik id presiden joko widodo jokowi lantik jabat istana presiden jakarta pusat senin lantik jabat presiden ombak jajar kabinet indonesia maju salah jabat lantik kepala badan gizi nasional badan gizi nasional lembaga bentuk presiden jokowi agustus atur presiden badan gizi nasional badan gizi nasional lembaga perintah bentuk presiden laksana tugas penuh gizi nasional lansir informasi kutip data didik dikti dosen program studi pascasarjana entomologi ilmu ajar jenis hidup serangga departemen proteksi tanam fakultas tani institut tani bogor ipb lulus sarjana program studi proteksi tanam ipb lanjut didik universitas bonn jerman studi entomologi terap lulus catat kenyam didik leibniz universitat hannover jerman lulus selesai studi nya ipb kepala badan lantik hasan nasbi kepala kantor komunikasi presiden kantor komunikasi presiden salah lembaga bentuk perintah acu atur presiden pres bentuk kantor komunikasi presiden timbang wujud efektivitas selenggara komunikasi informasi strategis presiden sinergis padu kantor komunikasi presiden tugas selenggara beri dukung presiden laksana komunikasi informasi bijak strategis program prioritas presiden hasan nasbi pria lahir bukittinggi sumatera barat sumbar amat politik diri lembaga survei cyrus network lansir hasan nasbi kenyam didik ilmu politik universitas indonesia ui lulus hasan karier wartawan teliti pusat kaji politik universitas indonesia taruna ikrar lantik kepala bpom definitif penny lukito tugas kepala bpom november jabat kepala bpom isi laksana tugas rizka andalusia lansir informasi taruna ikrar dokter ilmuwan farmasi jantung syaraf taruna ikrar jabat spesialis laboratorium departemen anatomi neurobiologi universitas california irvine ikrar salah pegang paten metode meta otak manusia jabat wakil ketua pb ikat dokter indonesia periode
"Jokowi Bentuk Badan Gizi Nasional, Ini Tugas dan Fungsinya! - Pajak.com",https://www.pajak.com/ekonomi/jokowi-bentuk-badan-gizi-nasional-ini-tugas-dan-fungsinya/,Pajak.com,Netral,0.9282686710357666,Netral,jokowi bentuk badan gizi nasional tugas fungsi pajak com jakarta jokowi bentuk badan gizi nasional atur presiden pres salah tugas badan gizi nasional program makan gizi gratis presiden pilih prabowo subianto gibran rakabuming raka komprehensifpajak comakan urai tugas fungsi badan gizi nasional pres rujuk salin pres badan gizi nasional lembaga perintah tanggung presiden bentuk badan gizi nasional dasar butuh jamin hak asasi manusia hak gizi layak amanat undang undang dasar uud negara republik indonesia tuju bentuk badangizinasional nyata perintah pusat masyarakat indonesia konsumsi aman gizi hadir badan gizi nasional program bijak penuh gizi indonesia laksana struktur rencana sistematis capa masyarakat sehat kualitas tugas fungsi badan gizi nasional atur pasal pasal pres read lateradd to favouritesadd to collection alamat email publikasi ruas wajib tanda komentar nama email situs web simpan nama email situs web ramban komentar by using this form you agree with the storage and handling of your data by this website kirim komentar
Saran Ahli Gizi agar Badan Gizi Nasional Bisa Jalankan Tugas dengan Tepat Sasaran - Tempo.co,https://www.tempo.co/gaya-hidup/saran-ahli-gizi-agar-badan-gizi-nasional-bisa-jalankan-tugas-dengan-tepat-sasaran-19812,Tempo.co,Netral,0.999869704246521,Netral,tempo co jakarta presiden joko widodo terbit atur presiden badan gizi nasional optimal selenggara penuh gizi nasional wujud hak asasi manusia jamin uud timbang pembentukanbadan gizi nasionaluntuk penuh gizi nasional perintah upaya atur tata kelola cukup konsumsi aman gizi masyarakat spesialis gizi rumah sakit anak melinda bandung johanes chandrawinata sebut badan gizi nasional selektif bantuanmakanan bergizibagi kelompok butuh lanjut baca berita iklan badan gizi harap bantu makan gizi selektif sasar awas dana perhati skrining massal johanes selasa agustus sjafrie temu pensiun tni jelang buruh skrining massal atur presiden pres atur bentuk badan gizi nasional kelompok prioritas penuh gizi sasar serta didik anak usia hamil susu johanes sasar data kumpul valid salah satu skrining sehat massal sasar masyarakat butuh bantu gizi perhati skrining skrining massal bantu bantu gizin sasar hasil minimal papar prabowo cemas gejolak buruh turut biaya baik gizi murah mempertimbangkankebutuhan gizimasyarakat usia hitung anak balita protein anak usia sekolah protein karbohidrat lemak mesti beri makan tambah makan ganti kali makan tambah camil makan bentuk camil mesti hitung kalori protein karbohidrat lemak kandung dalam bagi perhati mudah tugas badan gizi jaga ketat program hasil capai target butuh johanes tekan badan gizi nasional libat pakar dokter ahli gizi bantu program makan gizi harap kepala badan gizi nasional lulus ipb rangkul jawat program sukses lupa rangkul profesi spesialis gizi klinik dokter ahli gizi dietitian public health hubung masyarakat luas papar pilih editor saran ahli gizi anak makan sayur
Perpres Kantor Komunikasi Kepresidenan Digugat ke MA - MetroTVNews.com,https://www.metrotvnews.com/read/KYVC4Jdl-perpres-kantor-komunikasi-kepresidenan-digugat-ke-ma,MetroTVNews.com,Netral,0.9998867511749268,Netral,nasional ilustrasi gedung mahkamah agung jakarta mi susanto al abrar april jakarta mahkamah agung ma terima mohon uji materiil atur presiden pres republik indonesia kantor komunikasi presiden gugat aju warga nama windu wijaya april advertisementpermohonan aju kuasa hukum windu ardin firanata ma terima berkas mohon bukti dukung rangkap softcopy bentuk flashdisk dokumen ditandatangani pranata adil hak uji materiil berkas mohon bukti rangkap softcopy mohon hak uji materiil bentuk flashdisk tulis salin terima berkas perkara kutip minggu april mohon windu aju uji materiil pasal pres pasal pasal pasal ayat pasal isi pasal pasal uji materiil pasal laksana tugas pasal kantor komunikasi presiden selenggara fungsi informasi aktual strategis politik bijak strategis program prioritas presiden kelola materi strategi komunikasi informasi aktual strategis politik bijak strategis program prioritas presiden mas informasi media komunikasi bijak strategis program prioritas presiden koordinasi sinkronisasi informasi strategis evaluasi komunikasi menteri lembaga bijak strategis program prioritas presiden administrasi kantor komunikasi presiden danf fungsi presiden pasal atur presiden laku fungsi kelola strategi komunikasi lingkung lembaga presiden kelola strategi komunikasi politik mas informasi laksana kantor staf presiden atur atur presiden kantor staf presiden lembar negara republik indonesia alih tugas fungsi kantor komunikasi presiden pasal atur presiden laku tentu atur fungsi kelola strategi komunikasi lingkung lembaga presiden kelola strategi komunikasi politik mas informasi atur presiden kantor staf presiden lembar negara republik indonesia cabut nyata laku
"Jokowi Bikin Badan Gizi Nasional Kelola Anggaran Rp 71 triliun, Buat Apa? - Tempo.co",https://www.tempo.co/politik/jokowi-bikin-badan-gizi-nasional-kelola-anggaran-rp-71-triliun-buat-apa--17045,Tempo.co,Netral,0.9998853206634521,Netral,tempo co jakarta presiden joko widodo ataujokowiresmi bentuk badan gizi nasional legasi atur presiden badan bentuk optimal selenggara penuh gizi nasional wujud hak asasi manusia jamin uud badan gizi nasional lembaga perintah tanggung presiden bunyi satu pasal beleid kutip tempo sabtu agustus lanjut baca berita iklan presiden joko widodo jokowi resmi lantik kepalabadan gizi nasionalpada senin agustus istana negara jakarta sama bentuk lembaga badan gizi nasional atur presiden sjafrie temu pensiun tni jelang buruh hindayanaadalah dosen fakultas tani institut tani bogor ipb kenal entomolog ahli serangga proteksi tanam pangan tani indonesia lembaga bentuk laksana program makan gizi gratis rencana kerja prioritas presiden pilih prabowo subianto kepalabadan gizi nasional lembaga kelola anggar triliun anggar alokasi programmakan gizi gratisdan gaji pegawai prabowo cemas gejolak buruh anggar operasional istana negara jakarta senin agustus fakta fakta badan gizi nasional tugas fungsi timbang bentuk badan gizi nasional penuh gizi nasional perintah upaya atur tata kelola cukup konsumsi aman gizi masyarakat jalan tugas badan gizi nasional jalan fungsi koordinasi rumus tetap bijak teknis tata kelola sedia salur promosi kerja pantau awas penuh gizi nasional koordinasi bijak teknis tata kelola sedia salur promosi kerja pantau awas penuh gizi nasional sasar sasar penuh gizi tugas fungsi badan gizi nasional serta didik jenjang didik anak usia didik dasar didik tengah lingkung didik didik juru didik agama didik khusus didik layan khusus didik pesantren anak usia hamil susu tuju bentuk kepala badan gizi nasional lantik presiden jokowi badan bentuk laksana program makan gizi gratis rencana kerja prioritas presiden pilih prabowo subianto badan gizi nasional bentuk laksana program prioritas presiden pilih lantik jokowi istana negara jakarta senin agustus bentuk era jokowi pres badan gizi nasional bentuk era jokowi siklus anggar laksana januari nota uang masuk anggar masuk turut badan gizi nasional lanjut perintah jokowi teken pres kepala tugas januari program makan gizi gratis laksana hendrik khoirul muhid yudono yanuar pilih editor badan gizi nasional kelola dana triliun eksekusi makan gizi gratis
"Jokowi Bentuk Badan Gizi Nasional, Pelaksana Program Makan Bergizi Gratis - kontan.co.id",https://nasional.kontan.co.id/news/jokowi-bentuk-badan-gizi-nasional-pelaksana-program-makan-bergizi-gratis,kontan.co.id,Netral,0.9989486336708069,Netral,reporter vendy yhulia susanto editor putri werdiningsih kontan co id jakarta presiden joko widodo jokowi resmi bentuk badan gizi nasional atur presiden pres beleid undang agustus badan gizi nasional lembaga perintah tanggung presiden tulis pasal ayat kutip minggu timbang rangka bangun manusia kualitas optimalisasi selenggara penuh gizi nasional wujud hak asasi manusia jamin uud perintah upaya atur tata kelola cukup konsumsi aman gizi masyarakat badan gizi nasional pimpin kepala tulis pasal ayat anggar makan gratis gin total sasar penuh gizi tugas fungsi badan gizi nasional serta didik jenjang didik anak usia didik dasar didik tengah lingkung didik didik juru didik agama didik khusus didik layan khusus didik pesantren anak usia hamil susu presiden jokowi strategi bijak jangka pendek apbn fokus akselerasi tumbuh ekonomi kuat sejahtera perata daerah program makan gizi gratis tahap selaras kesiap teknis lembaga tata kelola akuntabel jokowi antar rapbn nota uang jumat anggar tahan pangan capai triliun rapbn untuk menteri uang sri mulyani rapbn akomodasi program presiden wakil presiden pilih program makan gizi gratis anggar triliun tuju program cipta anak cerdas multiplier ekonomi lokal umkm daya ekonomi daerah gerak tim makan gizi gratis sempurna sri mulyani konferensi pers rapbn nota uang anggar kantor direktorat jenderal pajak menteri uang jakarta jumat ketua tim gugus tugas sinkronisasi perintah prabowo gibran sufmi dasco ahmad sinkronisasi susun apbn program hitung fiskal defisit anggar rencana makan gizi gratis masuk program perintah laksana dasco temu sidang mpr dpr dpd kompleks parlemen jumat cek berita artikel digoogle
"Presiden Jokowi Bentuk Badan Gizi Nasional, Ini Tugas dan Susunan Organisasinya - SINDOnews Nasional",https://nasional.sindonews.com/read/1437931/15/presiden-jokowi-bentuk-badan-gizi-nasional-ini-tugas-dan-susunan-organisasinya-1723950484,SINDOnews Nasional,Netral,0.9997727274894714,Netral,
"Singkatan yang Muncul dalam Program Makan Bergizi Gratis: MBG, BGN, dan SPPG - Tempo.co",https://www.tempo.co/politik/singkatan-yang-muncul-dalam-program-makan-bergizi-gratis-mbg-bgn-dan-sppg-1198030,Tempo.co,Netral,0.9820515513420105,Netral,tempo co jakarta programmakan gizi gratismilik presiden prabowo subianto wakil presiden gibran rakabuming raka resmi senin januari terap muncul singkat iring jalan bijak singkat program makan gizi gratis serta jelas makan gizi gratis program unggul presiden prabowo wakil presiden gibran visi misi pimpin negara tuntas stunting program rancang asupan gizi hamil susu balita serta didik jenjang didik prasekolah didik dasar didik tengah juru agama presiden prabowo target terima manfaat januari maret angka tambah tahap target terima manfaat penuh kepala komunikasi presiden hasan nasbi minggu januari program gelontor alokasi anggar triliun apbn program program program hasil baik cepat phtc pimpin presiden prabowo wakil presiden gibran badan gizi nasional lembaga perintah tugas laksana penuh gizi nasional bentuk badan gizi nasional atur atur presiden republik indonesia pres atur sah joko widodo kamis agustus pasca penandatanganan salah program kelola program makan siang gratis inisiasi presiden wakil presiden pilih prabowo subianto gibran rakabuming raka tugas fungsi tugas koordinasi rumus tetap bijak teknis tata kelola sedia salur promosi kerja pantau awas penuh gizi nasional tugas koordinasi bijak teknis tata kelola sedia salur promosi kerja pantau awas penuh gizi nasional tiga koordinasi tugas bina beri dukung administrasi unsur organisasi lingkung kelola barang milik negara tanggung laksana dukung substantif unsur organisasi lingkung awas tugas lingkung laksana fungsi presiden sppg dapur produksi makan gizi sebar provinsi indonesia jawa barat provinsi titik lokasi sppg indonesia total titik lokasi sppg jalan konsep dapur koperasi yayasan usaha persero batas sppg ahli gizi akuntan rangka awas ketat kualitas gizi lancar proses distribusi makan gizi cukup gizi porsi sppg wenang awas standar bersih kelola gizi olah limbah dapur ketat menu makan siang gizi ganti jadwal siap sppg sppg selesai an sppg yangready didik universitas tahan tempat kesiap dapur dapur dapur dapur ready sppg nya taruh hasan nasbi ni kadek trisna cintya dewi rizki dewi ayu hanin marwah daneka yudha saputraberkontribusi tulis artikel pilih editor media asing sorot racun makan program makan gizi gratis lanjut baca berita iklan sjafrie temu pensiun tni jelang buruh
"Badan Gizi Nasional untuk Sementara Berkantor di Kompleks Kementan, Dibantu Kepala Bapanas - Tempo.co",https://www.tempo.co/ekonomi/badan-gizi-nasional-untuk-sementara-berkantor-di-kompleks-kementan-dibantu-kepala-bapanas-15485,Tempo.co,Netral,0.9998699426651001,Netral,tempo co jakarta kepala badan pangan nasional bapanas arief prasetyo adi badan gizi nasional kantor kompleks menteri tani bapanas menteri sekretariat negara bantu kerja lembaga kelola program makan gizi gratis minggu badan gizi nasional kantor bekas gedung kepala badan karantina menteri tani bapanas eksekusi program jalan cepat sidampaikan pakjokowidan prabowo tanggal oktober program perintah jalan arief temu kompleks dpr senin agustus lanjut baca berita iklan tunjuk bapanas lembaga alam bentuk organisasis perangkat organisasi badan gizi nasional sepenuh bantu belumfullperangkatnya sjafrie temu pensiun tni jelang buruh keterlibatanbapanas tugas spesifik arief usul lembaga bantu hubung produksi tani ternak lokal program makan gizi gratis bapanas jalan program atur presiden pres cepat penganekaragaman pangan bas potensi lokal bijak ditandatangani presiden joko widodo agustus dorong sedia pangan produsen negeri prabowo cemas gejolak buruh kemarin fgd focus grup discussion nya dorong pangan karbohidrat beras bas pangan lokal badan gizi nasional resmi bentuk agustus atur presiden pres telah presiden jokowi resmi lantik kepala badan gizi nasional istana negara jakarta senin agustus lembaga kelola program andal prabowo subianto makan gizi gratis anggar program prioritas tetap triliun rapbn pilih editor bea cukai angkat bicara video viral kaesang erina turun jet pribadi nyelonong lewat pabean
BKKBN Dukung Makan Bergizi Gratis untuk Tingkatkan Kesehatan Masyarakat - Tempo.co,https://www.tempo.co/gaya-hidup/bkkbn-dukung-makan-bergizi-gratis-untuk-tingkatkan-kesehatan-masyarakat-9066,Tempo.co,Positif,0.9993005990982056,Positif,tempo co jakarta pasal ayat atur presiden pres sebut sasar penuh gizi tugas fungsibadan gizi nasionaladalah serta didik jenjang didik anak usia didik dasar didik tengah didik didik vokasi didik agama didik khusus didik layan khusus didik pesantren sasar anak hamil susu suluh keluarga rencana ahli badan duduk keluarga rencana nasional bkkbn dwi listyawardani programmakan gizi gratisyang prakarsa badan gizi nasional tingkat derajat sehat masyarakat lanjut baca berita iklan makan gizi ampu badan gizi nasional sejati tingkat derajat sehat masyarakat ajar anak didik hamil susu balita dan sap sjafrie temu pensiun tni jelang buruh turut badan gizi nasional badan strategis atas gizi indonesia program program strategis intervensi keluarga terap perilaku hidup sehat bersih cegah lahir bayi bayi stunting ubah perilaku masyarakat asupan makan gizi sungguh gerak bkkbn perlahan muncul sadar keluarga makan gizi calon hamil bayi papar prabowo cemas gejolak buruh makan kebun sendiriketua bunda asuh anak stunting baas nasional tekan manfaat pangan lokal bahan makan hasil kebun pekarang tingkat asupan gizi keluarga ubah sadar manfaat pangan lokal susul program dapur sehat atas stunting dashat lahir inisiasi bkkbn tim damping keluarga tpk tim bantu suluh keluarga rencana pkb tugas lapang keluarga rencana plkb kader kader kb memperhatikanasupan gizipada bayi usia enam tangan stunting arah perintah keluarga risiko stunting krs sasar bayi hamil lahir lahir bayi pantau sehat stunting muncul bayi sehat usia sebab asupan gizi makan damping asi mpasi bayi bagus gizi dan tekan perintah sasar calon pengantin program makan gizi gratis calon pengantin layak intervensi masuk kelompok kontributor muncul stunting asupan gizi imbang pres jangkau calon pengantin harap jangkau program luas cakup sasar calon pengantin intervensi pilih editor imbang bentuk badan gizi nasional berantas stunting
Prabowo Pastikan Anggaran Makan Bergizi Gratis Cukup - Tempo.co,https://www.tempo.co/politik/prabowo-pastikan-anggaran-makan-bergizi-gratis-cukup-1207536,Tempo.co,Netral,0.9990047812461853,Positif,tempo co jakarta presidenprabowosubianto singgung ragu perintah dana jalan program andal makan gizi gratis prabowo uang program pilih editor prabowo nu muhammadiyah awas bpi danantara lanjut baca berita iklan nyinyir kasih makan uang nggak uang uang acara ulang hut partai gerindra gelar sentul city international convention center bogor sabtu februari badan gizi nasional badan khusus bentuk perintah jalan cepat duga orang orang ketua partai gerindra cerita peran presiden joko widodo bentuk jokowi bentuk badan kabinet prabowo lantik oktober oktober bentuk joko widodo jokowi resmi bentuk badan terbit atur presiden pres badan gizi nasional beleid badan gizi nasional lembaga perintah tugas penuh gizi nasional sasar penuh gizi serta didik anak usia balita hamil susu prabowo instruksi menteri lembaga hemat anggar program program prioritas mangkas total triliun anggar belanja transfer daerah tkd perintah menteri kepala lembaga identifikasi rencana efisiensi belanja besar tetap menteri uang sri mulyani sri mulyani anggar program program perintah rasa manfaat masyarakat makan gizi gratis swasembada pangan energi baik sehat tingkat kualitas masyarakat masyarakat unggul mangkas program tambah dana triliun ungkap direktur daya partisipasi masyarakat tengku syahdana tanggap tambah anggar makan gizi gratis uang salah satu metode hemat pos menteri lembaga kena potong tengku luncur seri kaji makan gizi gratis center for indonesia strategic development initiatives cisdi jakarta kamis februari ilona esterinaberkontribusi tulis artikel sjafrie temu pensiun tni jelang buruh pilih editor tawar koalisi permanen prabowo pdip bilang visi gabung
Spesialis Gizi Klinik: Bayi sampai Usia 2 Tahun Perlu Jadi Fokus Program Makan Bergizi Gratis Prabowo - Tempo.co,https://www.tempo.co/ekonomi/spesialis-gizi-klinik-bayi-sampai-usia-2-tahun-perlu-jadi-fokus-program-makan-bergizi-gratis-prabowo-17218,Tempo.co,Netral,0.9998732805252075,Netral,tempo co jakarta spesialis gizi klinik dokter johanes chandrawinata saran pemberianmakan gizi gratislebih fokus hidup bayi usia bayi kandung perhati cukup gizi lahir tumbuh kembang optimal capai potensi maksimal gen nya ribu hubung jakarta selasa agustus nyata respons terbit atur presiden pres tentangbadan gizi nasional bagi kelompok prioritas penuh gizi program makan gizi gratis perintah prabowo serta didik anak usia balita hamil susu johanes beri makan gizi gratis perhati butuh gizi usia balita usia bayi makan beda enam mesti asi eksklusif enam beri makan damping asi makan orang dewasa sesuai si bayi makan keras pedas sesuai tahap tumbuh kembang si anak papar penuh gizi hamil perhati cukup asam folat salah khasiat lancar asi hamil jaga asam folatnya hamil perempuan usia subur kandung asam folatnya bayi kena risiko cacat bawa spesialis gizi rumah sakit anak rsia melinda bandung muka beri makan gizi balita usia sasar mesti perhati tumbuh kembang stunting tumbuh kembang ganggu kualitas manusia gizi usia sekolah lihat prioritas pres cukup gizi tumbuh kembang usia kadang kadang umur johanes fokus sasar makan gizi gratis hidup program perintah sasar cita cita entas stunting malnutrisi muka perhati pedoman beri gizi butuh usia jenis kelamin beda beda pedoman anak usia laki laki wanita pedoman butuh kalori protein hitung tentu johanes perhati aktivitas fisik intervensi penuh gizi usia sekolah gantung aktivitas fisik berat badan pengaruh patok usia sekian butuh kalori rata laki laki wanita beda laki laki aktif kepala badan gizi nasional lembaga kelola dana triliun dana biaya program makan gizi gratis bayar gaji pegawai lanjut baca berita iklan anggar operasional lantik presiden joko widodo istana negara jakarta senin agustus sjafrie temu pensiun tni jelang buruh presiden joko widodo jokowi pidato rancang anggar dapat belanja negara rapbn program program presiden wakil presiden pilih prabowo subianto gibran rakabuming raka masuk rapbn program makan gizi gratis tahap selaras kesiap teknis lembaga tata kelola akuntabel jokowi sidang paripurna dpr jakarta jumat agustus prabowo cemas gejolak buruh sasar penuh gizi tugas fungsibadan gizi nasionaldiberikan serta didik jenjang didik anak usia didik dasar didik tengah lingkung didik didik juru didik agama didik khusus didik layan khusus didik pesantren
Badan Gizi Nasional untuk Program Makan Bergizi Gratis - Ngopibareng.id,https://www.ngopibareng.id/read/badan-gizi-nasional-untuk-program-makan-bergizi-gratis,Ngopibareng.id,Netral,0.9998267292976379,Netral,badan gizi nasional lembaga perintah bentuk presiden jokowi laksana tugas penuh gizi nasional gratis badan lembaga perintah tanggung angkat henti presiden indonesia bentuk badan gizi nasional atur atur presiden pres atur bab pasal pres teken presiden jokowi agustus presiden jokowi lantik kepala badan gizi nasional istana merdeka jakarta pria lahir garut jabat fungsional lektor ipb pria riwayat didik jenjang ajar program studi entomologi jenjang ipb sasar penuh gizi tugas fungsi badan gizi nasional kelompok hamil susu anak usia sasar serta didik jenjang didik anak usia didik dasar didik tengah lingkung didik didik juru didik agama didik khusus didik layan khusus didik pesantren info grafis badan gizi nasional program makan gizi gratis presiden jokowi bentuk badan gizi nasional kelola program makan gizi gratis bentuk badan gizi nasional atur atur presiden pres atur bab pasal teken presiden jokowi agustus badan gizi nasional bentuk rangka bangun manusia kualitas badan gizi nasional dana anggar dapat belanja negara apbn sah ikat tentu undang undang program makan gizi gratis usung presiden pilih prabowo subianto salah program kelola badan gizi nasional bocor duga data badan pegawai negara retas jajan viral latiao china halal rekam jejak plt tum golkar agus gumiwang kartasasmita wabah mpox alias cacar monyet darurat sehat dunia jadwal daftar cpns
4 Pasal dalam Perpres Kantor Komunikasi Presiden yang Digugat ke MA - Tempo.co,https://www.tempo.co/politik/4-pasal-dalam-perpres-kantor-komunikasi-presiden-yang-digugat-ke-ma-1233747,Tempo.co,Netral,0.9998670816421509,Netral,tempo co jakarta windu wijaya beber alas aju uji materi atur presiden tentangkantor komunikasi presidenatau president communication officer pco mahkamah agung advokat kantor hukum windu wijaya associates windu mohon dasar timbang yuridis tata kelola perintah absah struktur lembaga negara ketidaksesuaian tugas fungsi institusi perintah lanjut baca berita iklan mohon uji materi mahkamah agung pres nyata kuat hukum ikat lembaga kantor komunikasi presiden sah jalan tugas fungsi windu kepadatempo senin april sjafrie temu pensiun tni jelang buruh windu pres eksplisit alih fungsi komunikasi politik kantor staf presiden kantor komunikasi presiden pasal pres tetap tugas komunikasi politik lekat ksp cabut sesuai timbul timpang normatif ksp tugas komunikasi politik fungsi laksana windu prabowo cemas gejolak buruh akibat windu kosong efektivitas norma bingung administratif potensi tumpang tindih dualisme wenang lembaga substansial pres tempat posisi juru bicara presiden struktur koordinasi kepala kantor presiden timbul konstitusional peran juru bicara manifestasi hendak politik presiden kendali penuh presiden subordinasi lembaga windu windu wijaya daftar mohon uji materiil judicial review atur presiden kantor komunikasi presiden mahkamah agung april aju pasal beleid kantor komunikasi presiden presidential communication office pco objek hak uji materiil pasal pasal pasal ayat pasal tulis salin dikutiptempo senin isi pasal pasal gugat pasal isi kantor komunikasi presiden tugas selenggara beri dukung presiden laksana komunikasi informasi bijak strategis program prioritas presiden pasal laksana tugas pasal kantor komunikasi presiden selenggara fungsi informasi aktual strategis politik bijak strategis program prioritas presiden kelola materi strategi komunikasi informasi aktual strategis politik bijak strategis program prioritas presiden mas informasi media komunikasi bijak strategis program prioritas presiden koordinasi sinkronisasi informasi strategis evaluasi komunikasi menteri lembaga bijak strategis program prioritas presiden administrasi kantor komunikasi presiden fungsi presiden pasal isi atur presiden laku fungsi kelola strategi komunikasi lingkung lembaga presiden kelola strategi komunikasi politik mas informasi laksana kantor staf presiden atur atur presiden kantor staf presiden lembar negara republik indonesia ol alih tugas fungsi kantor komunikasi presiden pilih editor jokowi matahari kembar presiden prabowo
Mengenal Badan Gizi Nasional Sebagai Penanggung Jawab MBG - RRI.co.id,https://rri.co.id/palembang/makan-bergizi-gratis/1242283/mengenal-badan-gizi-nasional-sebagai-penanggung-jawab-mbg,RRI.co.id,Netral,0.9994739890098572,Netral,kbrn palembang tanggal januari kemarin perintah resmi program makan gizi gratis masyarakat indonesia program salah program andal presiden prabowo penuh gizi masyarakat indonesia anak anak program delegasi presiden prabowo badan gizi nasional jalan badan gizi nasional lembaga bentuk kemarin bahas badan gizi nasional duduk badan gizi nasional perintah lansir daribgn co id badan gizi nasional bentuk presiden joko widodo terbit atur presiden republik indonesia pres badan gizi nasional sah tanggal agustus badan gizi nasional badan bentuk inisiatif strategis perintah indonesia tugas laksana penuh gizi masyarakat indonesia badan lembaga perintah tanggung presiden badan gizi nasional pimpin kepala badan lansir badan gizi nasional visi bangun bangsa sehat misi badan gizi nasional atur presiden republik indonesia pres badan gizi nasional fungsi lansir indonesia go id peran badan gizi nasional program makan gizi gratis laksana tanggung program menteri uang gelontor anggar triliun sukses program pres badan gizi nasional target terima program makan gizi gratis sasar makan gizi gratis ringkas badan gizi nasional laksana program makan gizi gratis moga tahu manfaat muat berita
Urgensi Pembentukan Badan Kesehatan Hewan Nasional - Kompas.id,https://www.kompas.id/artikel/urgensi-pembentukan-badan-kesehatan-hewan-nasional,Kompas.id,Netral,0.9989191293716431,Netral,tuju
Thomas Djiwandono Ungkap Isi Pertemuan Prabowo dan Sri Mulyani: Tak Bahas Makan Siang Gratis - Tempo.co,https://www.tempo.co/ekonomi/thomas-djiwandono-ungkap-isi-pertemuan-prabowo-dan-sri-mulyani-tak-bahas-makan-siang-gratis-10649,Tempo.co,Netral,0.9998859167098999,Netral,tempo co jakarta presiden pilih prabowo subianto menteri uang sri mulyani bahas programmakan siang gratisatau makan gizi gratis temu pekan ungkap wakil menteri uang ii thomas djiwandono damping menkeu thomas temu jam menteri bahas program program rencana singgung program makan gizi gratis alas proses program jalan bicara kemarin jalan proses acara makan siang wartawan menteri uang jakarta pusat rabu september program makan gizi gratis kenal nama makan siang gratis dekat realisasi program unggul presiden wakil presiden pilih periode prabowo subianto gibran rakabuming raka terap jabat oktober gibran putra sulung presiden joko widodo pantau uji coba makan gizi gratis kota jokowi resmi bentuk badan gizi nasional atur presiden pres badan kelola anggar alokasi program makan gizi gratis senin agustus jokowi lantik kepala badan gizi nasional istana negara jakarta pusat badan gizi nasional bentuk laksana program prioritas presiden pilih lantik jokowi kutip pres badan gizi nasional bentuk era jokowi laksana badan gizi nasional lanjut perintah lembaga kelola anggar triliun alokasi program makan gizi gratis gaji pegawai pilih editor kemenparekraf bantu serap korban phk ekonomi kreatif lanjut baca berita iklan sjafrie temu pensiun tni jelang buruh
Ini Alasan Badan Gizi Nasional Dibentuk Jokowi untuk Sukseskan Program Makan Bergizi Gratis Prabowo - Tempo.co,https://www.tempo.co/ekonomi/ini-alasan-badan-gizi-nasional-dibentuk-jokowi-untuk-sukseskan-program-makan-bergizi-gratis-prabowo-21485,Tempo.co,Netral,0.9951468110084534,Netral,tempo co jakarta kepalabadan gizi nasionaldadan lantik presiden jokowi badan gizi nasional badan bentuk laksana program makan gizi gratis rencana kerja prioritas presiden pilih prabowo subianto badan gizi nasional bentuk laksana program prioritas presiden pilih siklus anggar laksana januari nota uang masuk anggar masuk lantik presiden joko widodo istana negara jakarta senin agustus pres badan gizi nasional bentuk era jokowi alas turut badan gizi nasional lanjut perintah jokowi teken pres kepala tugas januari program makan gizi gratis laksana optimistis program makan gizi gratis laksana januari lantik prosedur siap makan gizi anak sekolah santri hamil susu anak balita anggar program makan gizi gratis tetap triliun kelola badan gizi nasional harap minggu desember terima dipa terima dipa januari program laksana dosen fakultas tani institut tani bogor ipb program makan gizi gratis terap indonesia profil badan gizi nasionalpresiden joko widodo terbit atur presiden badan gizi nasional optimal selenggara penuh gizi nasional wujud hak asasi manusia jamin uud timbang bentuk badan gizi nasional penuh gizi nasional perintah upaya atur tata kelola cukup konsumsi aman gizi masyarakat badan gizi nasional bertanggungjawab presiden tugas penuh gizi nasional badan gizi nasional pimpin kepala jalan tugas badan gizi nasional jalan fungsi koordinasi rumus tetap bijak teknis tata kelola sedia salur promosi kerja pantau awas penuh gizi nasional koordinasi bijak teknis tata kelola sedia salur promosi kerja pantau awas penuh gizi nasional sasar penuh gizi tugas fungsi badan gizi nasional serta didik jenjang didik anak usia didik dasar didik tengah lingkung didik didik juru didik agama didik khusus didik layan khusus didik pesantren anak usia hamil susu lanjut baca berita iklan pilih editorpemerintahan jokowi gandeng ugm kembang wanagama nusantara ikn sjafrie temu pensiun tni jelang buruh
Siapa Saja Penerima Makan Bergizi Gratis - RRI.co.id,https://rri.co.id/biak/makan-bergizi-gratis/1386827/siapa-saja-penerima-makan-bergizi-gratis,RRI.co.id,Netral,0.9989033937454224,Netral,program makan gizi gratis januari beri makan gizi gratis sasar kategori terima tahap lanjut tib detiknews bagi makan gizi gratis tahap januari penuh layan gizi sppg tingkat dapur operasi dapur dapur sebar provinsi indonesia terima makan gizi gratis anak anak sekolah program makan gizi gratis target kategori atur presiden pres badan gizi nasional kategori terima program makan gizi gratis serta didik ajar paud sma negeri swasta serta didik jenjang didik anak usia didik dasar didik tengah lingkung didik didik juru didik agama didik khusus didik layan khusus didik pesantren balita anak usia hamil susu informasi kantor komunikasi presiden program makan gizi gratis tahap jalan target capai fokus program makan gizi gratis anak anak sekolah kelompok rentan makan gizi gratis kali pagi siang bagi makan gizi gratis jadwal tentu makan gizi hamil balita siap posyandu pos layan padu distribusi posyandu skema skema posyandu antar makan rumah rumah terima manfaat skema terima manfaat posyandu muat berita
Perpres tentang Kantor Komunikasi Presiden Digugat ke MA - Tempo.co,https://www.tempo.co/politik/perpres-tentang-kantor-komunikasi-presiden-digugat-ke-ma-1233678,Tempo.co,Netral,0.9998804330825806,Netral,tempo co jakarta warga nama windu wijaya daftar mohon uji materiil judicial review atur presiden tentangkantor komunikasi kepresidenanatau president communication office pco mahkamah agung dokumen tanda terima mahkamah agung gugat daftar kuasa hukum ardin firanata april aju pasal beleid kantor komunikasi presiden presidential communication office pco lanjut baca berita iklan pasal gugat windu atur presiden kantor komunikasi presiden sjafrie temu pensiun tni jelang buruh objek hak uji materiil pasal pasal pasal ayat pasal tulis salin dikutiptempo senin april tempoberupaya konfirmasi ardin firanata berita tulis ardin respons prabowo cemas gejolak buruh isi pasal pasal gugat pasal isi kantor komunikasi presiden tugas selenggara beri dukung presiden laksana komunikasi informasi bijak strategis program prioritas presiden pasal laksana tugas pasal kantor komunikasi presiden selenggara fungsi informasi aktual strategis politik bijak strategis program prioritas presiden kelola materi strategi komunikasi informasi aktual strategis politik bijak strategis program prioritas presiden mas informasi media komunikasi bijak strategis program prioritas presiden koordinasi sinkronisasi informasi strategis evaluasi komunikasi menteri lembaga bijak strategis program prioritas presiden administrasi kantor komunikasi presiden fungsi presiden pasal isi atur presiden laku fungsi kelola strategi komunikasi lingkung lembaga presiden kelola strategi komunikasi politik mas informasi laksana kantor staf presiden atur atur presiden kantor staf presiden lembar negara republik indonesia ol alih tugas fungsi kantor komunikasi presiden tempoberupaya tanggap kepala kantor komunikasi presiden hasan nasbi hasan nasbi pesantempo gugat muncul presiden prabowo subianto menteri sekretaris negara prasetyo had juru bicara presiden tugas prabowo prasetyo ucap kontroversial kepala kantor komunikasi presiden hasan nasbi peran juru bicara kepala negara prasetyo kantor komunikasi presiden pimpin hasan nasbi juru bicara presiden prasetyo prabowo harap aktif juru bicara bareng kantor komunikasi presiden bantu prasetyo wartawan jakarta kamis april sultan abdurrahmanberkontribusi tulis artikel pilih editor menteri sosial dengar aspirasi tolak gelar pahlawan soeharto
"Dilantik Jadi Kepala Badan Gizi Nasional, Siapa Dadan Hindayana dan Apa Tugas yang Diemban? - Tempo.co",https://www.tempo.co/politik/dilantik-jadi-kepala-badan-gizi-nasional-siapa-dadan-hindayana-dan-apa-tugas-yang-diemban--21395,Tempo.co,Netral,0.9998897314071655,Netral,tempo co jakarta presiden jokowi resmi melantikdadan hindayanasebagai kepalabadan gizi nasionaldi istana negara jakarta senin agustus lantas tugas emban lansir laman pddikti dosen fakultas tani institut tani bogor ipb kenal entomolog ahli serangga proteksi tanam pangan tani indonesia lanjut baca berita iklan didik akhir gelar doktor kalang akademisi nama kenal karya ilmiah publikasi jurnal jurnal ilmiah sjafrie temu pensiun tni jelang buruh didapuk kepala badan gizi nasional urus program makan gizi gratisyang inisiasi presiden wakil presiden pilih prabowo subianto gibran rakabuming raka badan gizi nasional lembaga perintah laksana tugas penuh gizi nasional badan bentuk presiden jokowi pres badan gizi nasional ditandatangani agustus prabowo cemas gejolak buruh lembaga bawah tugas jalan fungsi koordinasi rumus tetap bijak teknis tata kelola sedia distribusi promosi kerja pantau awas penuh gizi nasional sasar penuh gizi tugas fungsi badan gizi nasional serta didik jenjang didik anak usia didik dasar didik tengah lingkung didik didik juru didik agama didik khusus didik layan khusus didik pesantren sasar pemenuhangizijuga anak usia hamil susu badan gizi nasional tanggung koordinasi tugas bina dukung administrasi unsur organisasi rizki dewi ayu andi adam faturahman pilih editor lantik jokowi kepala badan gizi nasional jalan program makan gizi gratis prabowo
Apa Itu Badan Gizi Nasional? Ini Tugas dan Fungsi Utamanya - Berita Nasional - Media Pencerah Bangsa,https://beritanasional.com/detail/78525/apa-itu-badan-gizi-nasional-ini-tugas-dan-fungsi-utamanya,Berita Nasional - Media Pencerah Bangsa,Netral,0.9998047947883606,Netral,beritanasional com presiden republik indonesia joko widodo resmi lantik kepala badan gizi nasional senin agustus istana negara jakarta transmisiberita badan gizi nasional lembaga perintah bentuk atur presiden republik indonesia pres badan gizi nasional tugas penuh gizi tingkat nasional tugas cakup tujuh fungsi koordinasi bijak teknis atur tetap bijak tata kelola sedia salur promosi kerja pantau awas penuh gizi nasional bijak teknis susun laksana bijak koordinasi efektif bina dukung administratif dukung administratif bina organisasi badan gizi nasional kelola kaya negara kelola barang kaya negara tanggung badan gizi nasional dukung substantif dukung substantif unsur organisasi badan gizi nasional awas tugas awas tugas lingkung badan gizi nasional fungsi presiden jalan tugas tambah tetap presiden sasar penuh gizi atur pasal ayat pres liput anak usia didik dasar didik tengah jenis didik anak hamil susu ubah sasar penuh gizi tetap presiden pasal ayat badan gizi nasional tanggung presiden dewan arah laksana dewan arah cakup ketua wakil ketua anggota laksana kepala wakil kepala sekretariat deputi tata kelola deputi sedia salur deputi promosi kerja deputi pantau awas inspektorat pasal pres laku tugas fungsi rawan gizi kelola deputi rawan pangan gizi badan pangan nasional alih badan gizi nasional pasal atur atur rawan gizi pres badan pangan nasional laku tentang tentu pres peristiwa ekbis peristiwa hukum olahraga olahraga ekbis budaya ekbis jam politik
"Prabowo Mau Bikin 3 Badan Baru di Pemerintahan Mendatang, Apa Saja? - Tempo.co",https://www.tempo.co/ekonomi/prabowo-mau-bikin-3-badan-baru-di-pemerintahan-mendatang-apa-saja--10286,Tempo.co,Netral,0.9998953342437744,Netral,tempo co jakarta presiden pilih prabowo subianto kabar bentuk badan badan gizi nasional dewan pakar tim kampanye nasional tkn prabowo gibran ferry latuhihin acara indonesia energy forum selasa september ferry prabowo subianto butuh badan jalan perintah salah bentuk badan gizi nasional atur atur presiden pres lanjut baca berita iklan badan rencana bentuk prabowo badan kelola kendali ubah iklim tata niaga karbon bp tnk badan ferry luncur lantik prabowo presiden pilih oktober sjafrie temu pensiun tni jelang buruh badan badan terima negara badan urus denganbulogdan pangan ferry umum menang pilih presiden pilpres prabowo subianto isu bentuk badan menteri lembaga perintah rangkum informasi lengkap prabowo cemas gejolak buruh badan kelola kendali ubah iklim tata niaga karbon bp tnk ferry latuhihin godok draf atur perintah dasar hukum bentuk lembaga khusus tangan ubah iklim tata niaga karbon nomenklatur lembaga badan kelola kendali ubah iklim tata niaga karbon bp tnk sah kepala badan ubah iklim tata niaga karbon prabowo resmi lantik presiden ferry temu hadir diskusi kawasan cikini jakarta kamis agustus ferry bentuk lembaga merespon banyak bijak menteri lembaga jalan tangan karbon hambat potensi indonesia dalamperdagangan karbondi pasar internasional sisi ferry skema dagang karbon kendali dagang karbon negeri badan khusus optimalisasi nilai ekonomi karbon atur wajib laku usaha negeri hormat prinsip dasar karbon daulat negara badan terima negara badan terima negara rencana prabowo bentuk badan terima negara hembus kampanye pilpres rencana tulis dokumen rancang rencana kerja perintah badan nilai tingkat rasio pajak anggar dapat belanja negara apbn sedia ruang belanja pada bangun rangka wujud visi indonesia emas bunyi dokumen kampanye prabowo utara ingin pisah direktorat jenderal pajak djp atauditjen pajakdari kemenkeu rasio pajak indonesia negara tetangga thailand vietnam prabowo rasio pajak negara negara capai persen persen rasio pajak indonesia persen efisien simenteri keuangantidak mikirin urus terima negara prabowo dialog capres kadin jakarta jumat januari skema prabowo ditjen pajak tugas kumpul pajak pisah kemenkeu lembaga kelola kaya negara terima pisah prabowo dongkrak rasio pajak persen badan gizi nasional jalan program makan gizi gratis usung prabowo subianto gibran rakabuming raka presidenjokowimembentuk badan gizi nasional legasi atur presiden badan bentuk optimal selenggara penuh gizi nasional wujud hak asasi manusia jamin uud badan gizi nasional lembaga perintah tanggung presiden bunyi satu pasal beleid presiden jokowi melantikdadan hindayanasebagai kepala badan gizi nasional senin agustus istana negara jakarta sama resmi bentuk lembaga badan gizi nasional badan kelola dana triliun program makan gizi gratis program rencana laksana januari target lancar desember terima dipa januari program makan gizi gratis laksana kompleks istana presiden jakarta selasa agustus kutip nandito putra annisa febiola amelia rahima sari hendrik khoirul muhid kontribusi artikel pilih editor kemenhub kantong kaji naik tarif krl tunggu kabinet
Jokowi Bentuk Badan Gizi Nasional demi Cukupi Gizi Balita hingga Ibu Hamil - detikNews,https://news.detik.com/berita/d-7494718/jokowi-bentuk-badan-gizi-nasional-demi-cukupi-gizi-balita-hingga-ibu-hamil,detikNews,Netral,0.9998793601989746,Netral,lembaga bentuk jokowi atur presiden badan gizi nasional teken jokowi agustus dokumen pres dilihatdetikcom sabtu badan gizi nasional pimpin dewan arah kepala badan gizi nasional wakil kepala badan gizi nasional gizi serah ahli duduk dewan arah tokoh negara tokoh agama tokoh masyarakat purnawirawan tni polri akademisi cantum pasal kepala badan gizi nasional tugas pimpin tanggung tugas lembaga bawah deputi dewan arah kepala wakil kepala angkat henti presiden bunyi pasal tugas fungsi badan gizi nasional pres nama badan gizi nasional tugas laksana penuh gizi nasional fungsi badan gizi nasional koordinasi tetap bijak teknis sedia salur promosi kerja awas penuh gizi fungsi dirinci pres presiden sasar penuh gizi pasal sasar penuh gizi nasional serta didik jenjang didik anak usia didik dasar didik tengah lingkung didik didik juru didik agama didik khusus didik layan khusus didik pesantren anak usia hamil dand susu dnu idh
Tanggung jawab dan pola kerja Kepala Badan Gizi Nasional - ANTARA News,https://www.antaranews.com/berita/4274343/tanggung-jawab-dan-pola-kerja-kepala-badan-gizi-nasional,ANTARA News,Netral,0.9997442364692688,Netral,kepala badan gizi nasional tindak pimpin tinggi tanggung presiden jalan tugas kepala badan gizi nasional bantu wakil kepala sekretariat simpul kepala badan gizi nasional tanggung presiden pola kerja jelas pola kerja kepala badan gizi nasional pres badan gizi nasional kepala badan gizi nasional jalan tugas bantu wakil kepala tanggung pola kerja atur pres menggarisbawahi kepala badan gizi nasional ikut arah ketua dewan arah struktur organisasi lembaga pola kerja badan gizi nasional cakup peran deputi tangan tata kelola sedia salur promosi kerja pantau awas deputi lapor kepala badan gizi nasional tugas aktivitas lembaga jalan arah tuju tetap presiden struktur pola kerja organisir badan gizi nasional harap operasi efektif penuh butuh gizi masyarakat indonesia gilir upaya tingkat kualitas manusia indonesia kenal struktur organisasi badan gizi nasional warta hilal eka saputra harahapeditor alviansyah pasaribucopyright larang keras ambil konten crawling indeks otomatis ai situs web izin tulis kantor berita kirimkomentar tanggung uu ite
"Profil Dadan Hindayana, Dosen IPB yang Dilantik Jokowi Jadi Kepala Badan Gizi Nasional - Tempo.co",https://www.tempo.co/ekonomi/profil-dadan-hindayana-dosen-ipb-yang-dilantik-jokowi-jadi-kepala-badan-gizi-nasional-22120,Tempo.co,Netral,0.9998980760574341,Netral,tempo co jakarta presiden jokowi jokowi lantik menteri wakil menteri kepala badan negara senin agustus salah nama masuk kabinet perintah jokowi ma ruf amin dosen institut tani bogor ipb lantik kepala badan gizi nasional ganti susun kabinet indonesia maju jelang jabat jokowi dasar putus presiden keppres henti angkat menteri negara kabinet indonesia maju periode keppres angkat wamenkominfo kabinet lanjut baca berita iklan jokowi angkat kepala badan hasan nasbi kepala badan komunikasi presiden taruna ikrar kepala badan awas obat makan sjafrie temu pensiun tni jelang buruh menteri wakil menteri lantik andi atgas menkumham bahlil lahadalia menteri esdm bahlil lahadalia ros roeslani kepala bkpm menteri investasi angga raka prabowo wakil menteri komunikasi informatika profil lansir laman pddikti dosen fakultas tani institut tani bogor ipb kenal entomolog ahli serangga proteksi tanam pangan tani indonesia didik akhir gelar doktoral prabowo cemas gejolak buruh informasi sedia kalang akademisi nama kenal karya ilmiah publikasi jurnal jurnal ilmiah kepala badan gizi nasional tanggung program makan gizi gratis inisiasi presiden wakil presiden pilih prabowo subianto gibran rakabuming raka badan gizi nasional lembaga perintah laksana tugas penuh gizi nasional badan bentuk presiden jokowi pres badan gizi nasional ditandatangani agustus struktur badan gizi nasional dewan arah kepala wakil kepala badan gizi nasional badan tugas jalan fungsi koordinasi rumus tetap bijak teknis tata kelola sedia distribusi promosi kerja pantau awas penuh gizi nasional lembaga tanggung koordinasi tugas bina dukung administrasi unsur organisasi sasar penuh gizi tugas fungsi badan gizi nasional serta didik jenjang didik anak usia didik dasar didik tengah lingkung didik didik juru didik agama didik khusus didik layan khusus didik pesantren anak usia hamil susu rizki dewi ayu daniel fajridanantaraberkontribusi tulis artikel pilih editor kelakar bahlil lantik menteri esdm suasana munas golkar
Daftar pejabat Badan Gizi Nasional - ANTARA News,https://www.antaranews.com/berita/4483829/daftar-pejabat-badan-gizi-nasional,ANTARA News,Netral,0.9998867511749268,Netral,jakarta badan gizi nasional lembaga perintah laksana tugas penuh gizi nasional lembaga tanggung presiden badan gizi nasional bentuk atur presiden republik indonesia pres pres terbit presiden joko widodo jokowi tanggal agustus badan gizi nasional optimal selenggara penuh gizi nasional bangun manusia kualitas wujud hak asasi manusia salin pres timbang bentuk badan gizi nasional rangka penuh gizi nasional perintah upaya atur tata kelola konsumsi aman gizi masyarakat badan gizi nasional erti tugas fungsi jalan tugas badan gizi nasional pimpin kepala bantu wakil kepala sekretaris deputi tangan strategis badan gizi nasional pimpin kepala badan gizi nasional lantik agustus kepala badan gizi nasional umum jajar eselon rapat dengar dapat rdp komisi ix dpr oktober jajar dominasi purnawirawan tni menteri tahan kemenhan daftar jajar jabat badan gizi nasional badan gizi sppi panjang tangan daerah jalan mbgbaca layan kelola miliar makan gizi warta sri dewi larasatieditor suryantocopyright larang keras ambil konten crawling indeks otomatis ai situs web izin tulis kantor berita kirimkomentar tanggung uu ite
Badan Gizi Nasional Dibentuk Jokowi untuk Dukung Program Makan Bergizi Gratis - Media Indonesia,https://mediaindonesia.com/humaniora/693731/-badan-gizi-nasional-dibentuk-jokowi-untuk-dukung-program-makan-bergizi-gratis,Media Indonesia,Netral,0.9997957348823547,Netral,keras seksual lembaga didik toleransi presiden joko widodo jokowi resmi membentukbadan gizi nasionalmelalui atur presiden pres beleid ditandatangani kamis agustus badan gizi nasional bentuk rangka bangun manusia kualitas badan gizi nasional lembaga atur khusus janji kampanye presiden pilih prabowo subianto program makan gizi gratis baik kualitasgizi anak anak indonesia dokter ahli gizi komunitas tan shot yen hasil capai program penurunanstuntingdan baik gizi tentu bentuk badan gizi nasional kualitas program jalan ahli gizi anggar makan siang gratis makan gizi hasil bijak baik gizi stunting gantung program program bentuk program libat studi layak program media indonesia minggu atur isi pasal atur susun struktur jabat badan gizi nasional bab tulis badan gizi nasional lembaga perintah bentuk presiden laksana tugas penuh gizi nasional badan gizi nasional lembaga perintah tanggung presiden bunyi bab pasal beleid lansir media indonesia minggu wapres ma ruf desak evaluasi program turun stunting pasal bunyi badan gizi nasional lembaga perintah tugas penuh gizi nasional ikut tiga pasal lembaga wenang koordinasi rumus tetap bijak teknis tata kelola ada salur promosi kerja pantau awas penuh gizi nasional fungsi pasal badan gizi nasional penuh gizi anak serta didik anak balita hamil susu bab iii pasal atur susun organisasi badan gizi nasional badan pimpin dewan arah liput ketua wakil ketua anggota atas gizi buruk perintah laksana program sidak stunting laksana liput kepala wakil kepala sekretariat deputi tata kelola deputi sedia salur deputi promosi kerja deputi pantau awas inspektorat dewan arah tugas arah laksana selenggara penuh gizi nasional bunyi pasal dewan arah dewan arah badan gizi nasional ketua wakil ketua anggota jabat dewan arah isi unsur tokoh negara tokoh agama tokoh masyarakat purnawirawan tni polri mantan pegawai negeri sipil akademisi anies muhaimin bawa visi didik sejahtera gizi anak kepala wakil kepala badan gizi nasional asal pegawai negeri sipil non pegawai negeri sipil pegawai negeri sipil angkat kepala wakil kepala henti jabat organik duduk jabat beleid atur tata kerja badan gizi nasional bab pasal kepala badan gizi nasional lapor kerja presiden kali tahun giat tangan eo acara seremonial strategi komunikasi publik gizi nasional chiller pakai chiller bekas dapur citeurup sedia ruang istirahat kepala sppg awas gizi awas uang salah dapur sorot nanik sppg tani mulya camat ngamprah bandung barat dapur dialihfungsikan rumah tingkat paham program bantu investasi sosial penting anak anak indonesia henti sppg indonesia timur april slhs ipal alas badan gizi nasional atur distribusi makan gizi gratis siswa menu fresh kelompok sabtu daerah menu pangan kering nhm peduli jalan program gizi balita halmahera utara tekan stunting dinas sehat kabupaten halmahera utara otorita ikn bekal ajar paku edukasi cegah stunting sehat reproduksi generasi unggul nusantara kemenkes luncur konsorsium hpk rabu biru foundation integrasi intervensi sehat anak target indonesia emas perintah provinsi sulawesi tenggara catat prevalensi stunting wilayah kisar persen target turun persen studi ihdc ungkap hubung signifikan stunting anemia rendah mampu working memory anak usia sekolah indonesia wakil wali kota tangsel pilar saga ichsan target angka stunting turun kolaborasi stakeholder kuat peran sppg copyright media group mediaindonesia all rights reserved
Apa Itu Badan Gizi Nasional? Simak Penjelasan Tugas & Fungsinya - Tirto.id,https://tirto.id/apa-itu-badan-gizi-nasional-simak-penjelasan-tugas-fungsinya-g2Qb,Tirto.id,Netral,0.9998787641525269,Netral,tirto id presiden joko widodo jokowi bentuk badan gizi nasional jelang jabat bentuk maktub atur presiden pres bentuk badan gizi nasional terbit jokowi kamis agustus undang menteri sekretaris negara pratikno salinanperpres timbang bentuk badan penuh gizi nasional sederhana perintah optimal selenggara penuh gizi nasional wujud hak asasi manusia perintah upaya atur tata kelola cukup konsumsi aman gizi masyarakat pres badan gizi nasional tanggung presiden bareng rencana bentuk badan jarang masyarakat badan gizi nasional tugas fungsi simak ulas tugas fungsi badan gizi nasional badan gizi nasional lembaga bentuk presiden lembaga perintah laksana tugas penuh gizi nasional lembaga bentuk presiden jokowi terbit pres agustus badan gizi nasional susun organisasi cakup dewan arah kepala wakil kepala laksana tugas badan gizi nasional dana oelh apbn sah ikat tentu laku tugas badan penuh gizi nasional tentu berlakubadan gizi nasionalmemiliki tujuh fungsi koordinasi rumus tetap bijak teknis tata kelola sedia salur promosi kerja pantau awas penuh gizi nasional koordinasi bijak teknis tata kelola sedia salur promosi kerja pantau awas penuh gizi nasional koordinasi tugas bina beri dukung administrasi unsur organisasi lingkung badan gizi nasional kelola barang milik kaya negara tanggung badan gizi nasional dukung sifat substantif unsur organisasi lingkung badan gizi nasional awas tugas lingkung badan gizi nasional fungsi presiden
Perpres Tentang PCO Digugat ke MA: Dinilai Tumpang Tindih dengan KSP - kumparan.com - Kumparan.com,https://kumparan.com/kumparannews/perpres-tentang-pco-digugat-ke-ma-dinilai-tumpang-tindih-dengan-ksp-24ulMNwrdOm,Kumparan.com,Netral,0.9998636245727539,Netral,atur presiden kantor komunikasi presiden pco gugat mahkamah agung ma pasal gugat pasal pasal pasal ayat pasal gugat layang warga nama windu wijaya kuasa hukum ardin firanata gugat terima ma kamis bubuh tanda tangan pranata adil hak uji materiil ma windu aju uji materi pres tumpang tindih tugas pco kantor staf presiden ksp pres atur tugas komunikasi politik ksp laku pasal ayat pasal pres cabut fungsi komunikasi politik kantor staf presiden ksp atur pasal huruf atur presiden pasal pres tugas komunikasi politik ksp laku windu hubung minggu cipta situasi ksp tugas fungsi timbul kontradiksi norma ketidakpastian hukum potensi tumpang tindih wenang lembaga lingkung presiden windu kantor komunikasi presiden pco lembaga reduksi fleksibilitas presiden hak prerogatif tentu komunikasi politik juru bicara pilih posisi juru bicara mesti panjang hendak presiden pres kantor komunikasi presiden integrasi struktur birokrasi lembaga reduksi fleksibilitas efektivitas komunikasi presiden kepala negara kepala perintah isi pasal pasal uji materiil kantor komunikasi presiden tugas selenggara beri dukung presiden laksana komunikasi informasi bijak strategis program prioritas laksana tugas pasal kantor komunikasi presiden selenggara fungsi informasi aktual strategis politik bijak strategis program prioritas presiden kelola materi strategi komunikasi informasi aktual strategis politik bijak strategis program prioritas presiden mas informasi media komunikasi bijak strategis program prioritas presiden koordinasi sinkronisasi informasi strategis evaluasi komunikasi menteri lembaga bijak strategis program prioritas presiden administrasi kantor komunikasi presiden fungsi presiden atur presiden laku fungsi kelola strategi komunikasi lingkung lembaga presiden kelola strategi komunikasi politik mas informasi laksana kantor staf presiden atur atur presiden kantor staf presiden lembar negara republik indonesia alih tugas fungsi kantor komunikasi presiden atur presiden laku tentu atur fungsi kelola strategi komunikasi lingkung lembaga presiden kelola strategi komunikasi politik mas informasi atur presiden kantor staf presiden lembar negara republik indonesia cabut nyata laku kumpar hubung kepala kantor komunikasi presiden hasan nasbi respons gugat
"Makan Bergizi Gratis Di Sekolah, Anak PAUD-Kelas 2 SD Dapat Jatah Duluan - RM.ID",https://rm.id/baca-berita/government-action/241820/mulai-2-januari-2025-makan-bergizi-gratis-di-sekolah-anak-paudkelas-2-sd-dapat-jatah-duluan,RM.ID,Positif,0.9998207688331604,Positif,dark light mode government action rm idrakyat merdeka makan gizi gratis salah program andal perintah prabowo gibran uji coba agustus laku efektif januari pres badan gizi nasional program target sasar serta didik paud sma negeri swasta balita hamil susu akun instagram resmi pco kantor komunikasi presiden beri anak sekolah sesuai jadwal ajar ajar jenjang didik anak asupan gizi sekolah anak paud kelas sd jatah duluan rincian alokasi ancol paket makan gizi gratis jakarta tenaga ahli kantor komunikasi presiden hamdan hamedan program makan gizi gratis mempunyaitriple benefits jadi generasi indonesia sehat cerdas sejahtera ragam studi laku program bukti bantu tingkat partisipasi siswa santri sekolah studi india laku program tingkat nilai prestasi baca reading persen matematika persen hamdan dapur makan gizi gratis magelang harap contoh nasional program anggar triliun apbn tahap persen persen capai target persen program target layan layan harap sentuh angka ribu update berita artikelrm idmenarik digoogle dapat update berita pilih breaking darirm id mari gabung grup telegram rakyat merdeka update linkhttps me officialrakyatmerdekakemudian join install aplikasi telegram ponsel
Alasan Windu Wijaya Gugat Pepres Kantor Komunikasi Kepresidenan ke MA - Tempo.co,https://www.tempo.co/politik/alasan-windu-wijaya-gugat-pepres-kantor-komunikasi-kepresidenan-ke-ma-1233743,Tempo.co,Netral,0.9997978806495667,Netral,tempo co jakarta windu wijaya beber alas aju uji materi atur presiden tentangkantor komunikasi kepresidenanke mahkamah agung pilih editor psu serang menang cawe cawe menteri lanjut baca berita iklan windu advokat kantor hukum windu wijaya associates mohon dasar timbang yuridis tata kelola perintah absah struktur lembaga negara ketidaksesuaian tugas fungsi institusi perintah sjafrie temu pensiun tni jelang buruh mohon uji materi mahkamah agung pres nyata kuat hukum ikat lembaga kantor komunikasi presiden sah jalan tugas fungsi windu kepadatempopada senin april windu pres eksplisit alih fungsi komunikasi politik kantor staf presiden kantor komunikasi presiden pasal pres tetap tugas komunikasi politik lekat ksp cabut sesuai prabowo cemas gejolak buruh timbul timpang normatif ksp tugas komunikasi politik fungsi laksana windu akibat windu kosong efektivitas norma bingung administratif potensi tumpang tindih dualisme wenang antarlembaga substansial pres tempat posisi juru bicara presiden struktur koordinasi kepala kantor presiden timbul konstitusional peran juru bicara manifestasi hendak politik presiden kendali penuh presiden subordinasi lembaga windu windu wijaya daftar mohon uji materiil judicial review atur presiden kantor komunikasi presiden mahkamah agung april aju pasal beleid kantor komunikasi presiden presidential communication office pco objek hak uji materiil pasal pasal pasal ayat pasal tulis salin dikutiptempopada senin april isi pasal pasal gugat pasal isi kantor komunikasi presiden tugas selenggara beri dukung presiden laksana komunikasi informasi bijak strategis program prioritas presiden pasal laksana tugas pasal kantor komunikasi presiden selenggara fungsi informasi aktual strategis politik bijak strategis program prioritas presiden kelola materi strategi komunikasi informasi aktual strategis politik bijak strategis program prioritas presiden mas informasi media komunikasi bijak strategis program prioritas presiden koordinasi sinkronisasi informasi strategis evaluasi komunikasi menteri lembaga bijak strategis program prioritas presiden administrasi kantor komunikasi presiden fungsi presiden pasal isi atur presiden laku fungsi kelola strategi komunikasi lingkung lembaga presiden kelola strategi komunikasi politik mas informasi laksana kantor staf presiden atur atur presiden kantor staf presiden lembar negara republik indonesia ol alih tugas fungsi kantor komunikasi presiden pilih editor rekam jejak amran sulaiman penjara amat
Mengenal struktur organisasi Badan Gizi Nasional - ANTARA News,https://www.antaranews.com/berita/4274323/mengenal-struktur-organisasi-badan-gizi-nasional,ANTARA News,Netral,0.9998812675476074,Netral,jakarta presiden joko widodo jokowi resmi struktur organisasi badan gizi nasional atur presiden pres badan bentuk lembaga perintah tanggung presiden tugas pokok koordinasi penuh butuh gizi nasional pasal tiga lembaga wenang koordinasi rumus tetap bijak teknis tata kelola sedia salur promosi kerja pantau awas penuh gizi nasional penuh butuh gizi nasional pres bagi struktur organisasi beda lancar lantas struktur organisasi badan gizi nasional jelas laksana cakup posisi kepala wakil kepala deputi tangan strategis tata kelola sedia salur promosi kerja pantau awas laksana lengkap sekretariat inspektorat tugas awas internal perinci pres struktur organisasi badan gizi nasional liput dewan arah tugas arah laksana selenggara penuh gizi nasional wakil kepala deputi sedia salur deputi promosi kerja deputi pantau awas inspektorat bentuk badan gizi nasional serta struktur organisasi harap kuat koordinasi penuh gizi nasional upaya tingkat kualitas hidup masyarakat indonesia jalan efektif struktur warta hilal eka saputra harahapeditor alviansyah pasaribucopyright larang keras ambil konten crawling indeks otomatis ai situs web izin tulis kantor berita kirimkomentar tanggung uu ite
"Punya Anggaran Rp71 Triliun, BGN tak Punya Kantor: Targetnya Makan Bergizi Gratis 2 Januari 2025 - Inilah.com",https://www.inilah.com/punya-anggaran-rp71-triliun-bgn-tak-punya-kantor-targetnya-makan-bergizi-gratis-2-januari-2025,Inilah.com,Netral,0.999873161315918,Negatif,riil kepala badan gizi nasional istana negara jakarta senin foto mentari dwi gayat am berita kini eksklusif whatsapp com jalan program makan gizi gratis prioritas prabowo subianto gibran rakabuming raka perintah bentuk badan gizi nasional pimpin lembaga anyar kantor anggar jumbo triliun menteri uang menkeu sri mulyani temu lantik presiden jokowi istana presiden jakarta senin bahas susun pos belanja temu pimpin lihat proses anggar sri mulyani gedung dpr jakarta selasa bentuk atur presiden pres temu sri mulyani cari lihat dpr nih sri mulyani negara alam besar dunia terang lembaga bentuk jalan program prioritas presiden pilih prabowo subianto makan gizi gratis ya gin badan gizi nasional bentuk laksana program prioritas presiden pilih prabowo subianto beber senin kantor resmi pasti kantor tunggu arah nunggu arah badan bentuk kantor nunggu arah terang bentuk ikut siklus anggar desember lembaga pegang anggar masuk apbn mendag budi bantah rencana sesuai het minyakita siklus anggar laksana januari nota uang masuk anggar masuk pres bentuk era jokowi lantik aku kebut buat struktural cari jabat pratama inspektur jenderal urus deputi fokus susun struktur tata kerja organisasi susun atur badan atur program penuh gizi utama target januari program jalan tugas januari program makan gizi gratis laksana danantara kebut mangkas bumn usaha perintah tetap anggar makan gizi gratis triliun anggar program operasional eksekutor program triliun tambah com google dapat berita eksklusif
"Dibenarkan Yasonna, Hari Ini, Ada Menteri Yang Di-Reshuffle - RM.ID",https://rm.id/baca-berita/nasional/232236/dibenarkan-yasonna-hari-ini-ada-menteri-yang-direshuffle,RM.ID,Netral,0.9998825788497925,Netral,dark light mode nasional rm idrakyat merdeka hembus kabar senin menteri reshufflepresiden joko widodo kuat duga kursi menteri badan duduk tuan lantik menteri kepala badan kabar wib istana merdeka jakarta presidenjokowiyang lantik kabinet baru informasi kembang kalang wartawan reshuffle kabinet arah pos menteri angkat pimpin badan bentuk jokowi dirgahayu deret kontribusi bri negeri kabar menteri investasibahlil lahadaliaakan tempat posisi posisi menteri esdm menkumhamyasonna laolydisebut geser orang kepala badan gizi kepala badan komunikasi presiden kepala bpom rame nakhoda presiden jokowi bentuk badan gizi nasional atur presiden badan gizi nasional kamis badan pangan nasional bapanas arief prasetyoakan ganti rahmat pambudy kuat duga bentuk urus progam prabowo gibran makan gizi gratis sinergi bapanas tiga badan komunikasi presiden bentuk badan atur presiden pres tugas juru bicara presiden informasi terang nyata resmi presiden strategis publik dave laksono bahas dalam menteri hukum ham yasonna laoly benar kabar politis pdip ban posisi copot reshuffle kali iya yasonna singkat yasonna bicara kabar depak kabinet turut bongkar pasang kabinet hak prerogatif presiden yasonna aku kabar kena reshuffle reshuffle wenang sepenuh presiden indonesia am ready or not am more than ready yasonna tb hasanuddin angkat sekjen pdip hasto kristiyanto angkat bicara respons reshuffle kabinet pdip aku kabar reshuffle ya nggak tinggal bersih bersih hasto kawasan gbk jakarta pusat minggu direktur parameter politik indonesia ppi adi prayitno sebut reshuffle hak prerogatif presiden presiden me reshuffle menteri ya tolak artikel tayang rakyat merdekacetak edisi senin agustus juduldibenarkan yasonna menteri reshuffle update berita artikelrm idmenarik digoogle dapat update berita pilih breaking darirm id mari gabung grup telegram rakyat merdeka update linkhttps me officialrakyatmerdekakemudian join install aplikasi telegram ponsel
Perpres Kantor Komunikasi Presiden Digugat ke Mahkamah Agung - detikNews,https://news.detik.com/berita/d-7878599/perpres-kantor-komunikasi-presiden-digugat-ke-mahkamah-agung,detikNews,Netral,0.9998668432235718,Netral,dokumen diterimadetikcom senin gugat layang april gugat wakil kuasa hukum nama ardin firanata kamis tanggal april mohon wakil kuasa hukum hasmin andalusi sutan muda ardin firanata hendro wijaya aju mohon uji materi pres kantor komunikasi presiden windu konfirmasi windu ungkap alas aju gugat ma salah satu potensi dualisme tugas komunikasi politik lingkung presiden aju mohon dasar alas dasar dualisme tugas komunikasi politik lingkung presiden birokratisasi fungsi juru bicara presiden pasal pasal gugat pasal kantor komunikasi presiden tugas selenggara beri dukung presiden laksana komunikasi informasi bijak strategis program prioritas presiden pasal laksana tugas pasal kantor komunikasi presiden selenggara fungsi informasi aktual strategis politik bijak strategis program prioritas presiden kelola materi strategi komunikasi informasi aktual strategis politik bijak strategis program prioritas presiden mas informasi media komunikasi bijak strategis program prioritas presiden koordinasi sinkronisasi informasi strategis evaluasi komunikasi menteri lembaga bijak strategis program prioritas presiden administrasi kantor komunikasi presiden fungsi presiden pasal atur presiden laku fungsi kelola strategi komunikasi lingkung lembaga presiden kelola strategi komunikasi politik mas informasi laksana kantor staf presiden atur atur presiden kantor staf presiden lembar negara republik indonesia alih tugas fungsi kantor komunikasi presiden pasal atur presiden laku tentu atur fungsi kelola strategi komunikasi lingkung lembaga presiden kelola strategi komunikasi politik mas informasi atur presiden kantor staf presiden lembar negara republik indonesia cabut nyata laku mensesneg prasetyo had respons gugat sebut ajar gugat senin ya terima kopi gugat apa coba ajar semangat sih ya prasetyo wartawan pres pco kantor komunikasi presiden ksp desain rupa tugas tugas tumpang tindih simak video hakim sangka suap dpr ma evaluasi tempat hakim gambas video detik azh dhn
"Kepala BGN Lantik 23 Pejabat Eselon 2, Kerja Cepat untuk Wujudkan Kualitas Gizi Masyarakat - Iconomics",https://www.theiconomics.com/art-of-execution/kepala-bgn-lantik-23-pejabat-eselon-2-kerja-cepat-untuk-wujudkan-kualitas-gizi-masyarakat/,Iconomics,Netral,0.9970173835754395,Positif,copyright iconomics all rights reserved lantik jabat tingkat eselon badan gizi nasional dok badan gizi nasional iconomics kepala badan gizi nasional lantik jabat tingkat eselon tanggal desember jakarta diri agustus atur presiden pres kepala biro hukum humas iwan mahardan terbit pres misi tingkat kualitas gizi masyarakat indonesia butuh kerja cepat wujud visi jabat eselon lantik harap cepat bangun ruang komunikasi denganstakeholderuntuk penuh butuh gizi masyarakat indonesia terang resmi jumat bentuk agustus diri dapur layan wilayah indonesia operasi dapur contoh kabupaten sukabumi kabupaten bogor wilayah kota administrasi jakarta barat dapur lembaga hadir dampak nyata dapur layan sedia makan gizi pusat edukasi gizi masyarakat ajak masyarakat perintah daerah swasta program program lembaga butuh kolaborasi lintas sektoral cepat tangan gizi buruk danstunting harap pondasi capai visi jadi indonesia sehat bebas gizi optimistis kerja keras sinergi target operasional penuh dapur layan capai dapat berita putar ekonomi bisnis ditheiconomics com pasti ikut baru berita event the iconomics akun sosial media instagram the iconomicstiktok theiconomicsyoutube theiconomicsx theiconomiclinkedin the iconomics save my name email and website in this browser for the next time comment
Juknis Tata Kelola Program MBG Tahun 2026 - ainamulyana.com,https://www.ainamulyana.com/2025/01/juknis-program-makan-bergizi-gratis.html,ainamulyana.com,Netral,0.9998706579208374,Netral,juknis tata kelola selenggara program terbit putus kepala badan gizi nasional republik indonesia tunjuk teknis juknis tata kelola selenggara program makan gizi gratis anggar timbang terbit putus kepala juknis tata kelola selenggara program jamin tertib efektif efisien akuntabel selenggara program makan gizi gratis tunjuk teknis tata kelola selenggara program makan gizi gratis anggar pedoman program rangka sesuai bijak mekanisme butuh selenggara program makan gizi gratis anggar tetap tunjuk teknis selenggara program timbang huruf huruf tetap putus kepala badan gizi nasional tunjuk teknis tata kelola selenggara program makan gizi gratis anggar dasar hukum terbit putus kepala tunjuk teknis tata kelola selenggara program undang undang sistempendidikannasional lembar negara republik indonesia undang undang pangan lembar negara republik indonesia tambah lembar negara republik indonesia kali ubah undang undang tetap atur perintah ganti undang undang cipta kerja undang undang lembar negara republik indonesia tambah lembar negara republik indonesia undang undang pesantren lembar negara republik indonesia undang undang sejahtera anak fase ribu hidup lembar negara republik indonesia tambah lembar negara republik indonesia atur perintah tahan pangan gizi lembar negara republik indonesia tambah lembar negara republik indonesia atur perintah aman pangan lembar negara republik indonesia tambah lembar negara republik indonesia atur presiden badan gizi nasional lembar negara republik indonesia atur presiden tata kelola selenggara program makan gizi gratis atur menteri uang pmk mekanisme anggar bantu perintah menteri lembaga berita negara republik indonesia ubah atur menteri uang pmk ubah atur menteri uang pmk mekanisme anggar bantu perintah menteri lembaga berita negara republik indonesia atur menteri uang pmk rencana anggar akuntansi lapor uang berita negara republik indonesia atur menteri uang standar biaya masuk ta berita negara republik indonesia atur badan gizi nasional organisasi tata kerja badan gizi nasional berita negara republik indonesia atur badan gizi nasional organisasi tata kerja kantor layan penuh gizi berita negara republik indonesia atur badan gizi nasional pedoman bantu perintah badan gizi nasional isi putus kepala juknis tata kelola selenggara program satu tetap tunjuk teknis tata kelola selenggara program makan gizi gratis anggar cantum lampir pisah putus tunjuk teknis diktum satu acu rumus koordinasi bijak teknis program makan gizi gratis sekretariat inspektorat deputi tata kelola deputi sedia salur deputi promosi kerja deputi pantau awas pusat data informasi kantor layan penuh gizi layan penuh gizi tugas fungsi program makan gizi gratis tiga tunjuk teknis tata kelola selenggara program makan gizi diktum satu laku anggar keem pat penclanaan selenggara program mah gizi gratis anggar laksana menggunakari pa putus laku tanggal tetap kernudian kelim baik mesti latar putus kepala juknis tata kelola selenggara program donyatakan ahwa manusia sdm kualitas visi indonesia negara maju indonesia emas sdm kualitas fondasi maju bangsa kualitas sdm ukur kapasitas intelektual terampil sehat fisik mental individu pengaruh pola makan status gizi warga negara anak anak akses gizi tumbuh kognitif cipta masyarakat sehat produktif gizi main peran bentuk kualitas sdm gizi individu capai potensi penuh ajar prestasi kontribusi masyarakat teliti anak anak gizi optimal konsentrasi simpan informasi prestasi akademik malnutrisi dampak jangka rugi kognitif sehat produktivitas ekonomi menteri sehat indonesia konsisten tekan tangan malnutrisi inisiatif lapor gizi anak fokus turun stunting cegah anemia akses terhadapmakananbergizi hamil anak anak salah efektif tingkat sehat anak anak terima gizi manfaat jangka otak fungsi kebal kuat harap hidup gizi untung individu cepat tumbuh ekonomi negara gizi tingkat kualitas lahir promosi tumbuh anak sehat hasil generasi cerdas aktif produktif atas ketidakamanan pangan malnutrisi kontribusi cipta peluang ekonomi adil tingkat lapang kerja dorong wirausaha lokal usaha mikro tengah umkm bijak ekonomi tuju berantas miskin ekstrim kurang timpang kuat promosi akses makan gizi program sejahtera sosial luas penuh gizi nasional indonesia serius capai maju ekonomi sejahtera indonesia hadap triple burden of malnutrition gizi gizi defisiensi gizi mikro hasil riset sehat dasar riskesdas tinggi angka stunting gizi buruk indonesia juta anak indonesia hambat tumbuh fisik kognitif gambar perata gizi ketidakmerataan akses makan gizi indonesia samping indonesia daerah daerah rentan rawan pangan pengaruh akses sedia kualitas pangan dampak status gizi masyarakat badan gizi nasional bentuk pres tugas penuh gizi nasional rangka bangun manusia kualitas generasi emas luncur program makan gizi gratis salah upaya tingkat status gizi masyarakat tingkat perilaku serta didik hamil susu anak usia balita pola makan gizi imbang program januari lanjut laksana tahap ikut kesiap sppg sebar provinsi indonesia rangka lancar giat tunjuk teknis selenggara bantu perintah program makan gizi gratis anggar pedoman laksana pusat daerah laksana kendala tuju susun tunjuk teknis juknis selenggara program anggar pedoman badan gizi nasional kelola program selenggara bantu perintah pertanggungjawaban bantu perintah monitoring evaluasi bantu perintah awas bantu perintah tunjuk teknis susun acu mang penting libat program capai target sppg sppg aglomerasi wilayah pencil sppg operasional total terima manfaat sesuai arah presiden terima manfaat sebar provinsi indonesia upaya wujud generasi emas sasar guna tunjuk teknis juknis instansi perintah perintah daerah orang orang badan hukum rangka program indikator hasil juknis laksana giat target sppg sppg aglomerasi wilayah pencil sppg operasional total terima manfaat sesuai arah presiden terima manfaat standar tetap juknis lengkap silah download salin lampir kepala badan gizi nasional republik indonesia kep kepala tunjuk teknis juknis tata kelola selenggara program makan gizi gratis anggar link downloadjuknis tata kelola didik informasi putus kepala juknis tata kelola selenggara program moga manfaat bagi
"Disorot karena Program MBG, Kepala BGN Dadan Hindayana Ternyata Ahli Serangga dan Hama Pertanian - Bali Express",https://baliexpress.jawapos.com/nasional/676628320/disorot-karena-program-mbg-kepala-bgn-dadan-hindayana-ternyata-ahli-serangga-dan-hama-pertanian,Bali Express,Netral,0.6121800541877747,Negatif,kepala ramai sorot banyak racun program baliexpress id nama prof dr ir dadak perhati publik gelombang kritik program makan gizi gratis kian deras baliexpress id nama prof dr ir dadak perhati publik gelombang kritik program makan gizi gratis kian deras program prioritas presiden prabowo subianto hadap sorot tajam muncul racun massal kalang ajar program prioritas presiden prabowo subianto hadap sorot tajam muncul racun massal kalang ajar akun fufufafa ngaku tamat sd nama gibran sorot ijazah akun fufufafa ngaku tamat sd nama gibran sorot ijazah kepala badan gizi nasional sorot putus presiden resmi lantik presiden joko widodo agustus kepala lembaga bentuk pres kepala badan gizi nasional sorot putus presiden resmi lantik presiden joko widodo agustus kepala lembaga bentuk pres publik sosok bijak strategis gizi pangan asal latar gizi ahli entomologi ilmu serangga publik sosok bijak strategis gizi pangan asal latar gizi ahli entomologi ilmu serangga akademisi teliti spesialisasi proteksi tanam entomologi lahir garut jawa barat juli tempuh jenjang didik tinggi tani serangga negeri akademisi teliti spesialisasi proteksi tanam entomologi lahir garut jawa barat juli tempuh jenjang didik tinggi tani serangga negeri bupati tinjau trash rack tukad mati jalan simpang teuku umar barat bupati tinjau trash rack tukad mati jalan simpang teuku umar barat riwayat didik riwayat didik proteksi tanam ipb proteksi tanam ipb entomologi terap university of bonn jerman entomologi terap university of bonn jerman entomologi leibniz universit hannover jerman lulus entomologi leibniz universit hannover jerman lulus program doktoral lanjut ipb program doktoral lanjut ipb dosen departemen proteksi tanam ipb kenal aktif giat akademik abdi masyarakat dosen departemen proteksi tanam ipb kenal aktif giat akademik abdi masyarakat jabat ketua stpk banau malu utara inisiasi giat nasional jambore lindung tanam indonesia jabat ketua stpk banau malu utara inisiasi giat nasional jambore lindung tanam indonesia sisi ilmiah catat publikasi ilmiah fokus keanekaragaman serangga hama tani konservasi lingkung salah teliti tonjol serangga ordo cleopatra lahan reklamasi pascatambang batu bara kalimantan timur sisi ilmiah catat publikasi ilmiah fokus keanekaragaman serangga hama tani konservasi lingkung salah teliti tonjol serangga ordo cleopatra lahan reklamasi pascatambang batu bara kalimantan timur kabin lepas truk tronton hantam toko bangun melaya jembrana rugi kabin lepas truk tronton hantam toko bangun melaya jembrana rugi science and technology index sinta catat poin publikasi sitasi sitasi science and technology index sinta catat poin publikasi sitasi sitasi kritik cuat nyata insiden racun massal siswa konsumsi menu daerah sebut batas wajar miliar porsi makan bagi program jalan kritik cuat nyata insiden racun massal siswa konsumsi menu daerah sebut batas wajar miliar porsi makan bagi program jalan porsi saji capai miliar racun porsi persen nyata kutip media porsi saji capai miliar racun porsi persen nyata kutip media nyata picu reaksi keras kalang selamat siswa kalkulasi persentase sebab ganggu sehat nyata picu reaksi keras kalang selamat siswa kalkulasi persentase sebab ganggu sehat latar ilmu gizi klinis sehat masyarakat tunjuk kepala tuai kritik cocok ilmu tugas tugas strategis bijak pangan gizi nasional latar ilmu gizi klinis sehat masyarakat tunjuk kepala tuai kritik cocok ilmu tugas tugas strategis bijak pangan gizi nasional program makan gizi gratis kabupaten bangli inovasi layan salah satu dapur sppg bangli bangli cempaga perintah kuat awas program makan gizi gratis libat sekolah proses pantau lapang jaga kualitas layan memp program makan gizi gratis bukti faktor dorong tinggi puas publik kerja perintah presiden prabowo subianto wakil presiden gibran rakabuming raka terung
"Jabat Kepala Badan Gizi Nasional, Dadan Hindayana Ternyata Seorang Ahli Serangga dan Hama Pertanian - FAJAR",https://fajar.co.id/2025/09/26/jabat-kepala-badan-gizi-nasional-dadan-hindayana-ternyata-seorang-ahli-serangga-dan-hama-pertanian/,FAJAR,Negatif,0.9582436680793762,Negatif,fajar co id jakarta nama dadak ramai bahan bicara publik sosok jabat kepala badan gizi nasional sorot iring ramai kritik program makan gizi gratis salah program prioritas presiden prabowo subianto putus presiden presiden joko widodo resmi lantik kepala agustus jabat pimpin lembaga lahir pres pimpin mandat awal program prioritas nasional pangan gizi sorot publik publik geram lantar tengah banyak siswa racun sebut racun batas wajar porsi miliar porsi saji sembilan jalan racun massal duga sumber menu masyarakat tarik latar didik dunia gizi entomologi ilmu serangga catat tempuh didik institut tani bogor ipb fokus proteksi tanam profil singkat prof dr ir lahir garut jawa barat juli kenal entomolog ahli serangga titi karier dunia akademik riwayat didik proteksi tanam institut tani bogor entomologi terap university of bonn jerman entomologi leibniz universit hannover jerman lulus program doktoral lanjut ipb fokus didik kait hama tani dunia serangga karier akademik profesional ajar ipb dosen departemen proteksi tanam aktif program didik jabat ketua sekolah tani kewirausahaan stpk banau halmahera barat malu utara kerap libat giat abdi masyarakat jambore lindung tanam indonesia transformasi politeknik bangun tani publikasi teliti catat publikasi ilmiah entomologi tani lanjut salah satu teliti keanekaragaman serangga ordo cleopatra kawasan reklamasi pascatambang batu bara rau kalimantan timur
"1 Tahun Pemerintahan Prabowo-Gibran : Perpres MBG Dinilai Belum Cukup, Regulasi Perlindungan Hukum Masih Abu-Abu - Kompasiana.com - Kompasiana.com",https://www.kompasiana.com/ajengzah/6915e068f918e96ed74155f5/1-tahun-pemerintahan-prabowo-gibran-perpres-mbg-dinilai-belum-cukup-regulasi-perlindungan-hukum-masih-abu-abu,Kompasiana.com,Negatif,0.9899386167526245,Negatif,latar didik sarjana hukum tempuh studi magister hukum ajeng zatalini senantiasa upaya cermat dalam bijak regulasi tulis harap perspektif manfaat picu diskusi konstruktif masyarakat tutup malang november programmakan gizi gratis pmbg diri atas dasar hukum sifat administratif undang undang regulasi payung hukum bijak atur presiden pres badan gizi nasional fungsi lembaga koordinatif lintas menteri atur laksana program makan gizi gratis jabar tunjuk teknis pedoman internal menteri atur perintah undang undang khusus atur tanggung hukum mekanisme awas lanjut program hukum indonesia posisi atur presiden undang undang atur undang undang bentuk atur undang undang yuridis atur presiden lampau ganti fungsi undang undang tetap bijak strategis nasional program makan gizi gratis bijak skala libat lintas didik sehat sosial tani ideal atur tingkat undang undang legitimasi hukum kuat jamin lanjut lintas perintah urgensi bentuk undang undang khusus program makan gizi gratis muncul sifat program hak dasar warga negara hak asasi manusia biaya jangka anggar negara dasar hukum kuat program makan gizi gratis resiko tumpang tindih program perintah standar baku daerah sulit awas lembaga legislatif publik undang undang sifat lex specialis regulatif protektif lex specialis khusus atur tata kelola gizi nasional tanggung lintas lembaga protektif fungsi lindung hak masyarakat oleh gizi layak lanjut kondisi bahwaperaturan presiden penuh standar formal standar substantif jamin partisipasi publik teori hukum ranah diskresi eksekutif presiden atur undang undang administrasi perintah bijak ambil isi kosong hukum lancar selenggara perintah diskresi sifat dasar undang undang ada badan gizi nasional program makan gizi gratis ubah bubar atur presiden sisi asas hukum atur presiden nilai prinsip bentuk atur undang undang jelas tuju lembaga sesuai hierarki lemah letak asas buka legitimasi demokratis program makan gizi gratis atur atur presiden sah hukum sepenuh legitimate demokrasi polemik masalah kurang ketidakjelasan atur bijak hasil kaji baru atur tata kelola program timbul potensi ketidakpastian hukum program program lindung jamin hukum laksana terima manfaat wujud kurang ketidakjelasan atur program ahli program lemah atur rinci atur mekanisme distribusi awas tanggung sanksi langgar nyata kuat salah hasil teliti terang pres sifat pedoman atur aspek hukum lindung kurang timbul celah hukum pelaksanaanya tulis bawon nul hakim wahida yuliana teliti tajuk implikasi yuridis pres tata kelola program makan gizi gratis proses pelaksanaanya program hadap tantang signifikan tantang sebab faktor kendala alokasi anggar rata kapasitas sekolah dapur rendah tingkat layan aman pangan tata kelola optimal hambat kendala kendala salah satu asal ketidakjelasan payung hukum program yayasan lembaga konsumen indonesia ylki terang awas edukasi konsumen program bilang lemah kuat payung hukum program kualitas pangan sebelas program jalan racun kritik imbang gizi program hasil pantau perintah lapor media nasional oktober program jalan regulasi turun sepenuh rampung perintah menteri koordinator bangun manusia budaya kemenko pmk aku susun atur program proses rumus harmonisasi lintas menteri nyata kemenko pmk kuat dasar hukum program pasti hukum kokoh awas proses susun program gencar daerah perintah target program jangkau sekolah sekolah balita hamil susu indonesia wilayah daerah tinggal pulau dasar laporancenter for indonesia strategic development initiatives cisdi strategis baik tahan gizi nasional program sempurna baik program jalan optimal dampak timbul kurang ketidakjelasan atur hukum signifikan rasa terima manfaat dampak aspek
Wajib baca! Peraturan Presiden Nomor 83 Tahun 2024: Pembentukan Badan Gizi Nasional untuk Pemenuhan Gizi Nasional yang Optimal - Melintas - Melintas,https://www.melintas.id/pendidikan/345510301/wajib-baca-peraturan-presiden-nomor-83-tahun-2024-pembentukan-badan-gizi-nasional-untuk-pemenuhan-gizi-nasional-yang-optimal?page=3,Melintas,Positif,0.7433681488037109,Netral,dukung tuju tingkat efektivitas kualitas tugas unsur organisasi dukung substantif peran lancar proses penuh gizi nasional indonesia koordinasi antarinstansi perintah salah fungsi milik badan gizi nasional koordinasi instansi perintah libat penuh gizi nasional fungsi koordinasi bijak terap jalan konsisten wilayah indonesia koordinasi efektif program gizi jalan tuju tingkat kualitas gizi masyarakat pajak tpg pajak barang mewah gagal fokus jelas pantau awas penuh gizi nasional fungsi awas pantau salah aspek penuh gizi nasional jalan lancar badan gizi nasional tugas pantau bijak gizi awas program program jalan pantau bijak program terap hasil dampak positif masyarakat didik suluh gizi masyarakat tugas sedia gizi badan gizi nasional peran didik suluh masyarakat gizi tingkat paham masyarakat pola makan sehat gizi harap sadar gizi tingkat program edukasi libat perintah lembaga sehat organisasi masyarakat bangun mandiri finansial disiplin rencana strategi uang gampang
"Memahami Perpres Nomor 83 Tahun 2024 tentang Badan Gizi Nasional, Lembaga Apa dan untuk Apa BGN ? Simak Tuntas di Melintas! - Melintas - Melintas",https://www.melintas.id/news/345509076/memahami-perpres-nomor-83-tahun-2024-tentang-badan-gizi-nasional-lembaga-apa-dan-untuk-apa-bgn-simak-tuntas-di-melintas,Melintas,Netral,0.9994750618934631,Netral,lintas id pres isi atur badan gizi nasional liput tentu bentuk duduk tugas fungsi tata kerja badan poin pres badan gizi nasional bentuk rangkapembangunansumber manusiaberkualitas penuh gizi nasional tuju konsumsi aman gizi hak asasi manusia jamin olehuud badan gizi nasional lembaga perintah tanggung presiden badan pimpin kepala bantu wakil kepala menpora dito ariotedjo luncur program makan gizi gratis cipta generasi muda sehat prestasi dukung olimpiade tugas laksana penuh gizi nasional fungsi koordinasi rumus bijak teknis tata kelola sedia salur promosi pantau gizi nasional awas evaluasi tugas gizi kelola barang milik negara dukung administratif struktur organisasi badan gizi nasional dewan arah arah laksana laksana kepala wakil kepala sekretariat deputi tata kelola sedia salur promosi kerja awas
"Perpres No 83 Tahun 2024: Empat Sasaran Penerima Makan Siang Gratis, Nomor 3 dan 4 Khusus Wanita, Siapakah Mereka? - Melintas - Melintas",https://www.melintas.id/pendidikan/345511018/perpres-no-83-tahun-2024-empat-sasaran-penerima-makan-siang-gratis-nomor-3-dan-4-khusus-wanita-siapakah-mereka,Melintas,Netral,0.9997969269752502,Netral,lintas id perintah indonesia luncur program makan berizi gratis indonesia kriteria atur presiden atur presiden atur badan gizi nasional yaituperpresno atur laku undang jakarta tanggal agustus wow bkn resmi umum panjang daftar pppk tahap januari manfaat atur program makan gizi gratis kemendikbud januari program ikut sekolah kalang masyarakat masuk kriteriasasaran program makan gizi gratis ikut atur atur laku pres tuang pasal sasar hak terima makan gizi gratis catat pres sasar penuh gizi badan gizi nasional serta didik jenjang paud tk didik dasar didik tengah lingkung didik juru didik khusus layan khusus didik pesantren anak usia sedanghamil sedangmenyusui ubah sasar terima makan gizi gratis atur presiden undang undang laku guru aktif ajar peluang emas beasiswa kuliah negeri cek syarat daftar tuju beri makan gizi rangka bangun manusia kualitas
"Ini Tugas, Fungsi, dan Gaji Pejabat Badan Gizi Nasional yang Dinakhodai Dadan Hindayana - erakini.id",https://www.erakini.id/nasional/era-RvStY/ini-tugas--fungsi--dan-gaji-pejabat-badan-gizi-nasional-yang-dinakhodai-dadan-hindayana,erakini.id,Netral,0.9998794794082642,Netral,jakarta erakini badan gizi nasionalresmi bentuk perintah mengakomodir programmakan gizi gratisyang prioritas presiden wakil presiden pilih prabowo subianti gibran rakabumung raka badan dinakhodaidadan guru program studi entomilog institut tani bogor ipb lantik kepala badan gizi nasional presiden jokowi istana negara jakarta senin bentuk badan gizi nasional atur presiden pres ditandatangani presiden jokowi agustus badan gizi nasional bentuk laksana program makan gizi gratis salah agenda utamaprabowo gibran badan gizi nasional harap program makan gizi gratis laksana januari lantik kepala badan gizi nasional lembaga tingkat menteri kantor resmi tunggu proses lembaga duduk strategis kantor daerah pasal lembaga kelola anggar anggar program makan gizi gratis tetap triliun kelola badan gizi nasional kutip pres gambar badan gizi nasional pimpin tuju duduk badan gizi nasional bentuk presiden laksana tugas penuh gizi nasional badan gizi nasional lembaga perintah tanggung presiden badan gizi nasional pimpin kepala tugas fungsibadan gizi nasional tugas laksana penuh gizi nasional laksana tugas badan gizi nasional selenggara fungsi koordinasi rumus tetap bijak teknis tata kelola sedia salur promosi kerja pantau awas penuh gizi nasional koordinasi bijak teknis tata kelola sedia salur promosi kerja pantau awas penuh gizi nasional koordinasi tugas bina beri dukung administrasi unsur organisasi lingkung badan gizi nasional kelola barang milik kaya negara tanggung badan gizi nasional dukung sifat substantif unsur organisasi lingkung badan gizi nasional awas tugas lingkung badan gizi nasional fungsi presiden sasaransasaran penuh gizi tugas fungsi badan gizi nasional serta didik jenjang didik anak usia didik dasar didik tengah didik juru agama khusus layan khusus didik pesantren anak usia hamil susu struktur organisasibadan gizi nasional dewan arah ketua wakil ketua anggota laksana kepala wakil kepala sekretariat deputi tata kelola deputi sedia salur deputi promosi kerja deputi pantau awas inspektorat dewan arah orang ketua rangkap anggotab orang wakil ketua rangkap anggotac orang anggota dewan arah unsur tokoh kenegaraanb tokoh agamac tokoh masyarakatd purnawirawan tni polr pensiun pnse akademisi unsur dukung pusat bentuk lingkung badan gizi nasional unsur dukung tugas fungsi pusat tanggung kepala sekretaris pusat pimpin kepala pusat laksana teknis badan gizi nasional bentuk laksana teknis laksana tugas teknis operasional tugas tunjang lingkung badan gizi nasional laksana teknis pimpin kepala laksana teknis bentuk laksana teknis tetap kepala tuju tulis menteri selenggara urus perintah aparatur negara besar organisasi sekretariat biro biro kelompok jabat fungsional tugas fungsi biro laksana kelompok jabat fungsional bentuk kelompok jabat fungsional subbagian tentu ayat kecuali tangan fungsi ketatausahaan pimpin kelompok jabat fungsional subbagian butuh jabat pangkat golong sekretaris deputi inspektur jabat pimpin madya jabat struktural eselon kepala biro sekretaris deputi direktur kepala pusat sekretaris inspektorat lnspektur jabat pimpin pratama jabat struktural eselon ii kepala kepala subdirektorat kepala jabat administrator jabat struktural eselon iii kepala subbagian kepala seksi kepala subbidang mertrpakan jabat awas jabat struktural eselon iv angkat henti dewan arah kepala wakil kepala angkat henti presiden sekretaris deputi inspektur angkat henti presiden usul kepala tentu atur undang tndangan kepala biro sekretaris deputi direktur kepala pusat sekretaris inspektorat inspektur kepala kepala subdirektorat kepala kepala subbagian kepala seksi kepala subbidang lingkung badan gizi nasional angkat dandiberhentikan kepala tentu atur undang undang tugas tugas dewan arah kepala wakil kepala laku periode angkat periode dewan arah kepala danf wakil kepala henti presiden tugas gaji fasilitas dewan arah hak uang fasilitas tentu atur undang undang kepala hak uang fasilitas tingkat menteri wakil kepala hak uang fasilitas tingkat wakil menteri tentu hak uang fasilitas atur atur presiden
"Kabar Gembira Makan Siang Gratis: Berikut Ini Nama Sekolah yang Sudah Menggelar Makan Bergizi Gratis (MBG), Cek Sekolah Anda - Melintas - Melintas",https://www.melintas.id/pendidikan/345508494/kabar-gembira-makan-siang-gratis-berikut-ini-nama-sekolah-yang-sudah-menggelar-makan-bergizi-gratis-mbg-cek-sekolah-anda,Melintas,Netral,0.9997658133506775,Positif,lintas id perintah meluncurkanprogramyang makan berizi gratis indonesia kriteria atur presiden atur presiden atur badan gizi nasional pres atur laku undang jakarta tanggal agustus programmakan gizi gratis kemendikbud januari program ikut berbagaisekolah terobos perintah logika rumus aneh naik ppn simak jelas program makan gizi gratis ikut atur atur laku pres tuang pasal sasar hak terima makan gizi gratis catat pres sasar penuh gizi fungsi badan gizi nasional serta didik jenjang paud tk didik dasar didik tengah lingkung didik juru didik khusus layan khusus didik pesantren anak usia hamil susu ubah sasar terima makan gizi gratis atur presiden undang undang laku tuju beri makan gizi rangka bangun manusia kualitas optimalisasi penuh gizi nasioanal hak asasi manusia uud
BGN Tegaskan Kepala Daerah Bisa Rekomendasikan Penutupan Dapur MBG yang Langgar Aturan - Jurnal Patroli News,https://jurnalpatrolinews.co.id/nasional/bgn-tegaskan-kepala-daerah-bisa-rekomendasikan-penutupan-dapur-mbg-yang-langgar-aturan/,Jurnal Patroli News,Netral,0.9998384714126587,Netral,jurnalpatrolinews semarang badan gizi nasional jajar kepala daerah libat aktif awas jalan program makan gizi gratis wilayah wakil kepala nanik sudaryati deyang pimpin daerah dasar hukum kuat tinjau operasional layan penuh gizi sppg menu saji standar gizi anggar awas kuat terbit putus presiden keppres tim koordinasi menteri lembaga program atur menteri negeri salah anggota tim gubernur bupati wali kota peran komandan daerah arah awas jalan program tata kelola program atur rinci atur presiden pres nanik kepala daerah tingkat camat lurah krusial batas personel deputi pantau awas tauwas orang wenang pimpin daerah ecek sesuai bangun dapur juknis kondisi lingkung sedia fasilitas tunjang instalasi buang air limbah ipal sikap langgar prosedur operasional nanik kepala daerah hak tutup relokasi sppg temu kondisi dapur buruk timbul resah masyarakat olah limbah pada instruksi upaya tingkat kualitas layan dapur teknis dapur aspek ekonomi lokal poin awas pres sppg wajib serap bahan pangan tani ternak nelayan umkm lokal lokasi dapur serap bahan baku daerah boleh sedia tingkat kabupaten kota kosong ancam tindak beku operasional suspend tutup permanen sppg bukti tolak bahan pangan lokal nanik tekan program stimulus tumbuh ekonomi daerah kepala daerah lapor temu langgar tindak disiplin laksana cepat
Kemenko Pangan Dorong Bahan Lokal untuk Stabilkan Harga Program MBG - mcinews.id,https://mcinews.id/2026/04/28/kemenko-pangan-dorong-bahan-lokal-untuk-stabilkan-harga-program-mbg/,mcinews.id,Positif,0.9997498393058777,Positif,jakarta mci menteri koordinator pangan manfaat bahan baku pangan lokal program makan gizi gratis strategi jaga stabilitas harga kuat ekosistem pangan nasional senin kutip website tribratanews polri go id deputi koordinasi jangkau aman pangan nan hendiarti stabilitas pangan tentu sedia pasok tata kelola integrasi hulu hilir perintah strategis pasok bahan baku program jaga utama lokal bahan baku pangan lokal tekan harga harga logistik tekan persen ambil pangan lokal pangan lokal ekosistem bangun turut guna bahan baku lokal tekan biaya distribusi faktor tinggi harga pangan andal produksi wilayah biaya logistik tekan harga bahan pangan jangkau aspek harga bijak arah bangun ekosistem pangan lanjut libat rantai pasok pangan cakup tani nelayan laku usaha mikro tengah koperasi badan usaha milik desa koperasi desa merah putih perintah dorong rencana butuh bahan baku matang komoditas hortikultura tingkat gantung distribusi program acu regulasi tata kelola tetap perintah susun regulasi atur menteri koordinator pangan atur rantai pasok bahan baku lokal program bijak tindak atur presiden tata kelola selenggara program bentuk permenko tuju jalan amanat atur presiden pres tata kelola selenggara program makan gizi gratis amanat kemenko pangan koordinasi menteri lembaga jamin rantai pasok pangan terang deputi nan strategi perintah harap program makan gizi gratis tingkat akses pangan masyarakat kuat tahan pangan nasional daya lokal berita populer kanal berita
Kemenko Pangan Susun Aturan Rantai Pasok MBG - BeritaSatu.com,https://www.beritasatu.com/ekonomi/2988830/kemenko-pangan-susun-aturan-rantai-pasok-mbg,BeritaSatu.com,Netral,0.9871301054954529,Positif,jakarta beritasatu com menteri koordinator pangan susun rancang atur menteri koordinator permenko rantai pasok bahan baku lokal program makan gizi gratis deputi koordinasi jangkau aman pangan kemenko pangan nan hendiarti atur susun jalan amanat atur presiden pres tata kelola selenggara program makan gizi gratis kalauenggakada bahan pangan kanenggakbisa jalan program harap bahan pasok pangan asal lokal nan lansir dariantara minggu manfaat rantai pasok pangan lokal koperasi desa kodpes merah putih umkm badan usaha milik desa bumdes ternak koperasi nelayan dagang pasar tekan biaya logistik logistic cost panjang simpan bahan baku perintah dorong kelola layan penuh gizi sppg perintah daerah mang penting bangun ekosistem rantai pasok pangan lanjut wilayah susun permenko perintah kembang proyek contoh pilot project tunjuk teknis juknis atur badan gizi nasional ekosistem rantai pasok pangan nan aku wilayah penuh butuh bahan baku pasok lokal daerah tinggal depan luar perintah anggar tambah wilayah bijak tambah biaya tambah lokasi pencil lihat pasok pangan lokal bangun ekosistem wilayah pres amanat kemenko pangan koordinasi menteri lembaga menteri tani menteri laut ikan kkp menteri dagang kemendag badan pangan nasional bapanas program koordinasi cakup aspek tingkat kapasitas produksi sedia jangkau pangan sedia informasi harga pangan simak berita artikel digoogle ikut baru diwhatsapp channel beritasatu china kian dekat dominasi indonesia piala thomas ancam chelsea kali kalah untun drama city bikin arsenal senyum kpk apresiasi putus hakim korupsi lng cedera kepala lawan forest debut chelsea jesse derry sadar rumah serang bakar akibat sambar petir kronologi aksi mahasiswa ingat didik nasional depan kemendiktisaintek jasa dorong kursi roda jamaah calon haji kunjung menteri tahan jepang jakarta progres bangun kampung nelayan merah putih files mahal ruang aman kampus negara hadir kerja makna buruh internasional kereta catat manusia bekas kapal samudera pelni jaga arah
"Perpres Nomor 115 Tahun 2025 tentang Program MBG, antara Kebijakan dan Ketimpangan Keadilan Publik - UNIKMA Cilacap",https://unikma.ac.id/2026/01/16/perpres-nomor-115-tahun-2025-tentang-program-makan-bergizi-gratis-mbg-antara-ambisi-kebijakan-dan-ketimpangan-keadilan-publik/,UNIKMA Cilacap,Netral,0.9992572665214539,Negatif,unikma ac id perintah indonesia resmi kesah atur presiden pres atur tata kelola penyelenggaraanprogram makan gizi gratis bijak posisi salah program prioritas nasional perintah kontribusi signifikan tingkat kualitas gizi sehat produktivitas generasi muda indonesia program cita cita mulia sedia makan gizi juta warga anak sekolah kelompok rentan investasi jangka bangun manusia perintah pres beri makan tetap standar gizi tata kelola profesional awas ukur retorika baik publik muncul kritik tajam kalang akademisi aktivis sosial kerja didik publik luas timpang adil sosial implikasi bijak desak garis pres muat pasal pres atur pegawai sppg cakup kepala sppg ahli gizi akuntan angkat pppk tentu atur undang undang lepas narasi perintah tingkat kualitas sdm perata gizi bijak tuai kritik publik substansial kritik kritik sifat politis substansial konteks adil sosial prioritas anggar tara hak tenaga didik publik salah kritik tajam kalang guru honorer publik luas perintah mudah akses status asn pppk pegawai sppg guru honorer abdi tahun katung katung rekrutmen asn diskusi media sosial berita publik netizen frustrasi proses angkat pegawai sppg pandang jalan cepat hambat juta guru honorer kali hadap proses kuota batas regulasi ubah ubah narasi timbul persepsi perintah utama program simbolis selesai struktural didik dampak kualitas ajar nasional koordinator advokasi bpjs watch kritik pres atur lindung staf sppg status pppk ribu kerja operasional lapang rekrut mitra kontrak informal jamin sosial upah layak lindung kerja pada kerja tangan produksi distribusi layan lapang hadap risiko kerja nyata celaka papar bahan pangan ketidakjelasan status kerja lindung tentang prinsip adil sosial hak tenaga kerja program hadap kritik implementasi lapang lapor ombudsman temu potensi maladministrasi program cakup tunda diskriminasi prosedur kompeten distribusi perlu kontrol ketat akuntabilitas anggar bijak anggar program serap dana capai triliun rupiah proyeksi tingkat tekan ekonomi butuh kuat infrastruktur publik kritik muncul optimal struktural desak didik dasar sehat dasar lindung sosial luas pres program makan gizi gratis tuju valid teori baik gizi kualitas hidup masyarakat legitimasi bijak mata publik gantung mampu perintah tantang adil sosial transparansi anggar imbang prioritas jangka butuh riil kelompok rentan bijak manfaat signifikan kelompok abai problem struktural status guru honorer potensi lebar senjang sosial ketidakpercayaan publik komitmen perintah wujud perintah adil responsif infopublik id pres kuat kolaborasi perintah dorong ekonomi rakyat serap pangan lokal sedia https infopublik id kategori prioritas nasional pres kuat kolaborasi perintah dorong ekonomi rakyat serap pangan lokal radar semarang jawa pos pres resmi laku tata kelola program makan gizi gratis arah angkat pppk sedia https radarsemarang jawapos com berita pres resmi laku tata kelola program makan gizi gratis arah angkat pppk wama rencana angkat pppk pegawai sppg tuai kontroversi proses cepat guru honorer sedia https wamanews id rencana angkat pppk pegawai sppg tuai kontroversi proses cepat guru honorer jpnn com pres atur staf sppg status pppk sedia https www jpnn com pres atur staf sppg status pppk ombudsman republik indonesia ombudsman temu potensi maladministrasi program makan gizi gratis sedia https ombudsman go id download ombudsman temu potensi maladministrasi program makan gizi gratis
"BGN: SPPG Tak Boleh Menolak Produk Petani, Peternak, dan Nel - Tribrata News",https://tribratanews.polri.go.id/blog/nasional-3/bgn-sppg-tak-boleh-menolak-produk-petani-peternak-dan-nelayan-kecil-untuk-program-mbg-98295,Tribrata News,Positif,0.9957980513572693,Positif,tribratanews polri go id jakarta badan gizi nasional layan penuh gizi sppg tolak produk usaha mikro tengah umkm hasil produk bawa tani ternak nelayan dapur makan gizi gratis wakil kepala komunikasi publik investigasi nanik sudaryati deyang tekan rangkul bina arah pasok program pasal ayat atur presiden pres selenggara prioritas guna produk negeri libat usaha mikro usaha persero orang koperasi koperasi desa lurah merah putih badan usaha milik desa wakil kepala selasa perintah wajib sppg terima produk umkm tani ternak nelayan gerak ekonomi rakyat presiden prabowo subianto tekan rancang program ya kepala sppg mitra tolak produk tani ternak nelayan semena mena wakil kepala sppg mitra tahu tolak produk umkm tani ternak nelayan utama pasok monopoli pasok bahan pangan masuk sppg nanik ancam tindak suspend henti lawan atur presiden wakil kepala sppg akomodasi bina umkm tani ternak nelayan pasok bahan pangan dapur kualitas mitra laksana program nurani orientasi bisnis wakil kepala ndt hn rs musnah barang bukti sabu kg riau
"Rakor Makan Bergizi Nasional di Semarang, Menko Pangan Tekankan Pengawasan Keamanan Pangan - Wartakotalive.com",https://wartakota.tribunnews.com/news/883601/rakor-makan-bergizi-nasional-di-semarang-menko-pangan-tekankan-pengawasan-keamanan-pangan,Wartakotalive.com,Netral,0.9998656511306763,Netral,halo profile kirim images logout masuk akun akun daftar akun pedoman media siber hubung privacy policy redaksi download tribunxuntuk android ios wartakotalive com semarang menteri koordinator pangan republik indonesia gelar rapat koordinasi atur presiden tata kelola selenggara programmakan gizi gratisdi kantor gubernur jawa semarang selasa rapat pimpin menteri koordinator pangan zulkifli hasan tuju sosialisasi bijak evaluasi program daerah catat menteri koordinator pangan republik indonesia februari program jalan provinsi total terima manfaat layan penuh gizi sppg jawa program jangkau terima manfaat sppg operasi dukung menteri lembaga pres keppres badan gizi nasional tindak selenggara dukung tim koordinasi tetap kepmenko substansi tata kelola cakup pengawasankeamanan pangan penuh standar gizi kelola limbah manfaat pangan lokal lapor padu rakor menko pangan zulkifli perintah daerah peran strategis jamin mutu layan cepat terbit sertifikat laik higiene sanitasi slhs stabilisasi pasok pangan lokal capai slhs jawa catat persen banding nasional persen menko pangan instruksi evaluasi sppg jadi klb racun pangan standarkeamanan pangandipatuhi ketat libat laku usaha lokal sisi ekonomi gerak laku usaha lokal umkm bumdes koperasi nelayan ternak mandiri jawa mayoritas pasok bahan pokok sppg asal koperasi bumdes umkm produksi unggul daerah telur ayam pati susu sapi perah boyolali perintah temu ketidaksesuaian data terima manfaat validasi lanjut perintah daerah capai layan cepat layan siswa sekolah target capai persen pesantren persen santri persen sppg pesantren persen
"Perpres 115/2025 Perkuat Tata Kelola Program MBG, SPPG Jadi Ujung Tombak Layanan Gizi Nasional - Warta Lombok - Warta Lombok",https://wartalombok.pikiran-rakyat.com/sasambo/pr-1079922247/perpres-1152025-perkuat-tata-kelola-program-mbg-sppg-jadi-ujung-tombak-layanan-gizi-nasional,Warta Lombok,Positif,0.9885661005973816,Positif,warta lombok presiden republik indonesia prabowo subianto resmi tetap atur presiden pres tata kelola selenggara program makan gizi gratis regulasi payung hukum salah program prioritas nasional tuju tingkat status gizi masyarakat bangun generasi indonesia sehat cerdas produktif dalamperprestersebut program makan gizi gratis selenggara tingkat kualitas manusia dorong tumbuh ekonomi kontribusi entas miskin sasar program cakup serta didik jenjang didik anak usia didik dasar didik tengah didik agama pesantren anak usia enam hamil susu kelompok tetap presiden selenggara program koordinasi badan gizi nasional jangkau masyarakat bentuk kantor layan penuh gizi kppg layan penuh gizi sppg sppg laksana lapang peran strategis ujung tombak layan sedia distribusi makan gizi gratis dalamperpres sppg tugas pokok laksana layan sedia distribusi makan gizi gratis kelompok sasar sppg tugas edukasi informasi gizi aman pangan terima manfaat sppg beda kategori sppg aglomerasi layan minimal terima manfaat sppg pencil layan terima manfaat orang sesuai kondisi wilayah pegawai sppg angkat pegawai perintah janji kerja pppk tentu atur undang undang tugas pegawai sppg wenang kelola uang negara kecuali khusus tentu sertifikasi bendahara junjung prinsip akuntabilitas kendali uang negara tentu wajib patuh sppg jalan tugas sppg wajib jamin aman pangan mutu makan gizi sedia bahan baku proses olah distribusi terima manfaat rantai pasok penuh standar aman pangan awas menteri lembaga sehat awas obat makan duga racun makan sppg wajib lapor fasilitas layan sehat aparat perintah tangan tentu sppg wajib patuh standar gizi tetap badan gizi nasional perhati prinsip pangan agam gizi imbang aman potensi arif lokal kelompok sasar sppg penuh standar halal produk atur undang undang perpresini tekan lapor data manfaat informasi digital nyata sppg wajib data terima manfaat lapor distribusi makan pantau program informasi integrasi badan gizi nasional atur rinci komprehensif perintah harap selenggara program makan gizi gratis jalan tertib transparan lanjut ada sppg harap program sasar aman kualitas dampak nyata tingkat status gizi sejahtera masyarakat wilayah indonesia
"Mendukbangga: Indonesia Harus Bangga, MBG untuk 3B Jadi Cont - Tribrata News",https://tribratanews.polri.go.id/blog/nasional-3/mendukbangga-indonesia-harus-bangga-mbg-untuk-3b-jadi-contoh-dunia-98663,Tribrata News,Positif,0.9998866319656372,Positif,tribratanews polri go id jakarta menteri duduk bangun keluarga mendukbangga kepala bkkbn wihaji indonesia bangga program makan gizi gratis hamil susu balita satu dunia contoh mendukbangga wihaji atur presiden pres tata kelola kemendukbangga bkkbn amanat salur sasar kader masuk tpk mana layan penuh gizi sppg wajib libat tpk distribusi edukasi sasar mendukbangga kamis muka pres kader tpk antar insentif ompreng sasar kasih tugas presiden antar kunci keluarga tpk antar tugas edukasi keluarga papar mendukbangga muka salah intervensi presiden prabowo subianto tekan angka stunting indonesia survei status gizi indonesia ssgi prevalensi stunting nasional catat persen perintah target angka tekan persen stunting perhati presiden anak anak indonesia stunting anak stunting stunting salah sebab stunting asupan gizi mendukbangga kader tpk perhati beri sasar kurang risiko racun pangan sasar perhati antar sore periksa layak kembali sppg mendukbangga ay hn rs musnah barang bukti sabu kg riau
Aturan dan Kriteria Pegawai MBG yang Diangkat Jadi PPPK - Hukumonline,https://www.hukumonline.com/berita/a/kriteria-pegawai-mbg-jadi-pppk-lt6968d30d9f240/,Hukumonline,Netral,0.9998646974563599,Netral,terbitnyaperaturan presiden tata kelola selenggara program makan gizi gratis pres november upaya perintah isi kosong payung hukum makan gizi gratis tarik pres atur tentu pegawai libat kenal sppg angkat pppk tentu pasal pres pegawai sppg angkat pppk tentu atur undang undang makna pppk pegawai perintah janji kerja warga negara indonesia penuh syarat angkat janji kerja jangka rangka laksana tugas perintah duduk jabat perintah kenal pegawai sppg pres definisi layan penuh gizi sppg organisasi nonstruktural tanggung kepala kppg kantor layan penuh gizi merincikan profesi libat sppg sadur lamanmedia sosial badan gizi nasional pegawai sppg profesi kriteria sppg angkat pppk tentu dalamperpres atur kriteria sppg angkat pppk rinci dalamsiaran pers nomorsipers badan gizi nasional terang tentu angkat pppk program laku pegawai rawan sppg siar pers nanik deyang wakil kepala frasa pegawai sppg dalampasal pres rujuk spesifik pegawai inti fungsi strategis personel libat operasional hari sppg makna pegawai inti pegawai sppg fungsi teknis administratif strategis kepala sppg ahli gizi akuntan follow official whatsapp channel hukumonline update kini putar dunia hukum indonesia linkberikutuntuk gabung
"Penerima MBG capai 61,2 juta hingga Februari 2026 - ANTARA News",https://kalsel.antaranews.com/berita/507751/penerima-mbg-capai-612-juta-hingga-februari-2026/?&m=false,ANTARA News,Positif,0.9988448619842529,Positif,jakarta menteri koordinator pangan program makan gizi gratis jangkau terima manfaat provinsi februari layan penuh gizi sppg terima program catat orang tengah januari angka proyeksi tingkat iring target presiden prabowo subianto terima manfaat capai orang perintah komitmen program jalan sasar aman lanjut fondasi bangun generasi sehat indonesia emas menteri koordinator pangan zulkifli hasan zulhas terang terima jakarta rabu kepala larang unggah menu medsos zulhas pimpin rapat koordinasi atur presiden tata kelola selenggara program provinsi jawa selasa perintah catat program jangkau terima manfaat sppg operasi jawa perintah daerah peran jamin mutu layan cepat terbit sertifikat laik higiene sanitasi slhs jaga stabilitas pasok pangan lokal capai slhs jawa catat persen banding nasional capai persen pemda peran strategis aman pangan standar gizi lancar distribusi bahan pangan lokal program dukung menteri lembaga pres putus presiden zulhas program potensi dorong aktivitas ekonomi lokal umkm bumdes koperasi nelayan ternak mandiri pasok bahan pangan henti operasional sppg pantai batung hst berita viral perintah temu ketidaksesuaian data terima manfaat daerah proses mutakhir validasi lanjut kuat awas koordinasi program nasional perintah pantau padu menteri koordinator pangan bangun command center koordinasi awas nasional zulhas perintah program jalan ramadhan libur cuti sesuai mekanisme salur wilayah wilayah mayoritas puasa salur paket makan kemas sehat sekolah daerah mayoritas non muslim jalan program normal siswa man tapin terima kering ramadhan warta aria anandaeditor imam hanaficopyright
Guru dan Tenaga Kependidikan di Batam Terima MBG Mulai Hari Ini - Batam Pos,https://metropolis.batampos.co.id/guru-dan-tenaga-kependidikan-di-batam-terima-mbg-mulai-hari-ini/,Batam Pos,Netral,0.9998409748077393,Positif,batampos program makan gizi gratis guru tenaga didik kota batam laksana tahap sabtu acu atur presiden pres luas terima manfaat ketua koordinator layan penuh gizi sppg kota batam defri frenaldi tenaga didik tenaga didik resmi kelompok terima manfaat atur pres pres tenaga didik didik terima manfaat defri jumat defri proses data batam selesai lanjut sppg salur guru tenaga didik tahap harga cabai rawit batam ayam potong turun batam selesai data lanjut sppg guru tenaga didik laksana besok tahap tahap sekolah lengkap administrasi prinsip sekolah harap terima sama mau serentak sekolah administrasi lengkap laku tahap defri mekanisme salur defri beda terima serta didik guru tenaga didik terima makan ompreng mekanisme salur serta didik ompreng guru harap makan serta didik defri batam jalan lancar kendala tantang aktivitas sekolah jalan alhamdulillah kendala sekolah masuk senin tanggal januari jalan tanggal januari pedestrian nagoya heritage bangun nagoya jodoh siap ikon wisata belanja wakil kepala badan gizi nasional nanik sudaryati deyang guru pegawai sekolah wajib program makan gizi gratis atur resmi pres pres presiden desember situ tulis guru tenaga didik nanik tinjau smk jakarta pusat kamis nanik terima unsur sekolah guru cakup tenaga didik tugas bersih pegawai tata usaha tu tenaga didik tugas bersih pegawai tata usaha sekolah
Legislator Sebut Keterlibatan Petani-Nelayan dalam Program MBG Sesuai Aturan - MetroTVNews.com,https://www.metrotvnews.com/read/b3JC52AG-legislator-sebut-keterlibatan-petani-nelayan-dalam-program-mbg-sesuai-aturan,MetroTVNews.com,Positif,0.9907784461975098,Positif,nasional ilustrasi makan gizi gratis branda achmad zulfikar fazli january jakarta badan gizi nasional tindak sanksi layan penuh gizi sppg tolak pasok bahan pangan umkm tani ternak nelayan lokal programmakan gizi gratis nilai umkm tani nelayan lokal program atur pasal ayat atur presiden pres tahu laku ekosistem umkm nelayan tani anggota komisi iv dpr zulfikar suhardi jakarta rabu januari zulfikar harap pasti serap bahan pangan umkm tani ternak nelayan lokal program pasti proses serap bahan pangan umkm tani ternak nelayan lokal henti jalan ternak ragu kesiap standar perhati utama standar mutu bahan baku masuk cegah racun zulfikar sppg perhati bayar bahan pangan umkm tani ternak nelayan lokal program lapang dapat terkadang minat bayar lumayan bayar kaji politikus partai demokrat mekanisme bayar pasok bahan pangan umkm tani ternak nelayan lokal lantar tani ternak nelayan lokal umkm butuh putar uang cepat stabil tani ternak butuh putar uang cepat stabil anggota komisi vii fraksi partai demokrat zulfikar suhardi dok istimewa
Lindsey Afsari Puteri: MBG Harus Berikan Manfaat dan Dampak Ekonomi - Suara Nasional,https://suaranasional.com/2026/04/06/lindsey-afsari-puteri-mbg-harus-berikan-manfaat-dan-dampak-ekonomi/,Suara Nasional,Netral,0.9998573064804077,Positif,tenaga ahli deputi iii kepala staf presiden lindsey afsari puter damping kepala staf presiden muhammad qodari hadir rapat koordinasi batas rakortas program makan gizi gratis kantor menteri koordinator pangan jumat rapat lindsey sempat diskusi kepala badan gizi nasional lindsey tajam kapasitas representasi kantor staf presiden ksp dinamis tantang program lapang kualitas layan tepat data awas sppg prioritas turun angka stunting wilayah pencil tinggal depan luar inti fokus program luas jangkau quality over quantity utama kualitas kuantitas depan efek positif dampak gizi terima manfaat dampak ekonomi rantai ekosistem lindsey lyndsey tenaga ahli deputi iii eselon ksp pegang mandat delivery presiden monitoring evaluasi debottlenecking cepat akselerasi program prioritas nasional kenan intervensi menteri lembaga perintah daerah lindsey program kerja butuh kolaborasi kuat lintas menteri lembaga daerah itikad semangat kuat rasa khalayak generasi terus aamin lyndsey ungkap perintah keluar regulasi atur program makan gizi gratis tepat sasar aman pangan transparansi anggar atur presiden pres landas hukum atur tata kelola selenggara program cakup kelola makan mekanisme salur beri sanksi atur presiden pres tetap bentuk badan gizi nasional lembaga tanggung rumus bijak atur turun putus kepala badan gizi nasional tunjuk teknis tata kelola selenggara program laksana komitmen disiplin implementasi program atur fersebut pungkas simak berita artikel digoogle
"BGN Keluarkan Aturan Baru, SPPG MBG Wajib Kelola Limbah - Gaya Hidup - Bloomberg Technoz",https://www.bloombergtechnoz.com/detail-news/103504/bgn-keluarkan-aturan-baru-sppg-mbg-wajib-kelola-limbah/2,Bloomberg Technoz,Netral,0.9979000091552734,Netral,bloomberg technoz jakarta badan gizi nasional terbit atur atur tangan sisa pangan sampah air limbah domestik program makan gizi gratis atur program jalan efektif sisi penuh gizi aman lingkung sehat masyarakat atur jaga sehat masyarakat hindar cemar lingkung prinsip higiene sanitasi pangan terap program kepala siar pers kamis atur tindak amanat atur presiden pres tata kelola selenggara program makan gizi gratis harus tata kelola komprehensif program aspek limbah sisa pangan regulasi layan penuh gizi sppg tanggung penuh tangan sisa pangan kelola sampah olah air limbah domestik hasil giat operasional sppg tugas sedia makan gizi proses limbah hasil kelola tanggung tekan sisa pangan program limbah kelola efisien cegah boros sisa pangan layak konsumsi turut tangan buang sia sia buka peluang sppg perintah daerah tiga kelola sampah limbah lapang optimal kondisi wilayah atur program orientasi tingkat gizi masyarakat jalan prinsip lanjut pantau laksana sppg opsi kelola olah air limbah mandiri fasilitas sedia tiga kompetensi olah limbah hasil olah air limbah buang manfaat ikut tentu atur undang undang laku tekan air limbah buang sppg wajib proses aman kontrol cakup operasi awat instalasi olah air limbah tentu titik taat alir limbah jalan lancar salur drainase timbul cemar pantau kualitas air limbah wajib kala minimal hasil olah penuh standar tetap program bersih sehat tanggung makan konsumsi limbah hasil kelola pungkas spt
"BGN Tegaskan Guru, TU, hingga Petugas Kebersihan di Sekolah Harus Dapat MBG - Kompas.com",https://nasional.kompas.com/read/2026/01/09/12115511/bgn-tegaskan-guru-tu-hingga-petugas-kebersihan-di-sekolah-harus-dapat-mbg,Kompas.com,Netral,0.9992318153381348,Positif,tegas guru tu tugas bersih sekolah tim redaksi jakarta kompas com wakil kepala badan gizi nasional nanik sudaryati deyang guru pegawai sekolah makan gizi gratis nanik atur guru pegawai sekolah atur atur presiden pres luas penerimambg pres presiden desember tulis guru tenaga guru nanik tinjau smk jakarta pusat kamis tenaga pendidiktersebut tugas bersih pegawai tata usaha tu sekolah momen waka tegur sppg guru tugas sekolah bagi satpam tenaga didik ya nyapu kek tu tolong tingkat dapur anak anak sabtu sabtu anak sekolah jumat pokok gin gamau ya hak anak anak ya hak anak anak sabtu kasih jumat kering makan kering sempat wakil menteri sehat wamenkes benjamin paulus octavianus pria akrab sapa benny sebut murid orang kerja sekolah murid guru sekolah benny tinjau nanik smk jakarta benny temu guru sekolah temu siswa alergi tinjau sppg data ganti menu khusus benny presiden prabowo subianto instruksi guru pegawai sekolah putus presiden tambah kayak makan anak sekolah guru pegawai benny depan guru pegawai sekolah manfaat murid guru pegawai sekolah makan money copyright kompas cyber media kompas gramedia digital group all rights reserved
BGN menambah sasaran penerima manfaat MBG untuk usia 6-59 bulan - Antara News jatim,https://jatim.antaranews.com/berita/1034794/bgn-menambah-sasaran-penerima-manfaat-mbg-untuk-usia-6-59-bulan,Antara News jatim,Netral,0.9998540878295898,Positif,jakarta badan gizi nasional tambah sasar terima manfaat program makan gizi gratis usia tunjuk teknis atur presiden tata kelola selenggara program sekretaris deputi tata kelola ermia sofiyessi muka tambah batas usia kelompok anak balita laku batas usia kelompok anak balita tambah ikut pres juknis tunjuk teknis anak terima tantang usia kritis anak anak terima makan jakarta jumat pedoman distribusi makan edukasi gizi program sasar hamil susu balita keluar mei laksana layan penuh gizi sppg titik kritis beri kelompok hidup usia situasi krusial cipta anak cerdas sehat kuat dulang indonesia emas kamis capai terima manfaat kelompok usia paud anak balita non paud hamil ribu susu tambah terima manfaat jalan tambah sppg ermia kepala sppg aktif data hamil susu balita koordinasi puskesmas posyandu lurah data sppg standar gizi imbang porsi kelompok usia kelompok terima jadwal pakat posyandu sepakat kader kader antar rumah ambil hamil susu sesuai jadwal posyandu wilayah pencil desain skema distribusi sppg distribusi peran kader edukasi terima manfaat terima manfaat sppg lewat kader giat makan peran kader edukasi gizi hamil susu balita ermia warta lintang budiyanti prameswariuploader abdullah rifaicopyright
SPPG Wajib Serap Produk UMKM Lokal - RRI.co.id,https://rri.co.id/jember/regional/2142745/sppg-wajib-serap-produk-umkm-lokal,RRI.co.id,Netral,0.9980114698410034,Positif,rri co id bondowoso layan penuh gizi sppg wajib serap produk umkm tani ternak nelayan program makan gizi gratis bondowoso situbondo senin januari bijak badan gizi nasional ekonomi rakyat atur presiden tentu libat umkm program atur pasal ayat pres atur selenggara prioritas guna produk negeri libat usaha mikro usaha persero orang koperasi koperasi desa lurah merah putih bumdesa wakil kepala badan gizi nasional komunikasi publik investigasi nanik sudaryati deyang sppg tolak produk bawa laku umkm laku usaha pangan rakyat sebut rangkul bina pasok dapur pasal ayat atur presiden selenggara prioritas guna produk negeri libat usaha mikro usaha persero orang koperasi koperasi desa lurah merah putih bumdesa nanik tegas arah kepala sppg kabupaten bondowoso situbondo giat koordinasi evaluasi forkopimda kasatpel yayasan mitra koordinator wilayah kepala sppg giat gelar kabupaten bondowoso jawa timur nanik perintah wajib sppg terima produk laku umkm pangan rakyat gerak ekonomi masyarakat sebut presiden prabowo subianto tekan rancang program ya kepala sppg mitra tolak produk tani ternak nelayan semena mena nanik sanksi sppg mitra tolak produk lokal utama pasok turut praktik monopoli pasok bahan pangan tentang regulasi perintah suspend lawan atur presiden nanik ketua hari tim koordinasi menteri lembaga program nanik sppg motor gerak ekonomi rakyat sppg akomodasi bina laku umkm pangan rakyat pasok bahan pangan kualitas laksana program nurani bisnis oriented nanik perintah harap umkm tani ternak nelayan program kuat tahan pangan tingkat sejahtera masyarakat program harap gerak ekonomi lokal lanjut muat berita
BGN Tegur SPPG yang Belum Salurkan MBG untuk Guru - Tempo.co,https://www.tempo.co/politik/bgn-tegur-sppg-yang-belum-salurkan-mbg-untuk-guru-2105417,Tempo.co,Negatif,0.7542009949684143,Netral,wakil kepala badan gizi nasional nanik sudaryati deyang tegur kepala layan penuh gizi sppg menyalurkanmakan gizi gratis guru nanik guru nanik unjung salur smkn jakarta kamis januari pilih editor uang lembur dapur lanjut baca berita iklan nanik atur presiden luas terima sppg wajib patuh guru tuang pres sekolah tegur kepala sppg hadir lokasi sjafrie temu pensiun tni jelang buruh guru nanik pegawai sekolah tenaga tata usaha tenaga bersih sekolah cek ya senin cek awas lho ya nanik tegur nanik kepala sppg jakarta pusat mayor mayor ii adiwinata bima saraswata angguk iya perintah nanik prabowo cemas gejolak buruh nanik tegur menu smkn jakarta variatif ayam doyan ayam ganti ganti selang seling telur nanik salah siswa keluh nanik menu bumbu goreng santap siswa nikmat hambar masuk ya kepala sppg tolong catat kasih bumbu biar gak hambar nanik
Badan Gizi Nasional Larang Monopoli Bahan Pangan: SPPG Wajib Gandeng Minimal 15 Supplier Lokal - Kalteng.co,https://kalteng.co/berita/badan-gizi-nasional-larang-monopoli-bahan-pangan-sppg-wajib-gandeng-minimal-15-supplier-lokal/,Kalteng.co,Negatif,0.9782372117042542,Netral,kalteng co badan gizi nasional ambil awal transparansi perata ekonomi program makan gizi gratis perintah pusat daerah wakil kepala badan gizi nasional nanik sudaryati deyang yayasan mitra kelola dapur layan penuh gizi sppg larang keras monopoli pasok bahan baku pangan ambil program strategis nasional hidup ekonomi rakyat tingkat akar rumput untung gelintir rapat koordinasi hadir kelola dapur minggu nanik ingat keras yayasan mitra bukti paksa kepala sppg ambil pasok pasok kena sanksi berat bilang suspend suspendbenar supplier minggu ubah nanik terang tulis tenggat minggu mitra sppg tambah pasok uang catat minimal pasok operasional dapur ancam henti tentu bijak dasar hukum berdasarkanpasal ayat atur presiden pres sppg wajib konstitusional daya laku usaha lokal wajib rangkul pasok koperasi merah putih koperasi desa badan usaha milik desa bumdes laku umkm tani ternak lokal nelayan lokasi dapur nanik variasi pasok spesifik pasok tempe daging ayam telur buah buah asal usaha beda putar uang rata masyarakat salah poin temu hapus hambat administratif produsen tanggap lapor kendala izin usaha daerah nanik lurus atur laku turut pres umkmtidak diwajibkanmemiliki induk usaha nib npwp pribadi pasok bahan pangan program makan pakai nib pakai npwp cv npwp pakai npwp badan gizi nasional rekening transaksi nanik tuju relaksasi atur tani ternak mandiri nelayan tradisional rasa manfaat ekonomi program makan gizi gratis ganjal birokrasi rumit jaga mandiri pangan tingkat daerah tetap skema prioritas serap bahan baku ring wajib ambil tani umkm lokasi dapur sppg ring sedia cari desa camat ring cari camat kabupaten ring pilih ambil kabupaten kabupaten mandiri penuh butuh bahan pangan program pungkas awas ketat transparansi pasok harap program makan gizi gratis motor gerak ekonomi desa inklusif bebas praktik monopoli tur
BGN: Makanan Siap Santap-Paket Sehat Jadi Menu MBG untuk Sasaran 3B - Tribrata News,https://tribratanews.polri.go.id/blog/nasional-3/bgn-makanan-siap-santap-paket-sehat-jadi-menu-mbg-untuk-sasaran-3b-98921,Tribrata News,Netral,0.9998413324356079,Positif,tribratanews polri go id jakarta badan gizi nasional menu makan gizi gratis sasar hamil susu balita non paud makan santap paket sehat sekretaris deputi tata kelola ermia sofiyessi muka frekuensi kirim paket siap tunjuk teknis tuang atur presiden pres tata kelola selenggara program distribusi santap senin kamis kirim santap senin kader damping bawa paket sehat selasa rabu kamis jumat santap hamil susu makan lengkap kandung karbohidrat protein serat lemak angka cukup gizi akg tentu ahli gizi paket sehat minum khusus hamil susu lengkap telur buah anak balita non paud usia paket santap makan lengkap akg paket sehat makan damping asi mpasi buah tekstur sesuai butuh bayi usia baduta sekretaris deputi ermia kepala sppg aktif data hamil susu balita koordinasi puskesmas posyandu lurah data sppg standar gizi imbang porsi kelompok usia kelompok terima jadwal pakat posyandu sepakat kader kader antar rumah ambil hamil susu sesuai jadwal posyandu papar sekretaris deputi ermia wilayah pencil desain skema distribusi sppg distribusi peran kader edukasi terima manfaat terima manfaat sppg lewat kader giat makan peran kader edukasi gizi hamil susu balita sekretaris deputi ermia muka total ribu layan penuh gizi sppg operasi animo masyarakat target sppg daerah aglomerasi daerah pencil tambah terima manfaat guru tenaga didik januari guru tenaga didik terima sekolah musnah barang bukti sabu kg riau
Kemendagri Siapkan Pedoman Teknis Kepala Daerah dalam MBG - Tempo.co,https://www.tempo.co/politik/kemendagri-siapkan-pedoman-teknis-kepala-daerah-dalam-mbg-2116646,Tempo.co,Netral,0.9998722076416016,Netral,menteri negeri final surat edar pedoman teknis kepala daerah jalan program makan gizi gratis wakil menteri negeri bima arya sugiarto tuju cegah tumpang tindih wenang antarkementerian lembaga dorong lintas organisasi perangkat daerah pilih editor buat huni korban banjir sumatera beres lanjut baca berita iklan dinas opd libat dinas sehat lembaga tahan pangan koordinasi bpom kutip rilis kemendagri jumat februari sjafrie temu pensiun tni jelang buruh salah satu atur kuat laik higiene sanitasi slhs sesuai atur perintah pp aman pangan surat edar mendagri fokus slhs detail kuat rantai pasok kemendagri bima dorong opd swasta masyarakat koperasi desa lurah merah putih pasok bahan pangan jaga kualitas kuantitas kontinuitas prabowo cemas gejolak buruh bina peran pemda kuat ekosistem aman pangan data terima manfaat edukasi pantau sehat atur presiden pres tata kelola selenggara program desain fokus sehat daya ekonomi didik aspek sehat bima tekan pantau status gizi anak rutin bima dorong mekanisme teknis pantau sinergi mang penting evaluasi kala pikir mekanisme teknis dinas sehat masuk cek sehat gratis pantau anak anak kemendagri dukung rencana anggar anggar dapat belanja daerah apbd selaras target akomodasi atur nomenklatur subkegiatan kode akun pasti sinkron target tata kelola siklus rencana apbd nya nomenklatur kode akun bima rakor surabaya kamis februari rakor hadir menteri koordinator menko pangan zulkifli hasan kepala menteri sehat budi gunadi sadikin menteri didik dasar tengah mendikdasmen abdul mu ti gubernur jatim khofifah indar parawansa forum koordinasi pimpin daerah forkopimda jatim jumat februari presiden prabowo subianto sasar terima manfaat indonesia ketua partai gerindra terima manfaat tara makan duduk afrika selatan kali singapura kali malaysia prabowo laksana program jalan selamat anak anak bilang hina prabowo pilih editor pramono anung klaim banjir cepat surut maksimal jam
Pegawai SPPG Diangkat PPPK Berpotensi Timbulkan Kecemburuan - SUARANTB.com,https://suarantb.com/2026/01/20/pegawai-sppg-diangkat-pppk-berpotensi-timbulkan-kecemburuan/,SUARANTB.com,Netral,0.9417527318000793,Negatif,mataram suarantb com angkat pegawai layan penuh gizi sppg asn status pppk potensi timbul cemburu guru honorer terakomodir jamin sejahtera regulasi angkat tugas sppg pppk atur atur presiden pres tata kelola selenggara program makan gizi gratis pasal pegawai sppg angkat pegawai perintah janji kerja tentu atur undang undang federasi serikat guru indonesia fsgi ntb sorot perihal angkat tugas sppg pppk ketua fsgi ntb mansur selasa angkat ikut atur pegawai laku atur turun sedia formasi menteri pendayagunaan aparatur negara reformasi birokrasi republik indonesia mansur atur tenaga sppg otomatis pppk kecuali prioritas jabat inti fungsi strategis kepala sppg ahli gizi akuntan personil operasional rawan itu penuh syarat dasar lulus seleksi angkat pppk penuh catat asn perintah pusat badan gizi nasional asn tingkat provinsi kabupaten kota mansur tentu pres buka peluang surat formasi menpan rb atur turun angkat timbul masalah angkat tugas sppg timbang dampak sosial guru honorer daerah timbang angkat tugas sppg pppk timbul cemburu pppk paruh daerah notabene nya pasti sejahtera terang mansur paham publik pppk selesai tenaga honorer kerja timbul tidak adil angkat pppk sppg bentuk sesuai atur rencana seleksi pppk februari kontra produktif bijak perintah mansur harap perintah daerah tuntas agenda hapus honorer sempat penuh syarat abdi proses pppk paruh bijak angkat pw serah pemda pemda benar data honorer ragu masyarakat salah data mansur verfikasi dalam honorer sk honorer sk atur proses transparan terima sejahtera hasil sk standar upah persentase ump sib
"Kepala Daerah Diperbolehkan Masuk Dapur SPPG, Periksa dan Awasi Menu MBG - Jawa Pos",https://www.jawapos.com/nasional/2603050049/kepala-daerah-diperbolehkan-masuk-dapur-sppg-periksa-dan-awasi-menu-mbg,Jawa Pos,Netral,0.9996508359909058,Netral,wakil kepala badan gizi nasional nanik deyang kepala daerah aktif awas program makan gizi gratis istimewa jawapos com wakil kepala badan gizi nasional nanik deyang kepala daerah aktif awas program makan gizi gratis tinjau dapur dapur layan penuh gizi sppg wilayah nanik rapat koordinasi program gedung gradhika bakti praja kompleks kantor gubernur jawa kota semarang selasa menu menu diupload ramadan safari ramadan cek didapurmereka nanik nanik terbit putus presiden keppres tim koordinasi menteri lembaga program kepala daerahmemiliki wenang kuat masuk mengawasidapurmbg turut ada menteri negeri tim koordinasi tegas peran bupati wali kota camat lurah awas program bupati wakil bupati wali kota wakil wali kota komandan daerah camat masuk lurah masuk awas keppres libat menteri lembaga atur atur presiden pres tata kelola selenggara program nanik temu dapur kondisi buruk juknis picu jadi klb resah masyarakat kepala daerahdapat kirim surat relokasi tutup kepala batas tim deputi pantau awas tauwas orang awas ribu dapur indonesia nilai mustahil dukung perintah daerah tambah dapur tingkat kualitas dapur sesi dialog wakil bupati blora sri setyorini dapur instalasi buang air limbah ipal nanik tutup awas kualitas dapur nanik wajib setiapsppguntuk serap bahan pangan tani ternak nelayan umkm lokal tentu cantum pres tetap november tekan guna bahan pangan daerah boleh sedia wilayah pres lokal nggak daerah salah kepala daerah pakai bahan pangan lokal tutup dapur patuh tentu klb rabu maret wib selasa maret wib selasa maret wib persija jakarta gagal juara the jakmania sempat bobotoh menang kuliner malam bandung enak ramai larut malam suasana seru lezat peduli larang jepara the jakmania biasa takut main jakarta persija jamu persib bocor cat seleksi manajer koperasi merah putih kuliner tangerang keluarga makan favorit tradisional modern pesan haru milos raickovic bonek gelandang baya surabaya musim restoran populer surabaya menu lengkap harga variatif mantan kiper baya surabaya buka suara mas galih kondisi ruang ganti psbs biak link umum hasil seleksi administrasi manajer koperasi merah putih umum kuliner lontong balap enak surabaya wajib coba umur hidup
"RAMAI Wacana Pegawai SPPG Bakal Diangkat Jadi PPPK oleh Pemerintah, Tuai Pro dan Kontra Warganet - Tribun Video",https://video.tribunnews.com/news/903621/ramai-wacana-pegawai-sppg-bakal-diangkat-jadi-pppk-oleh-pemerintah-tuai-pro-dan-kontra-warganet,Tribun Video,Netral,0.9998632669448853,Netral,halo profile kirim images logout masuk akun akun daftar akun tribunnews pedoman media siber privacy policy redaksi download aplikasi tribunx appstore playstore download aplikasi berita tribunx play store app store dapat alam tribun video com media sosial instagram ramai bicara kabar pegawai layan penuh gizi sppg angkat pegawai perintah janji kerja pppk respons warganet agam sambut positif bijak adil banding nasib profesi waahh kabar bagus moga apbn tampung aspirasi pegawai sppg angkat asn tulis akun ak ul selasa pegawai sppg angkat pppk emoji sedih gimana guru honorer nih tulis akun instagram awang kepala tegas pegawai sppg angkat pppk gaji terima lantas rencana angkat pegawai sppg pppk kepala badan gizi nasional benar informasi pegawai sppg angkat pppk bijak atur atur presiden tata kelola selenggara program makan gizi gratis pasal pres pegawai sppg angkat pppk tentu atur undang undang angkat laku pegawai sppg kreatif sppg way kandis lampung bagi pakai busana power ranger bikin siswa sd semringah angkat pppk kepala sppg akuntan ahli gizi hubung kompas com selasa proses angkat jadwal februari pegawai angkat ikut nyata lulus seleksi computer assisted test cat cat nya tuntas desember hasil gaji pegawai sppg angkat pppk ikut tentu atur undang undang laku acu atur presiden besar gaji pppk tentu golong kerja golong iii tentu gaji pppk unsur sppg kisar pegawai sppg angkat pppk capai orang sebar indonesia sabang merauke artikel tayang tribun medan com judulresmi pegawai sppg angkat pppk kepala rincikan besar gaji ramai pegawai sppg pppk perintah pro kontra warganet isi komentar sepenuh tanggung guna atur uu ite
"Kabar Gembira, Pegawai SPPG Berpeluang Jadi PNS lewat Perpres MBG 2025 - RMOL JATENG",https://www.rmoljawatengah.id/kabar-gembira-pegawai-sppg-berpeluang-jadi-pns-lewat-perpres-mbg-2025,RMOL JATENG,Netral,0.9998611211776733,Positif,perintah resmi terbit atur presiden pres tata kelola program makan gizi gratis atur bawa angin segar pegawai layan penuh gizi sppg buka peluang angkat pegawai perintah janji kerja pppk pasti cantum pasal pres pegawai sppg angkat pppk tentu atur undang undang status tenaga lapang kerap nilai kuat hukum tingkat laksana respons tenaga sppg bilang agam nauval rifqy ramadhan ahli gizi dapur kedungmundu kota semarang aku sikap terbit pres sikap panduankota daerah datar asa antusias gimana nauval wawancara kamis coba ikut seleksi pppk formasi ahli gizi hasil lolos daftar serta terima nauval peluang pppk pres bawa manfaat praktis pasti jadwal gaji harap stabilitas jadwal gaji cair bulan status pegawai nauval pppk tanggung layan jalan kerja sedia makan konsumsi terima manfaat sppg jalan fungsi layan publik lepas skema pegawai lekat pegawai pppk layan publik nauval pres atur standar menu distribusi tata kelola gizi kuat posisi sppg layan negara bijak harap tingkat lanjut program pasti kerja ribu tenaga gizi kerja dapur daerah berita berita
BGN Cek Jumlah Pemasok Tiap SPPG: Tak Boleh Ada Monopoli oleh Mitra - CNN Indonesia,https://www.cnnindonesia.com/ekonomi/20260224122341-92-1331197/bgn-cek-jumlah-pemasok-tiap-sppg-tak-boleh-ada-monopoli-oleh-mitra,CNN Indonesia,Netral,0.9997640252113342,Netral,badan gizi nasional ecek pasok bahan pangan layan penuh gizi sppg alias dapur makan gizi gratis monopoli pasok mitra yayasan program andal presiden prabowo subianto wakil kepala komunikasi publik investigasi nanik sudaryati deyang bahan baku pangan dapur sppg asal pasok pasok panjang tangan mitra laksana to continue with bahan baku pangan sppg asal tigasuppliersaja apalagisupplieritu panjang tangan mitra sppg nanik rapat koordinasi kepala sppg awas uang awas gizi kota surabaya sidoarjo jawa timur kamis selenggara program daya kelompok tani ternak nelayan koperasi laku usaha mikro tengah umkm dapur pasok bahan pangan nanik tentu rujuk atur presiden pres atur program atur selenggara program prioritas produk negeri libat usaha mikro usaha persero orang koperasi koperasi desa lurah kopdes merah putih badan usaha milik desa bumdesa selenggara prioritas guna produk negeri libat usaha mikro usaha persero orang koperasi koperasi desa lurah merah putih bumdesa nanik kutip pasal ayat pres sppg wajib bahan baku tani ternak nelayan koperasi masyarakat manfaat ekonomi program rasa warga dapur minimal pasok bahan pangan sppg minimal suplierbahan baku pangan penuh butuh rapat kepala sppg aku dapur pasok pasok asai mitra laksana tanggap nanik perintah koordinator wilayah surabaya sidoarjo kece sppg cek sppg sppg jumlahsuplieryang pasok bahan baku monopoli mitra yayasan target lapor pasok bahan pangan sppg terima minggu deputi pantau awas tindak mitra bukti dominasi pasok bahan pangan dominasi mitra suspend nanik
BGN Ingatkan Guru Harus Dapat Makan Bergizi Gratis - Validnews,https://validnews.id/nasional/bgn-ingatkan-guru-harus-dapat-makan-bergizi-gratis,Validnews,Netral,0.9997968077659607,Netral,logo selamat siang logo twitter facebook instagram youtube selasa mei januari wib ingat guru makan gizi gratis guru terima program makan gizi gratis atur atur presiden editor nofanolo zagoto ilustrasi guru foto yusuf nugroho jakarta badan gizi nasional guru terima makan gizi gratis sekolah beri guru wakil kepala nanik sudaryati deyang unjung smk negeri jakarta kamis beri guru tuang atur presiden pres luas terima guru ya tuang pres sekolah jalan ya tenaga didik tenaga bersih sapu tenaga tata usaha tu tegur kepala layan penuh gizi sppg hadir lokasi dilansirantara nanik saran sppg kreatif menu makan utama ikan protein butuh siswa sekolah ikan lele telur minta harga jaga ganti ikan prabowo target jangkau desa nanik smkn jakarta pekan guru minggu tolong ya guru kepala sppg mayor ii jakarta pusat adiwiyata bima saraswata tanggung salur smk negeri jakarta tingkat cakup terima siswa guru tenaga tata usaha tenaga bersih catat bangun sppg sebar indonesia terima manfaat capai orang cakup siswa sekolah hamil susu balita kepala target terima manfaat capai februari bagi on facebook on twitter on linkedin on whatsapp silah login komentarloginataudaftar
"Pegawai SPPG Diusulkan Jadi ASN, Warga Bandingkan dengan Honorer Pemda - bandungraya.net",https://bandungraya.net/article/pegawai-sppg-diusulkan-jadi-asn-warga-bandingkan-dengan-honorer-pemda,bandungraya.net,Netral,0.9998420476913452,Netral,garut br net ramai bincang pegawai laksana layan gizi sppg angkat pegawai perintah janji kerja pppk sekda kabupaten garut nurdin yana wenang penuh perintah pusat ya posisi wenang pusat hal damping pkh program keluarga harap wenang dinas sosial rekrut kapasitas takar sekda nurdin monitoring musrenbang tingkat camat susun rkpd kantor camat leuwigoong jum at nurdin yana rencana angkat pegawai sppg ranah perintah pusat anggar sepenuh tangan perintah pusat beban perintah daerah pusat timbang alokasi anggar penting kembali perintah pusat ya pusat anggar pusat hal pkh terbit atur presiden tata kelola selenggara program makan gizi gratis pres november upaya perintah isi kosong payung hukum makan gizi gratis perhati masyarakat pres atur tentu pegawai libat kenal sppg angkat pppk tentu pasal pres pegawai sppg angkat pppk tentu atur undang undang iring rencana perintah angkat pegawai sppg pppk timbul polemik masyarakat gaji pegawai kelola capai banding pegawai honorer lingkung institusi perintah ribu bulan atuh mending tukang cuci piring gaji gede ijazah didik jay waga jalan gandasari bayongbong garut
"Pemerintah Evaluasi Dampak MBG, Pertumbuhan Anak Akan Diukur - RM.ID",https://rm.id/baca-berita/government-action/298959/pemerintah-evaluasi-dampak-mbg-pertumbuhan-anak-akan-diukur,RM.ID,Netral,0.9998575448989868,Positif,dark light mode government action rm idrakyat merdeka perintah evaluasi dampak program makan gizi gratis tekan tepat data terima manfaat fondasi ukur hasil program tegas menko panganzulkifli hasan rapat koordinasi batas kuat atur presiden tata kelola selenggara kantor kamis ukur makan gizi banding zulhas sapa akrab zulkifli dikutipantara dpr kualitas gizi anak hamil tingkat zulhas terang evaluasi fokus banding kondisi ubah aspek tumbuh fisik terima manfaat evaluasi program potensi cakup dampak luas jangka tengah fungsi otak tingkat kualitas manusia fisik tumbuh tumbuh otak tahun evaluasi zulhas perapihan cocok data lintas menteri lembaga basis data terima manfaat akurat cocok data libat jabat eselon menteri lembaga menteri agama badan duduk keluarga rencana nasional bkkbn menteri sehat menteri didik dasar tengah perintah pacu tumbuh ekonomi capai persen kepala badan gizi nasional hindayanamenegaskan ukur dampak output program laksana lembaga independen ukur lembaga independen contoh program makan gizi jepang bukti dampak ubah indikator fisik masyarakat jangka iring tingkat kualitas gizi lanjut potensi genetik kualitas gizi indonesia sebut indonesia adopsi pola evaluasi dampak program ukur objektif lanjut jangka tengah menlu dewan damai dunia ganti pbb layan penuh gizi sppg catat capai terima manfaat tembus orang perintah kuat akurasi data terima manfaat evaluasi hasil program jamin jalan sasar lanjut dampak ukur tingkat kualitas manusia indonesia update berita artikelrm idmenarik digoogle dapat update berita pilih breaking darirm id mari gabung grup telegram rakyat merdeka update linkhttps me officialrakyatmerdekakemudian join install aplikasi telegram ponsel
"Mulai 2026, MBG Diberikan Pada Bayi 6 Bulan - Validnews",https://validnews.id/nasional/mulai-mbg-diberikan-pada-bayi-bulan,Validnews,Positif,0.6109043955802917,Positif,logo selamat siang logo twitter facebook instagram youtube selasa mei februari wib bayi bayi enam anak usia tulis ananda putri upi mawardi editor leo wisnu susapto anak nikmat makan gizi gratis posyandu dahlia ciracas jakarta jumat antarafoto asprilla dwi adha jakarta anak usia terima makan gizi gratis amanat atur presiden pres tata kelola selenggara program beda balita sasar anak usia juknis tunjuk teknis anak terima sekretaris deputi tata kelola badan gizi nasional ermia sofiyessi rapat koordinasi nasional program bangun keluarga gelar hibrid jakarta jumat lanjut beri balita usia enam tantang usia kritis terima makan bahas bijak berbagaistakeholder ermia kelompok balita hamil susu hidup asupan gizi periode cipta generasi cerdas kuat sehat distribusi paket balita salur kader sehat distribusi rumah terima posyandu titik distribusi sepakat kader sehat kepala layan penuh gizi sppg kader antar edukasi gizi hamil susu balita kadang antar kasih edukasi ermia februari terima kategori balita paud capai anak balita non paud capai anak angka terima tingkat jalan tambah layan penuh gizi sppg terima tambah kelompok masyarakat didik tenaga didik anak sekolah tambah terima manfaat dampak tingkat anggar banding bagi on facebook on twitter on linkedin on whatsapp silah login komentarloginataudaftar
"BGN: Guru Wajib Terima Makan Bergizi Gratis, Sesuai Perpres 115/2025 - Indopolitika.com",https://indopolitika.com/bgn-guru-wajib-terima-makan-bergizi-gratis-sesuai-perpres-115-2025/,Indopolitika.com,Positif,0.9815404415130615,Positif,indopolitika badan gizi nasional guru hak terima programmakan gizi gratis susul temu sekolah salur bantu tenaga didik wakil kepala nanik sudaryati deyang beri guru atur atur presiden pres luas terima tekan bijak wajib jalan kecuali guru tuang pres sekolah tenaga didik tenaga bersih tata usaha terima nanik tegur kepala layan penuh gizi sppg smk negeri jakarta kamis sorot salur nanik dorong sppg inovatif susun menu makan variasi menu protein ikan jaga kualitas gizi siswa kendali harga bahan pangan telur ganti ikan lele protein bagus bantu tekan naik harga nanik unjung smk negeri jakarta pekan guru sebut program arah presiden prabowo subianto jalan konsisten cek minggu pasti guru terima kunjung nanik interaksi salah siswi kelas teknik konstruksi rumah jih menang haru terima semangat siswa giat ajar kepala sppg mayor ii jakarta pusat adiwiyata bima saraswata luas cakup salur siswa guru tenaga tata usaha tenaga bersih sekolah catat bangun sppg daerah indonesia program jangkau terima manfaat siswa sekolah hamil susu balita kepala target terima manfaat tingkat orang februari nul alamat email publikasi ruas wajib tanda
Syarat Pegawai SPPG Diangkat Jadi PPPK Sesuai Perpres 115 Tahun 2025 - netralnews.com,https://www.netralnews.com/syarat-pegawai-sppg-diangkat-jadi-pppk-sesuai-perpres-115-tahun-2025/QjJnYWk2QXB0aW16eU9XQXZIUXVLZz09,netralnews.com,Netral,0.9998089671134949,Netral,gaya hidup
BGN Perluas Sasaran Program MBG untuk Anak Usia 6–59 Bulan - Suara Surabaya,https://www.suarasurabaya.net/kelanakota/2026/bgn-perluas-sasaran-program-mbg-untuk-anak-usia-6-59-bulan/,Suara Surabaya,Netral,0.9996662139892578,Positif,badan gizi nasional luas sasar terima program makan gizi gratis usia tunjuk teknis atur presiden tata kelola selenggara program ermia sofiyessi sekretaris deputi tata kelola tambah batas usia kelompok anak balita laku batas usia kelompok anak balita tambah ikut pres juknis tunjuk teknis anak terima tantang usia kritis anak anak terima makan dilansirantara jumat ermia pedoman distribusi makan edukasi gizi program sasar hamil susu balita keluar mei laksana layan penuh gizi sppg titik kritis beri kelompok hidup usia situasi krusial cipta anak cerdas sehat kuat dulang indonesia emas kamis capai terima manfaat kelompok usia paud anak balita non paud hamil ribu susu tambah terima manfaat jalan tambah sppg ermia kepala sppg aktif data hamil susu balita koordinasi puskesmas posyandu lurah data sppg standar gizi imbang porsi kelompok usia kelompok terima jadwal pakat posyandu sepakat kader kader antar rumah ambil hamil susu sesuai jadwal posyandu wilayah pencil desain skema distribusi sppg distribusi peran kader edukasi terima manfaat terima manfaat sppg lewat kader giat makan peran kader edukasi gizi hamil susu balita pungkas ermia ant ily bil ipg
"32.000 Pegawai Dapur MBG akan Diangkat Jadi PPPK, Cek Syarat & Rincian Gaji - kontan.co.id",https://nasional.kontan.co.id/news/32000-pegawai-dapur-mbg-akan-diangkat-jadi-pppk-cek-syarat-rincian-gaji,kontan.co.id,Netral,0.999871015548706,Positif,reporter adi wikanto editor adi wikanto kontan co id jakarta kabar gembira pegawai laksana program gizi sppg kerja dapur makan gizi gratis pegawai dapur angkat aparatur sipil negara asn status pegawai perintah janji kerja pppk pegawai dapur status pppk pegawai sppg jabat lulus seleksi angkat pppk berita kompas com kepala badan gizi nasional benar informasi pegawai sppg angkat pppk bijak atur atur presiden tata kelola selenggara program pasal pres pegawai sppg angkat pppk tentu atur undang undang kemenhaj imbau jamaah haji berangkat biasa olahraga ringan angkat pppk laku pegawai sppg angkat pppk kepala sppg akuntan ahli gizi hubung kompas com selasa proses angkat jadwal februari pegawai angkat ikut nyata lulus seleksi computer assisted test cat cat nya tuntas desember hasil gaji pegawai sppg angkat pppk ikut tentu atur undang undang laku acu atur presiden besar gaji pppk tentu golong kerja pegawai sppg angkat pppk masuk golong iii tentu gaji pppk unsur sppg kisar pegawai sppg angkat pppk capai orang sebar wilayah indonesia sabang merauke tonton kantor pusat geledah kpk ditjen pajak pasti kooperatif gaji tunjang pppk tentu gaji pppk gaji pppk atur atur presiden pres revisi pres gaji tunjang pegawai perintah janji kerja pppk besar gaji pppk tentu golong kerja rincian lengkap gaji pppk defisit apbn prediksi dampak rupiah gaji pppk oleh tunjang tunjang pppk artikel sumber https www kompas com tren read benar pegawai sppg angkat pppk cek berita artikel digoogle
"Termasuk guru dan anak putus sekolah, kini jangkauan program MBG diperluas - berita prioritas",https://beritaprioritas.com/termasuk-guru-dan-anak-putus-sekolah-kini-jangkauan-program-mbg-diperluas/,berita prioritas,Netral,0.9998362064361572,Positif,prioritas jakarta jangkau program makan gizi gratis luas siswa aktif sekolah cakup anak usia sekolah putus sekolah luas atur atur presiden pres tuju program penuh gizi sentuh kelompok rentan jangkau sistempendidikanformal kepala kantor layan penuh gizi kppg sleman harsono budi waluyo pres baru signifikan ubah cakup sasar pres atur luas terima manfaat serta didik smp sma hamil susu balita luas harsono konfirmasi senin lansir darikompas com salah luas krusial masuk anak anak sekolah sekolah usia sekolah anak dulunya sekolah sekolah nomenklatur bahas anak jalan pas skema salur kelompok siap kepala layan penuh gizi sppg wilayah wajib inventarisasi kumpul anak anak shelter distribusi shelter jalan harap ganggu tertib lintas aktivitas masyarakat pres luas terima tenagapendidikdan didik lingkung sekolah lansia harsono aku terap luas tahap kendala data catat terima manfaat data data masuk layan tambah dorong layan kelompok rapat internal badan gizi nasional harsono sebut jalan lancar sppg kendala uang muka skema talang am
"BGN Tegaskan Guru Wajib Terima MBG di 2026, demi Pemenuhan Gizi Optimal - Media Indonesia",https://mediaindonesia.com/humaniora/847907/bgn-tegaskan-guru-wajib-terima-mbg-di-2026-demi-pemenuhan-gizi-optimal,Media Indonesia,Netral,0.999643087387085,Positif,keras seksual lembaga didik toleransi program makan gizi gratis resmi luncur sekolah sekolah badan gizi nasional guru sekolah salur makan tenaga didik didik wakil kepala nanik sudaryati deyang tinjau smk negeri jakarta kamis pemberianmbg gurutelah atur atur presiden pres perluasanpenerima guru ya tuang pres guru sekolah jalan ya tenaga didik tenaga bersih sapu tenaga tata usaha tu nanik tegur kepala layan penuh gizi sppg hadir lokasi serangga menu sesuai potensi daerah nanik dorong sppg kreatif saji menu sedia ikan kaya protein siswa ikan lele telur minta harga jaga ganti ikan didik nanik smk negeri jakarta pekan guru terima perintah presiden prabowo subianto tambah triliun cepat capai terima minggu tolong ya guru sisi bincang siswa kelas teknik konstruksi rumah tkp jih nanik siswa menang haru terima semangat sekolah ya nanik usap bahu siswi kepala sppg mayor ii jakarta pusat adiwiyata bima saraswata awas distribusi smk negeri jakarta cakup luas siswa guru tenaga tata usaha tenaga bersih catat bangun sppg indonesia terima manfaat orang siswa hamil susu balita kepala target terima manfaat tingkat februari ant rawan rawan duduk diskus bahas bentuk giat program makan gizi gratis sasar tingkat kualitas manusia dampak signifikan gerak ekonomi daerah data cakup ratus kabupaten kota fokus intervensi acu data menteri sehat kemenkes april sppg kantong slhs menkeu purbaya yudhi sadewa konfirmasi henti beli motor listrik program sppg miskomunikasi ada presiden prabowo subianto instruksi dapur dapur layan penuh gizi sppg tunjuk teknis juknis tertib program makan gizi gratis nilai salah dorong tumbuh ekonomi indonesia triwulan rawan rawan duduk diskus bahas bentuk giat dapur unhas nilai laboratorium hidup integrasi riset kampus program gizi nasional potensi model nasional program makan gizi kuat usul bentuk tim independen tata kelola evaluasi optimal komitmen asosiasi usaha kelola dapur makan gizi gratis indonesia appmbgi kelola limbah dapur inovatif nila ekonomi presiden prabowo subianto program makan gizi gratis jangkau puluh orang sorot dunia internasional copyright media group mediaindonesia all rights reserved
"Petugas SPPG di Jabar Bisa Jadi PPPK, Pemprov Tunggu Arahan Pusat - IDN Times Jabar",https://jabar.idntimes.com/news/jawa-barat/petugas-sppg-di-jabar-bisa-jadi-pppk-pemprov-tunggu-arahan-pusat-00-nqtvm-4jv8vl,IDN Times Jabar,Netral,0.9998737573623657,Netral,pegawai sppg jabar peluang pppk pres catat pegawai perintah pusat provinsi kabupaten kota menteri menpan rb terbit atur turun seleksi angkat pppk pegawai sppg bandung idn times badan pegawai daerah bkd jawa baratturut angkat bicara pegawai layan penuh gizi sppg peluang pegawai perintah janji kerja pppk atur pegawai sppg pppk cantum atur presiden pres tata kelola selenggara program makan gizi gratis pasal kepala bkd jawa barat dedi supandi perintah provinsi tunggu atur turun kait menpan rb hemat kait posisi ya tunggu atur sedia surat formasi menpan rb dedi selasa pegawai sppg peluang pppk dedi catat pegawai perintah pusat perintah provinsi kabupaten kota pegawai sppg terima gaji upah badan gizi nasional dana apbn apbd provinsi kabupaten kota pppk daerah tugas daerah badan gizi nasional pegawai sppg pegawai provinsi kabupaten kota dedi menteri menpan rb terbit atur turun pres pasal atur angkat pegawai sppg pppk seleksi penuh formasi angkat pppk tahap seleksi realisasi usul formasi menpan rb pasal pres tata kelola selenggara program kepala sppg ahli gizi akuntan angkat pppk honor jamin perintah pusat pegawai sppg angkat pegawai perintah janji kerja tentu atur undang undang tulis atur
"Guru dan Tenaga Pendidik jadi Penerima MBG Mulai 2026, Resmi! - Bisnis.com",https://kabar24.bisnis.com/read/20260108/243/1942703/guru-dan-tenaga-pendidik-jadi-penerima-mbg-mulai-2026-resmi,Bisnis.com,Netral,0.9959161877632141,Positif,bisnis com jakarta program makan gizi gratis pasuk babak sasar siswa perintah bahwagurudan tenaga didik terima manfaat program bijak komitmen negara luas jangkau kualitas didik sehat lingkung sekolah tegas wakil kepala badan gizi nasional nanik sudaryati deyang unjung smk negeri jakarta kamis kunjung nanik tekan beri guru tenaga didik dasar hukum guru ya tuang pres sekolah jalan ya tenaga didik tenaga bersih sapu tenaga tata usaha tu tegur kepala layan penuh gizi sppg hadir lokasi bijak tuang atur presiden pres luas terima regulasi cakup terima manfaat batas serta didik cakup ekosistem sekolah peran proses didik masuk guru tenaga didik terima nilai strategis guru tenaga didik aktivitas sekolah sentuh program bantu pangan gizi kondisi ubah kecuali bijak guru tenaga tata usaha tugas bersih lingkung sekolah hak terima upaya perintah cipta lingkung sekolah sehat produktif sempat nanik perhati variasi menu dorong sppg kreatif susun menu makan gizi sedia protein ikan lele telur minta harga jaga ganti ikan turut diversifikasi menu penuh butuh gizi peran jaga stabilitas harga pangan pasar kepala sppg mayor ii jakarta pusat adiwiyata bima saraswata tanggung salur smk negeri jakarta kesiap luas cakup terima manfaat fokus siswa jangkau guru tenaga tata usaha tenaga bersih tentu laku sesuai distribusi porsi jalan optimal sesuai tingkat layan bijak nasional terap rata sekolah catat capai signifikan bangun infrastruktur dukung sppg bangun sebar wilayah indonesia ada sppg tulang punggung distribusi makan gizi terima manfaat total terima capai orang kelompok terima cakup siswa sekolah hamil susu balita angka program jalan masif salah program gizi besar indonesia kepala target luas terima manfaat signifikan target terima manfaat capai februari iring masuk guru tenaga didik kelompok terima beri guru tenaga didik perintah harap cipta ekosistem sekolah sehat imbang asupan gizi pada nilai kerja tenaga didik tingkat kualitas ajar bijak harap kuat adil lingkung sekolah warga sekolah manfaat semangat sama produktivitas yakin tingkat tanda transformasi program gizi nasional batas kelompok hadir program inklusif sentuh unsur didik siswa tenaga dukung sekolah dasar hukum kuat dukung infrastruktur sppg target terima luas program harap dampak jangka tingkat kualitas manusia indonesia
"Pegawai SPPG Berpeluang Jadi PPPK, BKD Jawa Barat Beri Penjelasan - Harapan Rakyat",https://www.harapanrakyat.com/2026/01/pegawai-sppg-berpeluang-jadi-pppk-bkd-jawa-barat-beri-penjelasan/,Harapan Rakyat,Netral,0.9998788833618164,Netral,peluang pegawai sppg pppk tuang pres program makan gizi gratis bkd jawa barat sebut status angkat tunggu atur turun menteri pan rb usul formasi badan gizi nasional harapanrakyat com badan pegawai daerah bkd jawa barat jelas pegawai layan penuh gizi sppg peluang pegawaipemerintahdengan janji kerja pppk latih fc dallas maarten paes tepis rumor persib bandung peluang pegawai sppg menjadipegawai pppkitu cantum atur presiden pres tata kelola selenggara program makan gizi gratis pasal kepala bkd jawa barat dedi supandi mekanisme angkat aparatur sipil negara asn rujuk atur menpan rb peluang angkat pegawai sppg pppk pres pasal tunggu atur turun hemat kait posisi ya tunggu atur sedia surat formasi menpan rb dedi selasa pegawai sppg peluang pppk dedi sebut catat asn perintah pusat perintah provinsi kabupaten kota pegawai sppg terima gaji upah badan gizi nasional dana apbn apbd provinsi kabupaten kota daerah tugas daerah badan gizi nasional pegawai sppg pegawai provinsi kabupaten kota komisi dprd jawa barat ngaku rencana bangun sekolah maung menteri menpan rb terbit atur turun pres seleksi penuh formasi pasal atur angkat pegawai sppg pppk angkat pppk tahap seleksi realisasi usul formasi kekemenpan rb informasi bunyi pasal pres tata kelola selenggara program pegawai sppg angkat pegawai perintah janji kerja tentu atur undang undang reza hr online
"Dapur MBG Dilarang Tolak Pasokan UMKM hingga Petani, Ini Sanksinya - detikFinance",https://finance.detik.com/berita-ekonomi-bisnis/d-8328604/dapur-mbg-dilarang-tolak-pasokan-umkm-hingga-petani-ini-sanksinya,detikFinance,Netral,0.9978212118148804,Netral,badan gizi nasional layan penuh gizi sppg larang tolak pasok bahan pangan umkm tani ternak nelayan lokal program makan gizi gratis tahu langgar sppg tindak wakil kepala nanik deyang sppg tolak produk umkm hasil tani terna ikan bawa tani ternak nelayan sppg semena mena rangkul bina arah pasok dapur to continue with pasal ayat atur presiden pres selenggara prioritas guna produk negeri libat usaha mikro usaha persero orang koperasi koperasi desa lurah merah putih bumdesa nanik terang tulis selasa perintah wajib sppg terima produk umkm tani ternak nelayan gerak ekonomi rakyat presiden prabowo subianto tekan rancang program ya kepala sppg mitra tolak produk tani ternak nelayan semena mena terang nanik sppg mitra tahu tolak produk umkm tani ternak nelayan utama supplier monopoli pasok bahan pangan masuk sppg nanik ancam tindak suspend lawan atur presiden nanik nanik sppg akomodasi bina umkm tani ternak nelayan pasok bahan pangan dapur kualitas mitra laksana program nurani bisnis oriented nanik pasal ayat atur presiden pres selenggara prioritas guna produk negeri libat usaha mikro usaha persero orang koperasi koperasi desa lurah merah putih bumdesa nanik terang selasa simak video kaget kakek surabaya rumah dapur gambas video detik
Ini Kriteria Pegawai SPPG MBG yang Diangkat Jadi PPPK BGN 2026 - Kompas.tv,https://www.kompas.tv/nasional/643829/ini-kriteria-pegawai-sppg-mbg-yang-diangkat-jadi-pppk-bgn-2026,Kompas.tv,Netral,0.9998724460601807,Netral,jakarta kompas tv pegawai layan penuh gizi sppg program makan gizi gratis angkat pegawai perintah janji kerja pppk angkat pegawaisppg mbgjadi pppk atur atur presiden tata kelola selenggara program makan gizi gratis pasal pres pegawai sppg angkat pppk tentu atur undang undang kendati badan gizi nasional pegawai rawan sppg angkat pppk sppg grobogan racun tim pusat laku investigasi wakil kepala nanik deyang pegawai sppg konteks pppk jabat inti fungsi teknis administratif strategis kepala sppg ahli gizi akuntan rawan masuk skema angkat pppk ucapnanik deyang selasa kutip dariantara nanik klarifikasi timbul ekspektasi keliru masyarakat kalang rawan peran aktif program lapang kemenkes investigasi dapur sppg buntut duga racun mojokerto kompas siang nanik tekan rawan ekosistem program status sifat partisipatif non asn desain bijak tempat rawan gerak sosial aparatur negara peran rawan krusial hasil program regulasi kategori pegawai angkat pppk rancang program inklusif lanjut gabung channel whatsapp kompastv update berita baru percaya
Pegawai SPPG akan Diangkat Menjadi PPPK - RRI.co.id,https://rri.co.id/jambi/makan-bergizi-gratis/2105923/pegawai-sppg-akan-diangkat-menjadi-pppk,RRI.co.id,Netral,0.9998674392700195,Positif,rri co id jambi kepala badan gizi nasional benar pegawai sppg program makan gizi gratis angkat pegawai perintah janji kerja pppk bijak atur atur presiden tata kelola selenggara program makan gizi gratis pasal pres pegawai sppg angkat pppk tentu atur undang undang pegawai sppg angkat angkat pppk kepala sppg akuntan ahli gizi angkat jadwal februari pegawai angkat ikut nyata lulus seleksi computer assisted test cat cat nya tuntas desember hasil gaji pegawai sppg angkat pppk ikut tentu atur undang undang laku acu pres besar gaji pppk tentu golong kerja golong iii besar gaji pppk unsur sppg kisar bulan kepala pegawai sppg angkat pppk capai orang sebar wilayah indonesia sabang merauke muat berita
"BGN Larang SPPG Tolak Produk UMKM, Petani, dan Peternak Kecil - JPNN.com Jatim",https://jatim.jpnn.com/jatim-terkini/42922/bgn-larang-sppg-tolak-produk-umkm-petani-dan-peternak-kecil,JPNN.com Jatim,Positif,0.9992449283599854,Positif,jatim jpnn com bondowoso laksana layan gizi sppg larang tolak produk umkm tani ternak nelayan pasok butuh dapur program makan gizi gratis wakil kepala badan gizi nasional komunikasi publik investigasi nanik sudaryati deyang sppg wajib rangkul bina pasok pasal ayat atur presiden pres selenggara prioritas guna produk negeri libat usaha mikro usaha persero orang koperasi koperasi desa lurah merah putih bumdesa nanik bondowoso senin tegas giat koordinasi evaluasi sppg kabupaten bondowoso situbondo forkopimda yayasan mitra kepala sppg nanik presiden prabowo subianto rancang program gerak ekonomi rakyat sppg wajib buka akses luas luas laku usaha produsen pangan lokal tolak produk tani ternak nelayan semena mena rangkul singkir nanik sanksi sppg mitra pilih pasok monopoli pasok bahan pangan tahu tolak umkm utama supplier suspend lawan atur presiden sila konten tarik jpnn com jatim digoogle
Kepala Daerah Diminta Awasi Dapur MBG - Kempalan.com,https://kempalan.com/2026/03/06/kepala-daerah-diminta-awasi-dapur-mbg/,Kempalan.com,Netral,0.9998528957366943,Netral,semarang kempal wakil kepala badan gizi nasional nanik sudaryati deyang kepala daerah awas menu makan gizi gratis layan penuh gizi sppg wilayah tentu gizi bujet nanik kepala daerah tinjau dapur dapur menu menu upload ramadhan safari ramadhan cek dapur nanik rapat koordinasi program laksana gedung gradhika bakti praja kompleks kantor gubernur jawa kota semarang jawa selasa nanik putus presiden keppres tim koordinasi menteri lembaga program undang kepala daerah masuk dapur awas dapur dapur salah anggota tim koordinasi menteri negeri bupati wakil bupati walikota wakil walikota komandan daerah camat masuk awas lurah masuk menteri lembaga masuk tuang keppres jalan libat menteri lembaga nanin masuk cakup keppres menteri lembaga masuk cakup atur presiden pres tata kelola selenggara program ada pimpin daerah kuat bantu laksana program menu lingkung dapur bangun juknis dapur demo masyarakat bangun kawasan rumah nanik jabat ketua hari tim koordinasi menteri lembaga program kepala daerah lewat bangun sppg keppres kepala daerah libat program cepat awas tim deputi pantau awas tauwas orang awas ribu dapur sabang merauke sempurna kepala daerah awas dapur kondisi dapur buruk timbul klb resah masyarakat kepala daerah kirim surat kepala rekomendasi relokasi tutup dapur kepala badan tambah dapur tingkat kualitas dapur nanik rapat nanik bupati walikota arah wakil kepala komunikasi publik investigasi bupati walikota nanik keppres kepala daerah dirigen program daerah nanik sila kepala daerah arah awas rekomendasi tutup dapur dapur masalah lengkap sarana prasarana juknis ipal instalasi buang air limbah bu wakil bupati bupati blora sri setyorini tutup nanik dapur nggak ipal wakil bupati blora tutup tutup wakil kepala okeee siaaappp terima kasih arah wakil bupati blora nanik layan penuh gizi sppg wajib serap bahan pangan hasil tani ternak nelayan umkm usaha mikro tengah lokal perintah kabupaten kota wajib dorong pakai bahan pangan daerah wajib sppg serap bahan pangan lokal wajib perintah daerah dorong pakai bahan pangan daerah pres pres tetap november pres lokal nggakboleh daerah disalahanin kepala daerah loh pakai bahan pangan lokal nanik tindak tutup sppg terima bahan pangan tani ternak nelayan umkm lokal tutup nggak pakai bahan pangan lokal nutup dapur ininggakhanya perkara klb nggakpakai bahan pangan lokal tutup sppg nanik utama bahan pangan tani ternak nelayan umkm lokal dapur dapur bahan baku pangan ambil camat camat bahan baku pangan ambil camat kabupaten kabupaten bahan baku pangan butuh kabupaten sedia telur ayam baru sppg ambil telur daging ayam kabupaten kabupaten terna ayam nggak mantan jurnalis senior lapor bupati walikota sppg serap bahan pangan produksi umkm lokal nanik tindak langsungsuspend tutup lapor doni direktur wilayah ii deputi pantau awas turun tutup buka dapur tutup dapur kerja
"BGN: Semua Guru, Tenaga Kebersihan hingga Staf TU Harus Dapat MBG pada 2026 - Liputan6.com",https://www.liputan6.com/news/read/6252989/bgn-semua-guru-tenaga-kebersihan-hingga-staf-tu-harus-dapat-mbg-pada-2026,Liputan6.com,Netral,0.9992665648460388,Positif,liput com jakarta badan gizi nasional mengingatkanguruharus mendapatkanmakan gizi gratis sekolah beri wakil kepala nanik sudaryati deyang beri guru tuang atur presiden pres luas terima guru ya tuang pres sekolah jalan ya tenaga didik tenaga bersih sapu tenaga tata usaha tu tegur kepala layan penuh gizi sppg smk negeri jakarta kamis nanik saran sppg kreatif menu makan utama ikan protein butuh siswa sekolah ikan lele telur minta harga jaga ganti ikan nanik smkn jakarta pekan ecek guru perintah presiden prabowo subianto minggu tolong ya guru interaksi salah siswa kelas teknik konstruksi rumah tkp jih nanik dapat siswa menang haru semangat sekolah ya nanik sembari usap bahu siswi kepala sppg mayor ii jakarta pusat adiwiyata bima saraswata tanggung salur smk negeri jakarta tingkat cakup terima siswa guru tenaga tata usaha tenaga bersih catat bangun sppg sebar indonesia terima manfaat capai orang cakup siswa sekolah hamil susu balita kepala target terima manfaat capai februari
Ketika Ahli Gizi dan Akuntan MBG Lebih Prioritas daripada Guru Honorer - INAnews,https://www.inanews.co.id/2026/01/ketika-ahli-gizi-dan-akuntan-mbg-lebih-prioritas-daripada-guru-honorer/,INAnews,Negatif,0.9983720183372498,Negatif,politik besar foto ikrar nusa bhakti tangkap layar inanews co id jakarta teliti senior ikrar nusa bhakti kritik keras bijak angkat pegawai perintah janji kerja pppk nilai eksklusif badan gizi nasional ahli gizi akuntan program makan gizi gratis angkat pppk ribu guru honorer abdi tunggu angkat kritik ikrar kanal youtube nya unggah rabu sorot pasal atur presiden tata kelola selenggara program makan gizi gratis muat tentu angkat pppk pasal kontroversial kalimat mantan pegawai negeri sipil substansi pasal kalimat baris keti pegawai sppg layan penuh gizi angkat pppk tentu atur undang undang atur undang undang pegawai acu pres atur presiden jelas ikrar aneh sekian pasal pres pasal atur pegawai jelas sebut undang undang rujuk transparansi uji ikrar jabat duta tunisia transparansi proses angkat pppk desember tuntut jelas uji uji calon pns nilai nilai on time komputer transparan banding ikrar cerita alam uji pns uji tulis lembar lembar cakup tahu pancasila bahasa inggris era reformasi calon pns lewat uji matematika passing grade tahap wawancara timpang guru honorer kritik tajam lontar ikrar timpang laku pegawai program guru honorer honor pegawai sppg banding guru guru honorer abdi angkat pppk guru guru honorer tangan prabowo jalan program duduk jabat ahli gizi akuntan angkat pppk kritik gaji guru honorer ikrar penuh standar sesuai upah minimum provinsi kabupaten kota koordinasi menteri ikrar atur pegawai rujuk menteri atur reformasi birokrasi pegawai indonesia menteri pendayagunaan aparatur negara reformasi birokrasi panrb badan pegawai negara bkn menteri badan negara atur pegawai khusus badan gizi nasional pres pasal eksklusif khawatir program lanjut teliti senior sorot langsung program turut lanjut periode presiden banyak kritik tajam program program prabowo tahun angkat pppk angkat pppk menteri badan negara ingat bangladesh ikrar jadi bangladesh perdana menteri sheikh hasina putus angkat pns otomatis anak anak pahlawan bijak picu ronta rakyat ujung jatuh perintah indonesia bangladesh bicara bijak presiden prabowo anak muda indonesia sulit kerja bangga hormat dapat tuntut transparansi tutup kritik ikrar atur presiden atur perintah sifat transparan beda beda jalan perintah presiden makan gizi gratis posisi banding guru guru dosen dosen status honorer pungkas berita turun tanggap resmi badan gizi nasional perintah kritik alamat email publikasi ruas wajib tanda mei wib mei wib mei wib
